,date,nb_event,Proton Events,Geomagnetic Activity Summary,10cm,SSN,Afr,Ap,Xray Bg,Proton Fluence (GT1MeV),Proton Fluence (GT10MeV),Electron Fluence (GT2MeV),K index Boulder,K index Planetary,Comments
2020-01-01,2020-01-01,1,None,Quiet,071,000,004,003,<A1.0,2.9e+05,4.4e+04,4.90e+06,1.375,0.75,None
2020-01-02,2020-01-02,1,None,Quiet,072,000,???,002,<A1.0,3.2e+05,4.5e+04,4.00e+06,1.125,0.5,None
2020-01-03,2020-01-03,1,None.,The geomagnetic field was quiet.,072,013,002,002,<A1.0,2.4e+05,4.5e+04,3.70e+06,0.75,0.25,None.
2020-01-04,2020-01-04,1,None.,The geomagnetic field was quiet.,071,013,006,004,A1.1,1.0e+06,4.5e+04,4.00e+06,1.5,1.0,None.
2020-01-05,2020-01-05,1,None.,The geomagnetic field was quiet.,072,011,005,005,<A1.0,2.4e+05,4.5e+04,3.40e+06,1.375,0.875,None.
2020-01-06,2020-01-06,1,None.,The geomagnetic field was quiet to active.,072,011,007,007,<A1.0,1.8e+06,4.5e+04,5.90e+06,1.75,1.625,None.
2020-01-07,2020-01-07,1,None,Quiet to Active,071,011,009,007,A1.0,1.3e+05,4.4e+04,4.40e+06,1.875,1.25,None
2020-01-08,2020-01-08,1,None,Quiet,072,000,004,003,<A1.0,2.0e+05,4.5e+04,4.40e+06,1.25,0.75,None
2020-01-09,2020-01-09,1,None,Levels were quiet.,074,000,004,004,<A1.0,9.4e+04,4.5e+04,4.30e+06,1.375,0.875,None
2020-01-10,2020-01-10,1,None,Quiet to Unsettled,074,014,008,008,A1.3,5.4e+05,4.5e+04,7.30e+06,2.5,2.0,None
2020-01-11,2020-01-11,1,None,Quiet to Unsettled,073,011,006,005,A1.0,8.7e+04,4.5e+04,1.30e+07,1.5,1.375,None
2020-01-12,2020-01-12,1,None,Quiet to Unsettled,074,000,004,005,<A1.0,7.7e+04,4.6e+04,2.60e+07,1.75,1.0,None
2020-01-13,2020-01-13,1,None,Quiet,072,000,002,001,<A1.0,5.6e+04,4.6e+04,2.20e+07,0.875,0.25,None
2020-01-14,2020-01-14,1,None,The geomagnetic field was quiet.,072,000,002,002,<A1.0,9.1e+04,4.6e+04,3.50e+07,0.75,0.25,None
2020-01-15,2020-01-15,1,None,The geomagnetic field was quiet.,072,000,002,001,<A1.0,7.2e+04,4.5e+04,2.20e+07,0.5,0.25,None
2020-01-16,2020-01-16,1,None,The geomagnetic field was quiet.,071,000,002,002,<A1.0,2.5e+05,4.5e+04,1.80e+07,1.125,0.375,None
2020-01-17,2020-01-17,1,None,The geomagnetic field was quiet to unsettled.,072,000,004,003,<A1.0,1.3e+05,4.5e+04,5.70e+06,1.25,0.5,None
2020-01-18,2020-01-18,1,None,Quiet,070,000,002,002,<A1.0,3.2e+05,4.6e+04,4.90e+06,0.5,0.375,None
2020-01-19,2020-01-19,1,None,Quiet,071,000,003,003,<A1.0,2.6e+05,4.6e+04,5.20e+06,0.625,0.75,None
2020-01-20,2020-01-20,1,None,Quiet,072,000,002,002,<A1.0,1.5e+05,4.6e+04,4.50e+06,0.625,0.625,None
2020-01-21,2020-01-21,1,None,The geomagnetic field was quiet.,071,000,002,001,<A1.0,1.4e+05,4.6e+04,4.20e+06,0.375,0.125,None
2020-01-22,2020-01-22,1,None,The geomagnetic field was quiet to unsettled.,071,000,004,005,<A1.0,5.7e+05,4.6e+04,4.20e+06,1.125,1.125,None
2020-01-23,2020-01-23,1,None,The geomagnetic field was quiet.,072,000,004,004,<A1.0,1.6e+05,4.5e+04,3.80e+06,1.375,0.875,None
2020-01-24,2020-01-24,1,None,Quiet,071,000,003,002,<A1.0,7.6e+04,4.5e+04,3.40e+06,1.125,0.5,None
2020-01-25,2020-01-25,1,None,Quiet,071,012,001,001,<A1.0,8.2e+04,4.5e+04,3.60e+06,0.75,0.125,None
2020-01-26,2020-01-26,1,None,Quiet,073,014,003,001,<A1.0,1.2e+05,4.6e+04,3.80e+06,1.0,0.25,None
2020-01-27,2020-01-27,1,None,Quiet,075,018,002,002,A1.4,2.3e+05,4.5e+04,3.70e+06,0.875,0.375,None
2020-01-28,2020-01-28,1,None,The goemagnetic field was quiet.,073,012,002,002,A1.3,1.1e+05,4.6e+04,4.30e+06,1.0,0.375,None
2020-01-29,2020-01-29,1,None,"The geomagnetic field was quiet throughout most of the period until just after 28/2115 UTC, when activity reached unsettled levels.",074,011,004,003,A1.3,2.9e+05,4.5e+04,4.10e+06,0.875,0.625,None
2020-01-30,2020-01-30,1,None,The geomagnetic field was quiet to unsettled.,074,011,006,008,A1.1,7.9e+04,4.5e+04,3.90e+06,2.125,1.375,None
2020-01-31,2020-01-31,1,None.,The geomagnetic field was quiet with an isolated active period during the 15-18 UTC synoptic period.,074,011,009,008,A1.2,2.6e+05,4.5e+04,3.70e+06,2.125,2.0,None
2020-02-01,2020-02-01,1,None.,The geomagnetic field reached active levels.,074,011,006,006,A1.4,8.6e+04,4.5e+04,1.10e+07,1.625,1.5,None.
2020-02-02,2020-02-02,1,None.,The geomagnetic field was quiet.,073,011,004,003,A1.1,1.0e+05,4.5e+04,1.50e+07,1.125,0.875,None.
2020-02-03,2020-02-03,1,None.,The geomagnetic field was quiet.,072,000,004,005,<A1.0,7.5e+04,4.5e+04,9.20e+06,1.375,1.125,None.
2020-02-04,2020-02-04,1,None,The geomagnetic field was quiet.,072,000,003,003,<A1.0,7.7e+04,4.5e+04,1.10e+07,1.375,0.875,None
2020-02-05,2020-02-05,1,None,Field conditions were at quiet levels.,070,000,005,005,<A1.0,2.2e+05,4.5e+04,1.40e+07,1.625,1.5,None
2020-02-06,2020-02-06,1,None,The geomagnetic field was quiet.,071,000,004,004,<A1.0,5.8e+04,4.5e+04,7.50e+06,1.25,1.0,None
2020-02-07,2020-02-07,1,None.,The geomagnetic field reached minor storm levels in response to influence from a negative polarity coronal hole.,071,000,013,014,<A1.0,5.8e+05,4.5e+04,4.60e+06,3.0,2.625,None.
2020-02-08,2020-02-08,1,None.,The geomagnetic field was unsettled.,071,000,011,011,<A1.0,3.4e+05,4.5e+04,3.20e+07,2.75,2.5,None.
2020-02-09,2020-02-09,1,None.,The geomagnetic field was unsettled.,072,000,004,004,<A1.0,6.6e+04,4.5e+04,6.90e+07,1.375,1.125,None.
2020-02-10,2020-02-10,1,None.,The geomagnetic field was quiet.,071,000,005,004,<A1.0,6.0e+04,4.6e+04,9.20e+07,1.5,1.0,None.
2020-02-11,2020-02-11,1,None.,The geomagnetic field was quiet.,070,000,004,003,<A1.0,1.0e+05,4.6e+04,1.20e+08,1.625,0.875,None
2020-02-12,2020-02-12,1,None.,"The geomagnetic filed was mostly quiet, with an isolated unsettled period.",071,000,006,004,<A1.0,1.3e+05,4.6e+04,5.60e+07,1.125,1.0,None
2020-02-13,2020-02-13,1,None.,The geomagnetic field was quiet.,072,000,004,003,<A1.0,1.5e+05,4.6e+04,2.90e+07,1.25,0.625,None
2020-02-14,2020-02-14,1,None.,The geomagnetic field was quiet.,071,000,001,002,<A1.0,1.7e+05,4.7e+04,3.00e+07,0.75,0.375,None
2020-02-15,2020-02-15,1,None.,The geomagnetic field was quiet.,071,000,003,002,<A1.0,4.3e+05,4.6e+04,3.40e+07,0.75,0.25,None.
2020-02-16,2020-02-16,1,None.,The geomagnetic field was quiet.,071,000,004,004,<A1.0,5.4e+05,4.6e+04,3.00e+07,1.375,0.625,None.
2020-02-17,2020-02-17,1,None.,The geomagnetic field was quiet.,071,000,002,003,<A1.0,2.3e+05,4.7e+04,1.00e+07,1.0,0.75,None.
2020-02-18,2020-02-18,1,None,"The geomagnetic field was quiet to unsettled, with an isolated active period.",071,000,005,007,<A1.0,3.9e+05,4.7e+04,8.40e+06,1.5,1.5,None
2020-02-19,2020-02-19,1,None.,The geomagnetic field was quiet to unsettled with an isolated active period.,071,000,011,011,<A1.0,2.3e+06,4.6e+04,1.80e+06,2.375,2.375,None
2020-02-20,2020-02-20,1,None.,The geomagnetic field quiet to unsettled with an isolated active period.,071,000,010,011,<A1.0,7.3e+04,4.5e+04,7.20e+06,2.5,2.125,None
2020-02-21,2020-02-21,1,None.,The geomagnetic field was quiet to unsettled.,071,000,005,006,<A1.0,8.9e+04,4.5e+04,4.10e+07,1.875,1.625,None.
2020-02-22,2020-02-22,1,None.,The geomagnetic field was quiet to unsettled.,071,000,010,008,<A1.0,1.2e+05,4.5e+04,6.30e+07,2.5,1.375,None.
2020-02-23,2020-02-23,1,None.,The geomagnetic field was quiet.,072,000,007,006,<A1.0,5.9e+04,4.6e+04,7.90e+07,2.0,1.625,None.
2020-02-24,2020-02-24,1,None.,The geomagnetic field was quiet.,070,000,004,003,<A1.0,5.8e+04,4.6e+04,1.40e+08,1.125,0.75,None.
2020-02-25,2020-02-25,1,None,The geomagnetic field was quiet.,070,000,003,002,<A1.0,5.5e+04,4.7e+04,3.10e+07,0.75,0.5,None
2020-02-26,2020-02-26,1,None,The geomagnetic field was quiet.,071,000,003,002,<A1.0,5.4e+04,4.6e+04,3.80e+07,0.75,0.5,None
2020-02-27,2020-02-27,1,None,The geomagnetic field was quiet.,070,000,003,002,<A1.0,9.3e+04,4.6e+04,5.90e+07,0.875,0.625,None
2020-02-28,2020-02-28,1,None,The geomagnetic field was quiet.,071,000,002,002,<A1.0,6.8e+04,4.6e+04,2.00e+07,1.0,0.375,None
2020-02-29,2020-02-29,1,None.,The geomagnetic field was quiet.,071,000,004,004,<A1.0,1.3e+05,4.6e+04,3.20e+07,1.5,0.875,None.
2020-03-01,2020-03-01,1,None.,The geomagnetic field was quiet to unsettled.,070,000,008,008,<A1.0,3.2e+05,4.6e+04,5.90e+06,2.25,1.625,None.
2020-03-02,2020-03-02,1,None.,The geomagnetic field was quiet to unsettled.,069,000,006,005,<A1.0,5.7e+04,4.6e+04,8.50e+06,1.75,1.0,None.
2020-03-03,2020-03-03,1,None,The geomagnetic field was quiet.,069,000,004,003,<A1.0,1.3e+05,4.5e+04,2.00e+07,1.125,0.875,None
2020-03-04,2020-03-04,1,None,The geomagnetic field was quiet.,070,000,004,???,<A1.0,9.7e+04,4.6e+04,8.90e+06,1.5,0.875,None
2020-03-05,2020-03-05,1,None,The geomagnetic field was quiet with an isolated unsettled period.,070,000,004,006,<A1.0,1.0e+05,4.6e+04,7.20e+06,1.625,1.125,None
2020-03-06,2020-03-06,1,None.,The geomagnetic field was quiet.,070,000,003,003,<A1.0,2.0e+05,4.5e+04,3.50e+06,1.125,0.875,None.
2020-03-07,2020-03-07,1,None.,The geomagnetic field was quiet.,070,000,004,003,<A1.0,1.3e+05,4.6e+04,1.90e+06,1.25,1.125,None.
2020-03-08,2020-03-08,1,None.,The geomagnetic field was quiet.,070,000,005,004,<A1.0,2.1e+05,4.6e+04,1.30e+06,1.625,0.875,None.
2020-03-09,2020-03-09,2,None.,The geomagnetic field was quiet.,070,013,003,004,<A1.0,1.5e+05,4.6e+04,1.50e+06,1.5,1.125,None.
2020-03-10,2020-03-10,1,None.,The geomagnetic field was quiet.,071,012,005,004,<A1.0,2.3e+05,4.6e+04,1.40e+06,1.5,1.125,None.
2020-03-11,2020-03-11,1,None,The geomagnetic field was at quiet levels,071,000,003,003,<A1.0,1.3e+05,4.6e+04,1.40e+06,1.125,0.875,None
2020-03-12,2020-03-12,1,None,The geomagnetic field was quiet,071,000,001,002,<A1.0,1.3e+05,4.6e+04,1.50e+06,0.75,0.5,None
2020-03-13,2020-03-13,1,None,The geomagnetic field was at quiet to unsettled levels,070,000,007,006,<A1.0,1.7e+05,4.6e+04,1.30e+06,1.75,1.375,None
2020-03-14,2020-03-14,1,None,Quiet,069,000,006,006,<A1.0,1.3e+05,4.6e+04,1.20e+06,2.0,1.5,None
2020-03-15,2020-03-15,1,None,Quiet,068,000,002,002,<A1.0,7.8e+04,4.7e+04,1.30e+06,1.0,0.375,None
2020-03-16,2020-03-16,1,None,The geomagnetic field was quiet.,070,000,003,003,<A1.0,4.5e+05,4.7e+04,1.40e+06,1.125,0.875,None
2020-03-17,2020-03-17,1,None,The geomagnetic field was at quiet levels,070,000,003,005,<A1.0,1.8e+05,4.7e+04,1.10e+06,1.5,1.125,None
2020-03-18,2020-03-18,1,None,The geomagnetic field was at quiet levels,072,000,004,005,<A1.0,1.1e+05,4.6e+04,1.10e+06,1.375,1.375,None
2020-03-19,2020-03-19,1,None,Field conditions were at quiet levels.,072,000,004,005,<A1.0,1.6e+05,4.7e+04,1.20e+06,1.375,1.25,None
2020-03-20,2020-03-20,1,None,The geomagnetic field was at quiet to unsettled levels,072,000,007,010,<A1.0,1.2e+05,4.6e+04,2.40e+06,2.5,2.375,None
2020-03-21,2020-03-21,1,None,Field activity was at quiet to unsettled levels.,072,000,005,007,<A1.0,9.8e+04,4.7e+04,8.10e+06,1.75,1.625,None
2020-03-22,2020-03-22,1,None,Quiet to Unsettled,071,000,005,009,<A1.0,6.4e+04,4.6e+04,4.80e+06,2.125,2.25,None
2020-03-23,2020-03-23,1,None,Quiet to Unsettled,070,000,007,009,<A1.0,6.2e+04,4.6e+04,1.30e+07,1.75,2.125,None
2020-03-24,2020-03-24,1,None,The geomagnetic field was quiet to unsettled.,070,000,010,010,<A1.0,9.2e+04,4.6e+04,2.90e+07,2.625,2.25,None
2020-03-25,2020-03-25,1,None,The geomagnetic field was quiet to unsettled.,071,000,004,005,A1.0,6.8e+04,4.6e+04,5.20e+07,1.25,1.25,None
2020-03-26,2020-03-26,1,None,The geomagnetic field was quiet.,071,000,003,003,<A1.0,9.3e+04,4.6e+04,5.70e+07,1.125,0.625,None
2020-03-27,2020-03-27,1,None,The geomagnetic field was quiet to unsettled.,070,000,005,004,<A1.0,1.7e+05,4.7e+04,5.30e+07,1.25,0.875,None
2020-03-28,2020-03-28,1,None.,The geomagnetic field was quiet.,069,000,004,004,<A1.0,8.0e+04,4.7e+04,9.40e+06,1.375,1.25,None.
2020-03-29,2020-03-29,1,None.,The geomagnetic field was quiet.,069,000,004,005,<A1.0,1.4e+05,4.7e+04,1.10e+07,1.375,1.25,None.
2020-03-30,2020-03-30,1,None.,The geomagnetic field was quiet to unsettled.,068,000,006,006,<A1.0,1.7e+05,4.6e+04,5.20e+06,1.625,1.5,None.
2020-03-31,2020-03-31,1,None,The geomagnetic field was quiet to unsettled.,069,000,008,010,A1.1,1.2e+05,4.6e+04,7.80e+06,2.375,2.125,None
2020-04-01,2020-04-01,1,None,The geomagnetic field was quiet to active.,070,012,010,013,A1.2,9.4e+04,4.6e+04,9.00e+06,2.625,2.75,None
2020-04-02,2020-04-02,1,None,The geomagnetic field was quiet to unsettled.,069,013,004,007,A1.4,5.6e+04,4.6e+04,3.90e+07,1.875,1.5,None
2020-04-03,2020-04-03,1,None.,The geomagnetic field was quiet and unsettled.,069,012,007,008,A1.3,5.4e+04,4.7e+04,5.20e+07,2.125,2.0,None.
2020-04-04,2020-04-04,1,None.,The geomagnetic field was quiet to active.,070,013,007,008,<A1.0,5.9e+04,4.6e+04,2.60e+07,1.75,1.875,None.
2020-04-05,2020-04-05,1,None.,The geomagnetic field was quiet.,070,011,004,005,A1.2,6.0e+04,4.6e+04,1.10e+07,1.125,1.375,None.
2020-04-06,2020-04-06,1,None.,The geomagnetic field was quiet.,071,000,004,005,A1.1,5.9e+04,4.6e+04,1.10e+07,1.25,1.375,None.
2020-04-07,2020-04-07,1,None,The geomagnetic field was quiet.,070,000,002,003,A1.0,5.9e+04,4.6e+04,1.20e+07,0.875,0.875,None
2020-04-08,2020-04-08,1,None,The geomagnetic field was quiet.,070,000,003,004,<A1.0,8.0e+04,4.7e+04,1.80e+07,0.75,1.0,None
2020-04-09,2020-04-09,1,None,The geomagnetic field was quiet to unsettled.,070,000,010,011,<A1.0,2.7e+05,4.5e+04,1.70e+06,2.625,2.25,None
2020-04-10,2020-04-10,1,None,The geomagnetic field was quiet.,070,000,005,004,A1.0,5.4e+04,4.6e+04,2.00e+06,1.375,1.125,None
2020-04-11,2020-04-11,1,None.,The geomagnetic field was unsettled.,069,000,004,005,<A1.0,6.2e+04,4.7e+04,3.80e+06,1.5,1.375,None.
2020-04-12,2020-04-12,1,None.,The geomagnetic field was unsettled.,071,000,004,007,<A1.0,1.2e+05,4.7e+04,2.20e+06,1.625,1.625,None.
2020-04-13,2020-04-13,1,None.,The geomagnetic field was quiet.,071,000,005,006,<A1.0,6.6e+04,4.6e+04,1.10e+06,2.0,1.625,None.
2020-04-14,2020-04-14,1,None,The geomagnetic field was quiet.,070,000,004,005,<A1.0,5.6e+04,4.7e+04,1.70e+06,1.625,1.125,None
2020-04-15,2020-04-15,1,None,The geomagnetic field was quiet to unsettled.,069,000,007,008,<A1.0,6.3e+04,4.7e+04,1.70e+06,2.25,1.875,None
2020-04-16,2020-04-16,1,None,The geomagnetic field was quiet to unsettled.,068,000,006,006,<A1.0,5.9e+04,4.7e+04,1.20e+06,1.75,1.625,None
2020-04-17,2020-04-17,1,None.,The geomagnetic field was quiet.,069,000,005,005,<A1.0,5.5e+04,4.7e+04,1.40e+06,1.5,1.375,None.
2020-04-18,2020-04-18,1,None.,The geomagnetic field was quiet.,068,000,004,004,<A1.0,6.0e+04,4.7e+04,1.60e+06,1.5,1.0,None.
2020-04-19,2020-04-19,1,None.,The geomagnetic field was quiet.,070,000,004,006,<A1.0,5.7e+04,4.6e+04,1.40e+06,1.625,1.5,None.
2020-04-20,2020-04-20,1,None.,The geomagnetic field was unsettled.,069,000,002,005,<A1.0,6.2e+04,4.7e+04,1.70e+06,0.875,1.375,None.
2020-04-21,2020-04-21,1,None.,The geomagnetic field was at minor storm levels.,068,000,016,023,<A1.0,1.4e+05,4.6e+04,1.50e+06,3.0,3.125,None.
2020-04-22,2020-04-22,1,None.,The geomagnetic field reached unsettled levels.,069,000,008,???,<A1.0,9.2e+04,4.6e+04,1.20e+06,2.375,1.625,"Due to technical issues, the AF planetary ap for 21-24 UTC is not available."
2020-04-23,2020-04-23,1,None.,The geomagnetic field reached unsettled levels.,071,000,010,008,<A1.0,6.0e+04,4.6e+04,2.90e+06,1.875,2.125,None.
2020-04-24,2020-04-24,1,None.,The geomagnetic field was at quiet levels.,069,000,004,005,<A1.0,7.2e+04,4.7e+04,9.10e+06,1.375,1.25,None.
2020-04-25,2020-04-25,1,None.,The geomagnetic field was quiet to unsettled.,071,000,006,006,<A1.0,1.4e+05,4.7e+04,5.40e+06,1.875,1.375,None.
2020-04-26,2020-04-26,1,None.,The geomagnetic field was quiet and unsettled.,069,011,005,???,<A1.0,6.0e+04,4.7e+04,2.70e+06,1.875,1.75,None.
2020-04-27,2020-04-27,1,None.,The geomagnetic field wass quiet.,069,014,005,006,<A1.0,9.1e+04,4.6e+04,3.20e+06,2.125,1.5,None.
2020-04-28,2020-04-28,1,None,The geomagnetic field was quiet to unsettled.,069,012,006,007,<A1.0,5.6e+04,4.7e+04,1.90e+06,1.75,1.75,None
2020-04-29,2020-04-29,1,None,The geomagnetic field was quiet to unsettled.,069,000,006,005,<A1.0,5.5e+04,4.7e+04,1.90e+06,1.625,1.25,None
2020-04-30,2020-04-30,1,None,The geomagnetic field was quiet.,070,024,004,002,A1.0,5.5e+04,4.7e+04,2.40e+06,1.25,0.625,None
2020-05-01,2020-05-01,1,None.,The geomagnetic field was quiet.,070,035,001,002,A1.3,5.5e+04,4.7e+04,2.70e+06,0.5,0.25,None.
2020-05-02,2020-05-02,1,None.,The geomagnetic field was quiet.,070,000,005,005,A1.3,6.6e+04,4.6e+04,1.50e+06,1.5,1.375,None.
2020-05-03,2020-05-03,1,None.,The geomagnetic field was quiet.,069,000,003,005,A1.1,5.6e+04,4.6e+04,1.50e+06,1.5,1.625,None.
2020-05-04,2020-05-04,1,None.,The geomagnetic field was quiet to unsettled.,069,000,005,005,<A1.0,7.1e+04,4.5e+04,1.40e+06,1.375,1.25,None.
2020-05-05,2020-05-05,1,None.,The geomagnetic field was quiet.,069,000,008,006,<A1.0,5.9e+04,4.5e+04,1.40e+06,1.625,1.625,None
2020-05-06,2020-05-06,1,None.,"The geomagnetic field was mostly quiet, with an isolated unsettled period.",069,000,007,007,<A1.0,7.7e+04,4.6e+04,1.20e+06,1.875,1.875,None
2020-05-07,2020-05-07,1,None.,"The geomagnetic field was mostly quiet, with an isolated unsettled period.",070,000,006,007,<A1.0,5.4e+04,4.6e+04,1.50e+06,1.625,1.5,None
2020-05-08,2020-05-08,1,None.,The geomagnetic field was quiet.,069,000,005,005,<A1.0,6.6e+04,4.6e+04,1.60e+06,1.25,1.25,None
2020-05-09,2020-05-09,1,None.,The geomagnetic field was quiet.,068,000,004,003,<A1.0,8.1e+04,4.6e+04,1.60e+06,1.5,0.625,None.
2020-05-10,2020-05-10,1,None.,The geomagnetic field was quiet.,071,000,003,002,<A1.0,7.6e+04,4.6e+04,1.90e+06,0.875,0.5,None.
2020-05-11,2020-05-11,1,None.,The geomagnetic field was quiet to unsettled.,068,000,005,004,<A1.0,2.6e+05,4.6e+04,1.70e+06,1.125,0.875,None.
2020-05-12,2020-05-12,1,None.,The geomagnetic field was quiet.,066,000,007,005,<A1.0,6.3e+04,4.6e+04,1.10e+06,1.75,1.375,None
2020-05-13,2020-05-13,1,None,The geomagnetic field was quiet.,069,000,005,004,<A1.0,7.6e+04,4.6e+04,1.30e+06,1.25,1.0,None
2020-05-14,2020-05-14,1,None,The geomagnetic field was quiet.,069,000,004,004,<A1.0,7.7e+04,4.6e+04,1.50e+06,1.25,1.125,None
2020-05-15,2020-05-15,1,None.,The geomagnetic field was quiet.,068,000,003,002,<A1.0,8.3e+04,4.6e+04,1.30e+06,1.0,0.625,None.
2020-05-16,2020-05-16,1,None.,The geomagnetic field was quiet.,068,000,004,004,<A1.0,9.2e+04,4.7e+04,1.30e+06,1.625,1.25,None.
2020-05-17,2020-05-17,1,None.,The geomagnetic field was quiet.,069,000,004,004,A1.9,1.0e+05,4.7e+04,1.20e+06,1.25,1.0,None.
2020-05-18,2020-05-18,1,None.,The geomagnetic field was quiet.,070,000,003,003,A1.6,1.1e+05,4.6e+04,1.30e+06,0.875,0.625,None.
2020-05-19,2020-05-19,1,None,The geomagnetic field was quiet,070,000,005,004,A1.3,1.3e+05,4.6e+04,1.40e+06,1.125,0.875,None
2020-05-20,2020-05-20,1,None,The geomagnetic field was quiet.,069,000,006,005,A1.1,8.5e+04,4.6e+04,1.40e+06,1.875,1.25,None
2020-05-21,2020-05-21,1,None,The geomagnetic field was quiet.,070,000,003,003,<A1.0,7.6e+04,4.7e+04,1.20e+06,1.25,0.75,None
2020-05-22,2020-05-22,1,None,The geomagnetic field was quiet,070,000,008,006,<A1.0,7.7e+04,4.6e+04,1.40e+06,1.625,1.5,None
2020-05-23,2020-05-23,1,None,Field conditions were at quiet to isolated unsettled levels.,071,000,007,007,<A1.0,1.0e+05,4.6e+04,1.20e+06,1.875,1.625,None
2020-05-24,2020-05-24,1,None,Field activity was at quiet to isolated unsettled activity.,069,000,004,005,<A1.0,6.2e+04,4.7e+04,1.40e+06,1.375,1.25,None
2020-05-25,2020-05-25,1,None,Field conditions were at quiet to isolated unsettled levels.,069,000,005,005,<A1.0,1.0e+05,4.6e+04,1.30e+06,0.375,1.25,None
2020-05-26,2020-05-26,1,None,The geomagnetic field was quiet.,070,000,007,006,<A1.0,5.4e+04,4.6e+04,1.30e+06,1.75,1.5,None
2020-05-27,2020-05-27,1,None,The geomagnetic field was quiet.,070,000,003,004,<A1.0,5.5e+04,4.6e+04,1.40e+06,1.25,1.125,None
2020-05-28,2020-05-28,1,None,The geomagnetic fields was quiet.,068,000,006,003,<A1.0,6.1e+04,4.6e+04,1.20e+06,1.125,0.625,None
2020-05-29,2020-05-29,1,None,The geomagnetic field was quiet.,068,000,002,002,A1.2,6.5e+04,4.6e+04,1.50e+06,1.125,0.375,None
2020-05-30,2020-05-30,2,None,The geomagnetic field was at quiet levels,070,000,004,003,A2.0,6.7e+04,4.6e+04,1.40e+06,1.25,0.75,None
2020-05-31,2020-05-31,1,None,The geomagnetic field was at active levels.,070,000,013,015,A1.0,6.5e+04,4.6e+04,1.30e+06,3.0,3.0,None
2020-06-01,2020-06-01,1,None,The geomagnetic field was at quiet levels,071,000,004,003,A1.3,5.4e+04,4.6e+04,1.20e+06,1.125,0.75,None
2020-06-02,2020-06-02,1,None,The geomagnetic field was quiet to unsettled.,069,011,007,006,A1.7,5.8e+04,4.6e+04,1.50e+06,1.75,1.5,None
2020-06-03,2020-06-03,1,None,The geomagnetic field was quiet to unsettled.,070,000,007,007,A4.5,5.3e+04,4.5e+04,1.40e+06,2.125,1.875,None
2020-06-04,2020-06-04,1,None,The geomagnetic field was quiet.,070,012,003,004,A2.6,5.2e+04,4.5e+04,1.40e+06,1.125,0.75,None
2020-06-05,2020-06-05,1,None,The geomagnetic field was at quiet levels,070,012,005,004,A2.3,5.3e+04,4.6e+04,1.50e+06,1.75,1.125,None
2020-06-06,2020-06-06,1,None,Field activity was at quiet levels.,071,013,004,???,A3.6,5.4e+04,4.6e+04,1.70e+06,1.125,0.25,None
2020-06-07,2020-06-07,1,None,Field activity was at quiet levels.,072,015,002,003,A4.1,5.5e+04,4.6e+04,1.40e+06,1.125,0.875,None
2020-06-08,2020-06-08,2,None,Field conditions were at mostly quiet levels with an isolated minor storm period.,073,016,010,010,A3.5,6.1e+04,4.7e+04,1.10e+06,2.0,1.75,None
2020-06-09,2020-06-09,1,None,The geomagnetic field was quiet,071,017,006,006,A3.4,5.7e+04,4.7e+04,1.40e+06,1.5,1.375,None
2020-06-10,2020-06-10,1,None,The geomagnetic field was quiet to unsettled,072,014,005,004,A2.9,7.1e+04,4.8e+04,1.30e+06,1.375,1.125,None
2020-06-11,2020-06-11,1,None,The geomagnetic field was quiet to unsettled,071,011,011,010,A2.3,6.1e+04,4.7e+04,1.10e+06,2.125,2.25,None
2020-06-12,2020-06-12,1,None,Quiet,072,011,004,004,A1.9,5.5e+04,4.8e+04,1.50e+06,1.125,1.0,None
2020-06-13,2020-06-13,1,None,Quiet,071,011,006,004,A1.7,6.3e+04,4.9e+04,1.60e+06,1.25,1.0,None
2020-06-14,2020-06-14,1,None,Quiet,069,011,004,002,A1.5,7.5e+04,4.8e+04,1.50e+06,1.0,0.625,None
2020-06-15,2020-06-15,1,None,Quiet,070,011,003,003,A1.3,1.2e+05,4.8e+04,1.70e+06,0.75,0.625,None
2020-06-16,2020-06-16,1,None,The geomagnetic field was quiet.,070,011,005,004,<A1.0,8.3e+04,4.7e+04,1.70e+06,1.5,1.25,None
2020-06-17,2020-06-17,1,None,The geomagnetic field was quiet.,069,000,007,004,<A1.0,7.1e+04,4.7e+04,1.30e+06,1.375,1.25,None
2020-06-18,2020-06-18,1,None,The geomagnetic field was quiet.,069,000,005,004,<A1.0,1.0e+05,4.7e+04,1.50e+06,1.375,1.25,None
2020-06-19,2020-06-19,1,None,The geomagnetic field was quiet.,068,000,005,004,<A1.0,8.7e+04,4.7e+04,1.20e+06,1.5,1.25,None
2020-06-20,2020-06-20,1,None.,The geomagnetic field was quiet.,069,000,007,005,<A1.0,1.8e+05,4.7e+04,1.20e+06,1.5,1.125,None.
2020-06-21,2020-06-21,1,None.,The geomagnetic field was unsettled.,068,000,007,006,<A1.0,6.5e+04,4.7e+04,1.30e+06,2.125,1.5,None.
2020-06-22,2020-06-22,1,None.,The geomagnetic field was quiet.,068,000,004,004,<A1.0,6.3e+04,4.7e+04,1.40e+06,1.375,0.875,None.
2020-06-23,2020-06-23,1,None,The geomagnetic field was quiet.,068,000,003,003,<A1.0,6.6e+04,4.7e+04,1.30e+06,1.0,0.875,None
2020-06-24,2020-06-24,1,None,The geomagnetic field was quiet.,067,000,006,004,<A1.0,9.2e+04,4.7e+04,1.20e+06,1.375,0.875,None
2020-06-25,2020-06-25,1,None,The geomagnetic field was quiet.,067,000,007,005,<A1.0,7.6e+04,4.7e+04,1.20e+06,1.5,1.375,None
2020-06-26,2020-06-26,1,None.,The geomagnetic field was quiet.,069,000,002,003,<A1.0,1.2e+05,4.7e+04,1.40e+06,1.375,1.0,None.
2020-06-27,2020-06-27,1,None.,The geomagnetic field was unsettled.,068,000,006,006,<A1.0,9.2e+04,4.7e+04,1.30e+06,1.625,1.375,None.
2020-06-28,2020-06-28,1,None.,The geomagnetic field was unsettled.,069,000,006,006,<A1.0,6.8e+04,4.7e+04,1.30e+06,2.375,1.75,None.
2020-06-29,2020-06-29,1,None.,The geomagnetic field was quiet.,069,000,004,004,<A1.0,5.6e+04,4.7e+04,1.30e+06,1.5,1.25,None.
2020-06-30,2020-06-30,1,None,The geomagnetic field was quiet.,069,000,004,003,A1.4,6.1e+04,4.7e+04,1.60e+06,0.875,0.625,None
2020-07-01,2020-07-01,1,None,The geomagnetic field was quiet.,068,000,005,005,A1.2,9.3e+04,4.7e+04,1.10e+06,1.5,1.25,None
2020-07-02,2020-07-02,1,None,The geomagnetic field was quiet to unsettled.,068,000,006,006,<A1.0,7.6e+04,4.7e+04,1.10e+06,1.75,1.25,None
2020-07-03,2020-07-03,1,None,The geomagnetic field was quiet.,068,000,005,004,<A1.0,8.2e+04,4.6e+04,1.20e+06,1.25,0.875,None
2020-07-04,2020-07-04,1,None.,The geomagnetic field was quiet.,069,000,005,005,<A1.0,8.5e+04,4.7e+04,1.20e+06,1.625,1.125,None.
2020-07-05,2020-07-05,1,None.,The geomagnetic field was unsettled.,070,012,009,008,<A1.0,1.5e+05,4.6e+04,1.30e+06,1.75,1.75,None.
2020-07-06,2020-07-06,1,None.,The geomagnetic field was active.,069,011,013,013,<A1.0,1.3e+05,4.6e+04,1.40e+06,2.875,2.75,None.
2020-07-07,2020-07-07,1,None,The geomagnetic field was quiet.,069,000,006,004,<A1.0,5.9e+04,4.6e+04,2.40e+06,2.0,1.25,None
2020-07-08,2020-07-08,1,None,The geomagnetic field was quiet.,068,000,005,005,<A1.0,5.8e+04,4.6e+04,3.20e+06,1.5,1.375,None
2020-07-09,2020-07-09,1,None,The geomagnetic field was quiet.,067,000,002,002,<A1.0,7.3e+04,4.7e+04,3.90e+06,1.0,0.5,None
2020-07-10,2020-07-10,1,None.,The geomagnetic field was quiet.,069,000,004,004,<A1.0,8.1e+04,4.7e+04,2.60e+06,1.125,0.875,None.
2020-07-11,2020-07-11,1,None.,The geomagnetic field was quiet.,069,012,003,004,<A1.0,1.0e+05,4.7e+04,1.90e+06,1.25,1.25,None.
2020-07-12,2020-07-12,1,None.,The geomagnetic field was quiet.,069,000,002,003,<A1.0,9.8e+04,4.7e+04,1.60e+06,1.0,0.75,None.
2020-07-13,2020-07-13,1,None.,The geomagnetic field was quiet.,068,000,003,002,<A1.0,2.3e+05,4.7e+04,2.20e+06,1.125,0.5,None.
2020-07-14,2020-07-14,1,None.,The geomagnetic field was quiet to unsettled.,068,000,007,006,<A1.0,2.6e+05,4.6e+04,1.50e+06,1.875,1.75,None
2020-07-15,2020-07-15,1,None.,The geomagnetic field was active before decreasing to quiet levels.,069,000,009,012,<A1.0,7.0e+04,4.6e+04,1.90e+06,2.375,2.125,None
2020-07-16,2020-07-16,1,None.,The geomagnetic field was quiet.,068,000,006,005,A1.4,5.7e+04,4.6e+04,2.70e+06,1.75,1.625,None
2020-07-17,2020-07-17,1,None.,The geomagnetic field was quiet.,069,000,004,004,<A1.0,6.1e+04,4.6e+04,3.50e+06,0.0,1.125,None
2020-07-18,2020-07-18,1,None.,The geomagnetic field was quiet.,068,000,005,003,<A1.0,5.8e+04,4.6e+04,4.00e+06,1.25,0.625,None.
2020-07-19,2020-07-19,1,None.,The geomagnetic field was quiet.,068,000,004,004,<A1.0,5.8e+04,4.6e+04,5.30e+06,1.25,1.125,None.
2020-07-20,2020-07-20,1,None.,The geomagnetic field was quiet.,069,000,004,005,<A1.0,7.1e+04,4.6e+04,6.80e+06,1.375,1.5,None.
2020-07-21,2020-07-21,1,None.,The geomagnetic field was quiet.,069,000,003,004,<A1.0,6.3e+04,4.6e+04,4.80e+06,1.125,1.0,None
2020-07-22,2020-07-22,1,None,Field activity was at quiet levels.,070,011,005,004,A1.2,7.0e+04,4.6e+04,4.80e+06,1.5,1.125,None
2020-07-23,2020-07-23,1,None,Field activity was at quiet levels.,070,011,005,004,A1.0,7.5e+04,4.6e+04,5.00e+06,1.5,1.125,None
2020-07-24,2020-07-24,1,None,Field conditions were quiet.,070,011,004,004,A1.0,8.8e+04,4.6e+04,4.30e+06,1.5,1.125,None
2020-07-25,2020-07-25,1,None,Field conditions were at quiet to active levels.,070,011,???,012,A1.0,1.3e+05,4.6e+04,1.50e+06,2.125,2.625,USGS undergoing partial site maintenance.
2020-07-26,2020-07-26,1,None,Field conditions were at quiet to active levels.,070,011,027,010,<A1.0,5.5e+04,4.6e+04,3.80e+06,0.0,2.125,Geomagnetic station keeping IP.
2020-07-27,2020-07-27,1,None,Field conditions were at quiet levels.,071,011,003,002,A2.0,5.5e+04,4.7e+04,5.00e+06,1.0,0.625,None
2020-07-28,2020-07-28,1,None,Mag levels were quiet.,071,011,005,004,A3.2,6.0e+04,4.7e+04,8.90e+06,1.25,1.0,None
2020-07-29,2020-07-29,1,None,Levels were quiet with the excecption of an isolated unsettled period early in the day.,072,022,005,005,A3.1,5.7e+04,4.6e+04,5.10e+06,1.5,1.125,None
2020-07-30,2020-07-30,1,None,Mag levels were quiet.,073,022,004,004,A2.4,6.4e+04,4.6e+04,6.10e+06,1.5,1.0,None
2020-07-31,2020-07-31,1,None,Levels were quiet.,073,022,005,004,A2.5,5.6e+04,4.6e+04,2.40e+06,1.5,1.125,None
2020-08-01,2020-08-01,1,None,Field conditions were at quiet levels.,072,023,005,004,A2.8,7.0e+04,4.7e+04,2.60e+06,1.375,1.125,None
2020-08-02,2020-08-02,1,None,Field conditions were at quiet levels.,072,022,003,003,A3.3,7.4e+04,4.7e+04,3.70e+06,1.125,0.625,None
2020-08-03,2020-08-03,1,None,Field conditions were at quiet to unsettled levels due to positive polarity coronal hole influence.,073,022,009,009,A3.4,1.0e+05,4.7e+04,2.30e+06,2.375,2.0,None
2020-08-04,2020-08-04,1,None,The geomagnetic field was quiet to active.,073,023,015,017,A3.9,1.7e+05,4.6e+04,2.30e+06,3.125,3.125,None
2020-08-05,2020-08-05,1,None,The geomagnetic field was quiet to active.,073,012,009,010,A3.4,7.9e+04,4.6e+04,2.70e+07,2.375,2.125,None
2020-08-06,2020-08-06,1,None,The geomagnetic field was quiet,073,013,006,005,A4.0,5.8e+04,4.7e+04,9.90e+07,1.625,1.25,None
2020-08-07,2020-08-07,1,None.,The geomagnetic field was quiet.,073,014,004,004,A3.3,6.2e+04,4.7e+04,1.00e+08,1.625,1.0,None.
2020-08-08,2020-08-08,1,None.,The geomagnetic field was quiet.,074,014,005,003,A3.3,5.9e+04,4.8e+04,1.20e+08,1.5,0.625,None.
2020-08-09,2020-08-09,1,None.,The geomagnetic field was quiet.,075,011,005,005,A3.2,5.6e+04,4.8e+04,1.10e+08,1.875,1.375,None.
2020-08-10,2020-08-10,1,None.,The geomagnetic field was quiet.,074,013,003,003,A2.8,5.8e+04,4.8e+04,1.30e+08,0.875,0.625,None.
2020-08-11,2020-08-11,1,None,The geomagnetic field was quiet,074,012,003,002,A2.5,6.4e+04,4.9e+04,1.10e+08,0.625,0.5,None
2020-08-12,2020-08-12,1,None,The geomagnetic field was quiet,074,012,003,002,A3.0,6.9e+04,4.9e+04,1.00e+08,1.125,0.625,None
2020-08-13,2020-08-13,1,None,The geomagnetic field was quiet,073,024,003,004,A2.4,1.3e+05,4.8e+04,4.10e+07,1.375,1.0,None
2020-08-14,2020-08-14,1,None,The geomagnetic field was quiet,072,011,005,002,A1.8,1.1e+05,4.7e+04,2.90e+07,1.125,0.625,None
2020-08-15,2020-08-15,1,None,The geomagnetic field was at quiet levels,071,000,003,003,A1.3,1.3e+05,4.6e+04,2.70e+07,1.25,0.75,None
2020-08-16,2020-08-16,1,None,The geomagnetic field was at quiet levels,071,000,003,003,<A1.0,1.7e+05,4.6e+04,1.40e+07,1.375,0.875,None
2020-08-17,2020-08-17,1,None,The geomagnetic field was at quiet levels,071,000,005,004,<A1.0,1.6e+05,4.6e+04,6.60e+06,1.375,1.0,None
2020-08-18,2020-08-18,1,None,The geomagnetic field was quiet.,071,000,003,004,<A1.0,2.1e+05,4.6e+04,6.50e+06,1.5,0.75,None
2020-08-19,2020-08-19,1,None,The geomagnetic field was quiet to unsettled,071,012,007,007,<A1.0,1.7e+05,4.6e+04,2.70e+06,2.375,1.75,None
2020-08-20,2020-08-20,1,None,The geomagnetic field was quiet to unsettled.,071,015,009,007,A1.4,5.9e+04,4.6e+04,1.50e+06,2.0,1.625,None
2020-08-21,2020-08-21,1,None,The geomagnetic field was at quiet levels,070,013,004,003,<A1.0,1.0e+05,4.7e+04,1.40e+06,1.375,0.75,None
2020-08-22,2020-08-22,1,None,The geomagnetic field was at quiet levels,071,000,005,004,<A1.0,1.1e+05,4.7e+04,1.40e+06,1.5,1.0,None
2020-08-23,2020-08-23,1,None,The geomagnetic field was quiet to unsettled,070,000,013,008,<A1.0,6.1e+04,4.6e+04,1.10e+06,2.0,2.0,None
2020-08-24,2020-08-24,1,None,The geomagnetic field was quiet to unsettled,071,000,007,006,<A1.0,6.4e+04,4.6e+04,1.30e+06,2.0,1.75,None
2020-08-25,2020-08-25,1,None,The geomagnetic field was quiet.,070,000,003,003,<A1.0,5.9e+04,4.7e+04,1.40e+06,1.25,0.75,None
2020-08-26,2020-08-26,1,None,The geomagnetic field was quiet.,071,000,003,003,<A1.0,9.3e+04,4.6e+04,1.30e+06,1.25,0.875,None
2020-08-27,2020-08-27,1,None,The geomagnetic field was quiet.,070,000,007,007,<A1.0,1.2e+05,4.5e+04,1.20e+06,2.0,1.75,None
2020-08-28,2020-08-28,1,None,The geomagnetic field was quiet to unsettled.,070,000,007,008,<A1.0,7.7e+04,4.5e+04,1.40e+06,2.125,1.875,None
2020-08-29,2020-08-29,1,None,Field activity was at mostly quiet to unsettled levels with isolated minor storm (G1) levels.,070,000,008,011,<A1.0,3.2e+05,4.6e+04,1.60e+06,1.875,2.25,None
2020-08-30,2020-08-30,1,None,Field activity was at quiet to active levels due to positive polarity CH HSS influence.,070,000,014,014,<A1.0,8.2e+04,4.6e+04,2.50e+07,3.25,2.75,None
2020-08-31,2020-08-31,1,None,Field conditions were mostly at quiet levels with an isolated active interval early in the day.,070,000,008,010,A1.2,9.0e+04,4.6e+04,9.90e+07,2.25,2.25,None
2020-09-01,2020-09-01,1,None,The geomagnetic field reached G1 (minor) storming levels due to positive polarity CH HSS effects.,070,000,019,025,A1.1,5.5e+05,4.5e+04,7.60e+07,3.625,3.625,None
2020-09-02,2020-09-02,1,None,"The geomagnetic field was quiet to unsettled, with an isolated active period, under continuing CH HSS influence.",070,000,016,016,A1.1,2.3e+05,4.5e+04,4.10e+08,3.0,3.125,None
2020-09-03,2020-09-03,1,None,The geomagnetic field was quiet to unsettled.,068,000,008,010,A1.8,1.4e+05,4.6e+04,7.60e+08,2.375,2.375,The 2 MeV electron fluence reached high levels under prolonged CH HSS effects.
2020-09-04,2020-09-04,1,None,Field conditions were at quiet levels.,070,000,003,004,A1.6,1.3e+05,4.6e+04,6.00e+08,1.25,0.875,None
2020-09-05,2020-09-05,1,None,Field conditions were at quiet to unsettled levels.,070,000,009,008,A1.4,8.4e+04,4.6e+04,5.30e+08,2.0,1.75,None
2020-09-06,2020-09-06,1,None,Field activity was at quiet to isolated unsettled levels.,069,000,007,006,A1.0,7.6e+04,4.6e+04,1.40e+08,2.125,1.625,None
2020-09-07,2020-09-07,1,None,Field conditions were at quiet levels.,070,000,005,003,A1.2,7.4e+04,4.7e+04,2.30e+08,1.375,0.875,None
2020-09-08,2020-09-08,1,None,The geomagnetic field was at quiet levels,070,000,005,004,A1.1,6.5e+04,4.7e+04,3.60e+08,1.25,1.25,None
2020-09-09,2020-09-09,1,None,The geomagnetic field was at quiet levels,070,000,004,003,A1.1,8.4e+04,4.8e+04,2.90e+08,1.0,0.875,None
2020-09-10,2020-09-10,1,None,The geomagnetic field was at quiet levels,070,000,001,003,<A1.0,1.0e+05,4.7e+04,1.50e+08,0.0,0.75,"The last 3 synoptic period K values for Boulder were as follows  2, 1, 0. The 12-15z K value is not available."
2020-09-11,2020-09-11,1,None,The geomagnetic field was at quiet levels,069,000,002,002,<A1.0,1.5e+05,4.7e+04,1.20e+08,1.125,0.625,None
2020-09-12,2020-09-12,1,None.,The geomagnetic field was quiet.,069,000,002,003,<A1.0,1.7e+05,4.6e+04,1.30e+08,0.875,0.625,None.
2020-09-13,2020-09-13,1,None.,The geomagnetic field reached unsettled levels.,069,000,006,006,<A1.0,1.4e+05,4.7e+04,3.60e+07,1.75,1.375,The GOES-16 greater than 2 MeV electron flux at was at moderate to high levels.
2020-09-14,2020-09-14,1,None.,The geomagnetic field reached unsettled levels.,070,000,007,006,<A1.0,2.8e+05,4.7e+04,5.20e+07,2.0,1.375,The GOES-16 greater than 2 MeV electron flux reached high levels.
2020-09-15,2020-09-15,1,None,The geomagnetic field was at quiet to unsettled levels,069,000,010,010,<A1.0,8.0e+04,4.6e+04,1.80e+06,2.25,2.125,None
2020-09-16,2020-09-16,1,None,The geomagnetic field was at quiet levels,069,000,008,006,<A1.0,5.6e+04,4.6e+04,1.50e+06,2.375,1.5,None
2020-09-17,2020-09-17,1,None,The geomagnetic field was at quiet levels,070,000,003,003,<A1.0,5.8e+04,4.7e+04,1.50e+06,1.0,0.625,None
2020-09-18,2020-09-18,1,None.,The geomagnetic field was quiet.,070,000,005,004,<A1.0,6.2e+04,4.6e+04,1.70e+06,1.375,0.875,None.
2020-09-19,2020-09-19,1,None.,The geomagnetic field was quiet.,070,000,004,003,<A1.0,1.2e+05,4.6e+04,3.20e+06,1.125,0.625,None.
2020-09-20,2020-09-20,1,None.,The geomagnetic field was quiet.,071,000,004,003,<A1.0,7.2e+04,4.6e+04,2.00e+06,1.0,0.5,None.
2020-09-21,2020-09-21,1,None,The geomagnetic field was quiet.,070,000,004,003,A1.6,8.9e+04,4.7e+04,2.10e+06,1.0,0.75,None.
2020-09-22,2020-09-22,1,None,The geomagnetic field was quiet.,071,000,003,002,A4.8,1.2e+05,4.7e+04,2.00e+06,1.0,0.25,None
2020-09-23,2020-09-23,1,None,The geomagnetic field was quiet.,072,000,005,005,A4.0,7.4e+04,4.6e+04,1.20e+06,1.25,1.5,None
2020-09-24,2020-09-24,1,None,The geomagnetic field was quiet to active.,073,013,010,011,A4.4,2.4e+06,4.6e+04,1.90e+06,2.625,2.25,None
2020-09-25,2020-09-25,1,None,The geomagnetic field was quiet to minor storm levels.,074,000,011,018,A3.9,4.1e+05,4.6e+04,3.60e+07,2.75,3.0,None
2020-09-26,2020-09-26,1,None.,The geomagnetic field was quiet to active.,073,011,017,018,A3.8,2.6e+05,4.5e+04,1.70e+08,3.0,3.125,None.
2020-09-27,2020-09-27,1,None.,The geomagnetic field was quiet to G1 (Minor) storm levels.,073,000,018,022,A2.8,5.2e+05,4.5e+04,5.40e+07,3.375,3.5,None.
2020-09-28,2020-09-28,1,None.,The geomagnetic field reached G1-G2 (Minor-Moderate) geomagnetic storm levels.,074,000,016,026,A2.8,5.6e+05,4.5e+04,3.10e+08,3.125,3.25,Non.
2020-09-29,2020-09-29,1,None,The geomagnetic field reached minor storm levels.,074,000,021,031,A2.4,9.6e+05,4.4e+04,2.70e+08,3.875,4.0,None
2020-09-30,2020-09-30,1,None,The geomagnetic field was quiet to active.,073,000,014,014,A2.7,1.2e+05,4.5e+04,5.20e+08,2.75,2.75,None
2020-10-01,2020-10-01,1,None,The geomagnetic field was quiet to active.,073,000,012,014,A3.3,2.1e+05,4.5e+04,1.10e+09,2.75,2.875,None
2020-10-02,2020-10-02,1,None.,The geomagnetic field was quiet to active.,073,000,011,009,A4.1,1.8e+05,4.6e+04,1.30e+09,2.125,2.125,None.
2020-10-03,2020-10-03,1,None.,The geomagnetic field was quiet to unsettled.,072,000,006,008,A3.8,9.1e+04,4.6e+04,1.50e+09,2.375,2.125,None.
2020-10-04,2020-10-04,1,None.,The geomagnetic field was quiet.,072,000,005,005,A3.7,5.7e+04,4.6e+04,1.10e+09,1.625,1.25,None.
2020-10-05,2020-10-05,1,None.,The geomagnetic field was quiet.,071,000,003,003,A3.9,6.6e+04,4.7e+04,1.40e+09,1.625,0.875,None.
2020-10-06,2020-10-06,1,None,"The geomagnetic field was quiet to unsettled, with an isolated active period.",072,000,007,010,A2.1,7.8e+05,4.6e+04,1.20e+09,1.875,2.0,The GOES-16 greater than 2 MeV electron fluence reached very high levels.
2020-10-07,2020-10-07,1,None,"The geomagnetic field was quiet with an isolated active period,",072,000,006,007,A1.6,9.8e+04,4.6e+04,2.40e+07,2.125,1.5,None
2020-10-08,2020-10-08,1,None,The geomagnetic field was quiet.,071,000,004,004,<A1.0,2.1e+05,4.6e+04,6.20e+07,1.25,1.0,None
2020-10-09,2020-10-09,1,None,The geomagnetic field was quiet.,072,000,002,002,<A1.0,9.2e+04,4.6e+04,2.80e+07,0.75,0.5,None
2020-10-10,2020-10-10,1,None,Quiet,073,024,001,002,A1.2,1.1e+05,4.6e+04,2.70e+07,0.125,0.5,None
2020-10-11,2020-10-11,1,None,Quiet,074,026,002,002,A1.3,1.4e+05,4.6e+04,4.20e+07,0.625,0.5,None
2020-10-12,2020-10-12,1,None,Quiet,073,026,002,001,A1.3,2.0e+05,4.6e+04,2.00e+07,0.625,0.25,None
2020-10-13,2020-10-13,1,None,The geomagnetic field was at quiet levels,074,015,003,002,A1.2,2.6e+05,4.6e+04,4.50e+06,0.75,0.5,None
2020-10-14,2020-10-14,1,None,The geomagnetic field was at quiet levels,072,000,003,002,A1.5,2.0e+05,4.6e+04,1.80e+06,1.0,0.5,None
2020-10-15,2020-10-15,1,None,The geomagnetic field was at quiet levels,075,012,000,000,A2.6,1.3e+05,4.6e+04,2.20e+06,0.5,0.125,None
2020-10-16,2020-10-16,1,None,Quiet,074,014,002,002,A2.3,1.5e+05,4.6e+04,2.00e+06,0.75,0.5,None
2020-10-17,2020-10-17,1,None,Quiet,075,014,004,003,A2.4,1.4e+05,4.6e+04,3.10e+06,1.25,0.875,None
2020-10-18,2020-10-18,1,None,Quiet,073,015,005,004,A2.3,3.7e+05,4.7e+04,5.40e+06,1.625,1.0,None
2020-10-19,2020-10-19,2,None,Quiet,076,028,003,002,A3.4,2.1e+05,4.6e+04,4.80e+06,0.75,0.375,None
2020-10-20,2020-10-20,2,None,Levels were mostly quiet with an isolated unsettled period midday.,075,012,005,005,A3.6,4.9e+05,4.5e+04,6.90e+06,1.625,1.375,None
2020-10-21,2020-10-21,2,None,Levels were quiet.,075,011,003,003,A2.8,5.6e+04,4.5e+04,1.80e+06,1.375,0.625,None
2020-10-22,2020-10-22,1,None,Levels were mostly quiet with an isolated unsettled period.,074,011,007,007,A2.0,3.3e+05,4.5e+04,4.50e+06,1.875,1.5,None
2020-10-23,2020-10-23,1,None,Mainly quiet with an isolated unsettled period to start the day.,075,011,003,004,A2.1,9.6e+04,4.5e+04,1.90e+06,1.125,0.875,None
2020-10-24,2020-10-24,1,None.,The geomagnetic field was at quiet to minor storm levels.,072,011,010,012,A2.0,8.6e+05,4.5e+04,1.00e+07,1.875,1.75,None.
2020-10-25,2020-10-25,1,None.,The geomagnetic field was at quiet to minor storm levels.,072,011,016,018,<A1.0,1.6e+05,4.4e+04,1.70e+07,3.25,3.0,None.
2020-10-26,2020-10-26,1,None.,The geomagnetic field was quiet to active.,074,011,009,013,A1.7,1.0e+06,4.5e+04,1.50e+08,2.625,2.625,None.
2020-10-27,2020-10-27,1,None,Levels were quiet to active.,075,017,015,013,A2.2,8.7e+05,4.5e+04,4.70e+08,3.125,2.75,None
2020-10-28,2020-10-28,1,None,Levels were quiet to unsettled.,082,022,007,008,1.3,3.1e+05,4.5e+04,8.80e+08,2.125,2.0,None
2020-10-29,2020-10-29,1,None,Levels ranged from quiet to active.,088,036,009,012,1.1,2.7e+05,4.4e+04,7.40e+08,2.625,2.5,The 2 MeV electron fluence measured at GOES-16 was high.
2020-10-30,2020-10-30,1,None.,The geomagnetic field was quiet to active.,085,035,011,012,1.6,4.2e+05,4.5e+04,5.60e+08,2.375,2.5,The greater than 2 MeV electron fluence reached high levels today.
2020-10-31,2020-10-31,1,None.,The geomagnetic field was quiet.,080,032,004,004,1.2,1.3e+05,4.5e+04,4.30e+08,1.625,1.25,None.
2020-11-01,2020-11-01,1,None.,The geomagnetic field was quiet to unsettled.,077,026,006,008,A7.0,2.6e+05,4.5e+04,2.10e+08,1.875,1.875,None.
2020-11-02,2020-11-02,1,None.,The geomagnetic field was quiet to active.,077,012,008,009,1.5,1.1e+05,4.6e+04,3.90e+07,2.25,1.875,None.
2020-11-03,2020-11-03,1,None,The geomagnetic field was quiet,082,011,002,001,2.2,7.1e+04,4.6e+04,1.80e+07,0.625,0.125,None
2020-11-04,2020-11-04,1,None,The geomagnetic field was quiet,083,015,002,001,1.4,6.0e+04,4.6e+04,2.60e+07,0.875,0.125,None
2020-11-05,2020-11-05,1,None,The geomagnetic field was quiet,088,018,001,001,2.3,9.0e+04,4.7e+04,3.90e+07,0.375,0.0,None
2020-11-06,2020-11-06,2,None,The geomagnetic field was quiet,091,028,003,002,3.7,6.1e+05,4.7e+04,7.80e+07,1.125,0.625,None
2020-11-07,2020-11-07,1,None,Field conditions were at quiet to unsettled levels.,094,035,007,006,2.5,4.4e+05,4.6e+04,2.20e+07,1.75,1.5,None
2020-11-08,2020-11-08,2,None,Field conditions were at quiet levels.,091,037,004,004,1.6,1.9e+05,4.5e+04,2.30e+07,1.25,1.0,None
2020-11-09,2020-11-09,1,None,Field conditions were at quiet levels.,090,040,003,003,1.6,1.3e+05,4.6e+04,3.30e+07,1.5,0.875,None
2020-11-10,2020-11-10,1,None,???,090,027,000,001,1.6,1.3e+05,4.5e+04,3.40e+07,0.125,0.125,None
2020-11-11,2020-11-11,1,None,The geomagnetic field was quiit,087,027,000,001,1.7,3.3e+05,4.6e+04,3.80e+07,0.125,0.0,None
2020-11-12,2020-11-12,1,None,The geomagnetic field was quiet,088,025,002,003,1.5,1.2e+06,4.6e+04,4.80e+07,0.875,0.625,None
2020-11-13,2020-11-13,1,None,Field conditions were at quiet levels.,085,027,003,003,1.2,6.0e+05,4.5e+04,2.60e+06,1.125,0.625,None
2020-11-14,2020-11-14,1,None,Field conditions were at quiet levels.,082,024,002,002,A9.3,1.4e+05,4.7e+04,2.50e+06,0.875,0.625,None
2020-11-15,2020-11-15,1,None,Field conditions were at quiet levels.,080,011,002,002,A9.6,2.6e+05,4.6e+04,5.10e+06,0.875,0.375,None
2020-11-16,2020-11-16,1,None,Field conditions were at quiet levels.,079,000,002,002,A9.5,3.4e+05,4.6e+04,4.40e+06,0.875,0.5,None
2020-11-17,2020-11-17,1,None,The geomagnetic field was quiet.,077,000,000,001,A9.0,4.2e+05,4.6e+04,4.90e+06,0.5,0.0,None
2020-11-18,2020-11-18,1,None,The geomagnetic field was at quiet levels,079,011,003,002,A5.5,5.1e+05,4.5e+04,4.80e+06,1.0,0.375,None
2020-11-19,2020-11-19,1,None,The geomagnetic field was quiet.,077,011,003,002,A4.4,4.5e+05,4.5e+04,3.40e+06,1.125,0.75,None
2020-11-20,2020-11-20,1,None,The geomagnetic field was quiet.,077,011,002,002,A6.0,3.9e+05,4.5e+04,4.00e+06,0.75,0.375,None
2020-11-21,2020-11-21,1,None.,The geomagnetic field reached active levels.,082,011,009,009,A7.9,1.9e+05,4.4e+04,1.60e+06,2.125,1.75,None.
2020-11-22,2020-11-22,1,None.,The geomagnetic field was unsettled.,085,023,009,008,1.8,5.9e+05,4.4e+04,1.60e+06,2.25,2.0,None.
2020-11-23,2020-11-23,4,None.,The geomagnetic field reached minor storm levels.,088,035,019,024,3.0,1.0e+06,4.4e+04,2.20e+07,3.5,3.625,None.
2020-11-24,2020-11-24,1,None,The geomagnetic field was quiet to unsettled.,096,038,007,006,3.1,8.0e+04,4.4e+04,9.00e+07,2.0,1.875,None
2020-11-25,2020-11-25,1,None,The geomagnetic field was quiet.,100,037,004,004,3.9,6.7e+04,4.6e+04,1.20e+08,1.25,0.875,None
2020-11-26,2020-11-26,1,None,The geomagnetic field was quiet to unsettled.,104,040,004,006,4.1,1.4e+05,4.5e+04,9.20e+07,1.875,1.625,None
2020-11-27,2020-11-27,1,None.,The geomagnetic field was quiet.,106,043,005,005,3.7,1.1e+05,4.5e+04,4.90e+07,1.625,1.5,None.
2020-11-28,2020-11-28,1,None.,The geomagnetic field was unsettled.,106,060,007,007,3.4,5.4e+05,4.5e+04,6.30e+07,2.125,1.625,None.
2020-11-29,2020-11-29,3,None.,The geomagnetic field was unsettled.,110,067,009,009,4.5,1.2e+05,4.6e+04,6.80e+07,2.125,2.25,None.
2020-11-30,2020-11-30,1,None.,The geomagnetic field was quiet.,116,084,006,004,4.8,9.1e+04,4.7e+04,6.00e+07,1.5,0.875,None.
2020-12-01,2020-12-01,1,None,The geomagnetic field reached unsettled levels,109,062,006,006,3.5,4.9e+05,1.8e+05,2.40e+07,1.625,1.375,None
2020-12-02,2020-12-02,23,None,The geomagnetic field was at quiet levels,104,046,002,002,3.3,7.5e+05,3.2e+05,2.60e+07,0.5,0.25,None
2020-12-03,2020-12-03,11,None,The geomagnetic field was at quiet levels,105,041,004,002,3.1,2.0e+06,2.7e+05,5.00e+07,1.0,0.625,None
2020-12-04,2020-12-04,21,None,The geomagnetic field was at quiet levels,103,040,001,001,3.0,4.7e+06,1.6e+05,3.70e+07,0.625,0.375,None
2020-12-05,2020-12-05,15,None.,The geomagnetic field was quiet.,096,038,001,000,2.4,1.0e+07,7.8e+04,2.50e+07,0.375,0.0,None.
2020-12-06,2020-12-06,1,None.,The geomagnetic field was quiet.,100,042,004,002,2.7,1.4e+07,5.8e+04,2.90e+07,1.125,0.625,None.
2020-12-07,2020-12-07,1,None.,The geomagnetic field was quiet.,091,025,004,005,2.0,5.2e+06,5.0e+04,2.70e+07,1.75,1.25,None.
2020-12-08,2020-12-08,1,None,The geomagnetic field was at quiet levels,090,035,002,001,2.1,1.1e+06,4.8e+04,1.70e+07,0.625,0.125,None
2020-12-09,2020-12-09,1,None,The geomagnetic field was at quiet levels,082,011,004,003,A6.9,3.2e+06,6.9e+04,1.40e+07,1.375,0.625,None
2020-12-10,2020-12-10,1,None,The geomagnetic field was at quiet levels,082,011,006,004,A4.0,9.4e+06,5.7e+04,7.90e+06,1.625,1.125,None
2020-12-11,2020-12-11,1,None.,The geomagnetic field was quiet to unsettled.,082,011,006,004,A5.1,4.5e+06,4.6e+04,3.20e+06,1.5,0.75,None.
2020-12-12,2020-12-12,1,None.,The geomagnetic field was quiet to unsettled.,083,011,004,004,A6.7,1.2e+06,4.3e+04,3.20e+06,1.375,1.0,None.
2020-12-13,2020-12-13,1,None.,The geomagnetic field was quiet.,082,024,003,002,A6.9,9.5e+05,4.3e+04,6.10e+06,1.25,0.5,None.
2020-12-14,2020-12-14,1,None.,The geomagnetic field was quiet to unsettled.,081,014,003,003,A6.6,3.8e+05,4.3e+04,5.00e+06,1.0,0.875,None.
2020-12-15,2020-12-15,1,None,The geomagnetic field was quiet.,083,025,002,002,A6.8,4.9e+05,4.5e+04,5.70e+06,0.75,0.25,None
2020-12-16,2020-12-16,1,None,The geomagnetic field was quiet.,083,025,002,001,A6.6,4.1e+05,4.4e+04,5.00e+06,0.875,0.375,None
2020-12-17,2020-12-17,1,None,The geomagnetic field was quiet.,082,012,003,002,A4.9,6.2e+05,4.5e+04,4.40e+06,0.875,0.25,None
2020-12-18,2020-12-18,1,None,The geomagnetic field was quiet.,082,012,002,000,A4.0,5.2e+05,4.5e+04,2.90e+06,0.375,0.125,None
2020-12-19,2020-12-19,1,None,Field conditions were at quiet levels.,082,000,002,001,A3.3,9.2e+05,4.4e+04,2.80e+06,0.875,0.125,None
2020-12-20,2020-12-20,1,None,Field activity was at quiet levels.,082,000,004,004,A5.7,1.4e+06,4.4e+04,1.50e+06,1.75,1.125,None
2020-12-21,2020-12-21,1,None,Field conditions were at quiet levels.,084,011,004,003,A6.9,4.7e+05,4.4e+04,1.30e+06,1.625,0.75,None
2020-12-22,2020-12-22,1,None,The geomagnetic field was quiet to active.,080,011,008,008,A7.0,1.2e+06,4.4e+04,1.70e+06,2.125,1.875,None
2020-12-23,2020-12-23,1,None,The geomagnetic field was quiet to unsettled.,086,011,011,010,A9.2,3.0e+05,4.3e+04,1.90e+06,2.375,2.5,None
2020-12-24,2020-12-24,1,None,The geomagnetic field was quiet to active.,086,027,011,011,1.0,2.3e+05,4.4e+04,1.40e+07,2.75,2.0,None
2020-12-25,2020-12-25,1,None.,The geomagnetic field was unsettled.,087,025,007,007,A7.6,3.8e+05,4.4e+04,4.00e+07,2.125,1.75,None.
2020-12-26,2020-12-26,1,None.,The geomagnetic field was quiet.,088,030,004,004,A9.8,2.2e+05,4.5e+04,4.90e+07,1.5,0.875,None.
2020-12-27,2020-12-27,1,None,The geomagnetic field was at quiet levels,088,031,003,003,A9.1,2.4e+05,4.5e+04,4.20e+07,1.0,0.5,None
2020-12-28,2020-12-28,1,None,The geomagnetic field was at quiet levels,088,026,004,004,A8.3,9.6e+05,4.5e+04,4.30e+07,1.625,0.875,None
2020-12-29,2020-12-29,4,None,Levels were quiet.,087,026,006,005,A7.2,2.5e+05,4.6e+04,1.50e+07,1.875,1.375,None
2020-12-30,2020-12-30,1,None,Levels were quiet.,084,026,005,004,A5.6,2.9e+05,4.5e+04,2.10e+07,1.625,1.375,None
2020-12-31,2020-12-31,6,None,Levels were quiet.,083,026,006,006,A5.7,1.3e+05,4.5e+04,1.30e+07,2.0,1.375,None
2021-01-01,2021-01-01,1,None,Levels were quiet.,081,025,002,002,A4.5,8.6e+04,4.5e+04,2.00e+07,1.375,0.25,None
2021-01-02,2021-01-02,1,None.,The geomagnetic field was quiet.,080,023,003,002,A4.7,1.0e+05,4.5e+04,2.10e+07,0.75,0.375,None.
2021-01-03,2021-01-03,1,None.,The geomagnetic field was quiet.,082,022,???,001,A4.8,1.1e+05,4.6e+04,2.10e+07,0.625,0.125,None.
2021-01-04,2021-01-04,1,None.,The geomagnetic field was quiet.,080,000,001,000,A4.6,1.8e+05,4.6e+04,2.10e+07,0.625,0.0,None.
2021-01-05,2021-01-05,1,None,Levels were quiet.,078,000,003,002,A2.7,1.9e+05,4.5e+04,8.30e+06,1.125,0.375,None
2021-01-06,2021-01-06,1,None,Minor storm conditons were observed during the 12-15 UTC period.,075,000,009,010,A2.0,5.4e+06,4.5e+04,5.40e+06,2.0,1.75,None
2021-01-07,2021-01-07,1,None,Levels were quiet to unsettled.,074,000,009,009,<A1.0,1.7e+05,4.4e+04,1.30e+06,2.0,2.125,None
2021-01-08,2021-01-08,1,None,The geomagnetic field was at quiet levels,075,000,004,005,A1.0,8.8e+04,4.5e+04,1.60e+06,1.25,1.375,None
2021-01-09,2021-01-09,1,None,The geomagnetic field was at quiet levels,075,000,001,001,A1.4,1.8e+05,4.5e+04,2.30e+06,0.5,0.25,None
2021-01-10,2021-01-10,1,None,The geomagnetic field was at quiet levels,074,000,002,001,A1.2,1.7e+05,4.5e+04,2.30e+06,0.5,0.125,None
2021-01-11,2021-01-11,1,None,The geomagnetic field was at quiet levels,073,000,003,002,<A1.0,4.5e+05,4.4e+04,2.50e+06,0.625,0.375,None
2021-01-12,2021-01-12,1,None.,The geomagnetic field was quiet to active.,073,000,010,013,<A1.0,5.7e+06,4.3e+04,1.90e+06,1.875,2.125,None.
2021-01-13,2021-01-13,1,None.,The geomagnetic field was quiet to unsettled.,073,000,008,008,<A1.0,8.6e+04,4.3e+04,2.10e+06,2.0,1.75,None.
2021-01-14,2021-01-14,1,None.,The geomagnetic field was quiet.,073,000,003,002,<A1.0,5.2e+04,4.3e+04,1.90e+06,1.125,0.375,None.
2021-01-15,2021-01-15,1,None.,The geomagnetic field was quiet.,074,000,001,001,<A1.0,7.1e+04,4.4e+04,3.30e+06,0.5,0.125,None.
2021-01-16,2021-01-16,1,None,The geomagnetic field was quiet,073,013,002,001,A1.4,9.0e+04,4.4e+04,2.70e+06,0.625,0.125,None
2021-01-17,2021-01-17,1,None,The geomagnetic field was quiet,078,015,002,002,A3.1,7.4e+04,4.3e+04,2.20e+06,1.125,0.375,None
2021-01-18,2021-01-18,1,None,The geomagnetic field was quiet,077,023,002,001,A4.1,7.0e+04,4.4e+04,2.10e+06,0.5,0.125,None
2021-01-19,2021-01-19,1,None.,The geomagnetic field was quiet.,075,013,003,002,A2.9,1.4e+05,4.4e+04,2.10e+06,0.875,0.5,None.
2021-01-20,2021-01-20,1,None.,The geomagnetic field was quiet.,078,014,006,003,A4.1,1.3e+05,4.5e+04,1.40e+06,1.125,0.75,None.
2021-01-21,2021-01-21,1,None.,The geomagnetic field was quiet.,077,025,005,005,A3.7,1.4e+05,4.5e+04,1.60e+06,1.625,1.125,None.
2021-01-22,2021-01-22,1,None,The geomagnetic field was quiet,078,026,002,001,A5.7,8.5e+04,4.5e+04,1.20e+06,0.75,0.0,None
2021-01-23,2021-01-23,1,None,The geomagnetic field was quiet,078,039,003,002,A3.7,1.6e+05,4.5e+04,1.30e+06,0.75,0.5,None
2021-01-24,2021-01-24,1,None,The geomagnetic field was quiet,078,034,003,003,A2.9,1.9e+05,4.4e+04,1.60e+06,1.25,0.75,None
2021-01-25,2021-01-25,1,None,The geomagnetic field was quiet,078,023,004,005,A2.5,2.8e+05,4.4e+04,1.40e+06,1.625,1.125,None
2021-01-26,2021-01-26,1,None,The geomagnetic field reached G1 (Minor) storming levels due to negative polarity CH HSS effects.,077,026,014,014,A4.8,6.6e+05,4.4e+04,1.60e+06,2.875,2.375,None
2021-01-27,2021-01-27,1,None,The geomagnetic field was quiet to active under negative polarity CH HSS effects.,076,023,009,010,A2.9,9.1e+04,4.5e+04,2.10e+07,2.5,1.875,None
2021-01-28,2021-01-28,1,None,The geomagnetic field was quiet to unsettled.,076,026,009,008,A1.3,6.0e+04,4.5e+04,1.10e+08,2.25,2.0,None
2021-01-29,2021-01-29,1,None,The geomagnetic field was quiet to unsettled.,076,000,003,002,A1.6,5.3e+04,4.5e+04,1.60e+08,1.125,0.375,None
2021-01-30,2021-01-30,1,None,Field activity was at quiet levels.,076,000,002,002,A2.6,6.1e+04,4.5e+04,1.70e+08,0.75,0.125,None
2021-01-31,2021-01-31,1,None,Field conditions were at quiet levels.,074,000,002,002,A1.9,6.6e+04,4.6e+04,1.70e+08,0.875,0.375,None
2021-02-01,2021-02-01,1,None,Field conditions were at quiet levels.,073,000,000,000,A1.7,3.9e+05,4.6e+04,2.10e+08,0.25,0.0,None
2021-02-02,2021-02-02,1,None,The geomagnetic field was quiet.,074,000,004,004,A1.0,4.8e+05,4.5e+04,4.80e+07,1.5,0.875,None
2021-02-03,2021-02-03,1,None,The geomagnetic field was quiet to active under negative polarity CH HSS influence.,073,012,011,???,A1.2,8.5e+05,4.5e+04,3.70e+06,2.625,2.25,None
2021-02-04,2021-02-04,1,None,The geomagnetic field was quiet to unsettled with an isolated active period.,074,011,010,011,A1.0,4.5e+05,4.5e+04,8.90e+06,2.25,2.25,None
2021-02-05,2021-02-05,1,None,Field conditions were at quiet to unsettled levels.,074,000,007,006,<A1.0,5.3e+04,4.5e+04,6.70e+06,2.0,1.375,None
2021-02-06,2021-02-06,1,None,Field conditions were at quiet levels.,073,000,003,004,<A1.0,5.2e+04,4.5e+04,1.10e+07,1.5,1.0,None
2021-02-07,2021-02-07,1,None,Field conditions were at quiet to active levels due to coronal hole high speed stream effects.,073,000,004,007,<A1.0,3.2e+05,4.4e+04,2.70e+07,1.125,1.375,None
2021-02-08,2021-02-08,1,None,Field activity was at quiet to G1 (minor) storm conditions due to CH HSS activity.,073,000,018,019,<A1.0,2.5e+05,4.3e+04,5.40e+06,3.0,2.875,None
2021-02-09,2021-02-09,1,None,The geomagnetic field was quiet.,074,000,006,005,A1.8,2.7e+05,4.4e+04,9.80e+06,1.75,1.375,None
2021-02-10,2021-02-10,1,None,The geomagnetic field was quiet.,070,000,003,005,A1.4,7.3e+04,4.4e+04,4.60e+06,1.5,1.0,None
2021-02-11,2021-02-11,1,None,The geomagnetic field was quiet.,074,000,001,002,A1.7,6.5e+04,4.4e+04,5.40e+06,0.875,0.5,None
2021-02-12,2021-02-12,1,None,The geomagnetic field was quiet.,076,000,002,002,A1.3,2.9e+05,4.4e+04,1.10e+07,1.0,0.375,None
2021-02-13,2021-02-13,1,None.,The geomagnetic field was quiet.,072,000,004,003,A1.3,3.6e+05,4.4e+04,7.20e+06,1.0,0.875,None.
2021-02-14,2021-02-14,1,None.,The geomagnetic field reached active conditions.,071,000,010,009,A1.0,1.6e+05,4.3e+04,1.50e+06,2.125,2.0,None.
2021-02-15,2021-02-15,1,None.,The geomagnetic field was quiet.,071,000,003,004,A1.1,5.0e+04,4.3e+04,2.00e+06,1.25,0.875,None.
2021-02-16,2021-02-16,1,None.,The geomagnetic field was quiet.,070,000,003,003,A1.3,8.1e+04,4.3e+04,3.10e+06,1.25,0.875,None
2021-02-17,2021-02-17,1,None,The geomagnetic field ranged from quiet to active levels.,071,000,011,012,A1.0,6.2e+05,4.3e+04,1.40e+06,2.625,2.25,None
2021-02-18,2021-02-18,1,None,The geomagnetic field was quiet.,072,000,006,006,A2.0,5.7e+04,4.4e+04,1.70e+06,2.125,1.625,None
2021-02-19,2021-02-19,1,None.,The geomagnetic field was quiet.,071,012,002,002,A3.0,5.1e+04,4.4e+04,1.90e+06,1.125,0.5,None.
2021-02-20,2021-02-20,1,None.,The geomagnetic field reached active levels.,073,012,013,???,A2.5,1.4e+06,4.5e+04,1.50e+06,2.75,0.375,None.
2021-02-21,2021-02-21,1,None.,The geomagnetic field reached active levels.,076,012,015,???,A2.6,4.3e+05,4.4e+04,1.10e+07,3.375,0.0,Planetary values unavailable due to systems issues at the 557th.
2021-02-22,2021-02-22,1,None.,The geomagnetic field reached active conditions.,075,011,018,???,<A1.0,5.4e+05,4.4e+04,1.90e+08,3.25,0.0,Planetary Kp values unavailable due to USAF system issues.
2021-02-23,2021-02-23,1,None,Geomagnetic activity was quiet to active.,076,026,013,013,A2.1,2.0e+05,4.4e+04,3.00e+08,2.75,2.625,None
2021-02-24,2021-02-24,1,None,The geomagnetic field was quiet to unsettled.,078,031,010,011,A4.2,1.2e+05,4.3e+04,3.80e+08,2.5,2.375,None
2021-02-25,2021-02-25,1,None,The geomagnetic field was quiet to active.,081,033,016,017,A5.3,2.5e+05,4.3e+04,2.50e+08,2.625,2.875,None
2021-02-26,2021-02-26,1,None,The geomagnetic field was at quiet to minor storm levels.,080,031,013,015,A7.3,5.6e+04,4.3e+04,2.00e+07,2.75,2.875,None
2021-02-27,2021-02-27,1,None.,The geomagnetic field was quiet to unsettled.,080,016,008,009,A5.9,1.7e+05,4.4e+04,1.10e+08,2.5,2.25,None.
2021-02-28,2021-02-28,2,None.,The geomagnetic field was quiet.,079,014,003,004,A5.5,6.5e+04,4.5e+04,5.50e+07,1.375,1.125,None.
2021-03-01,2021-03-01,1,None.,The geomagnetic field was quiet to unsettled.,078,013,004,005,A5.2,7.6e+04,4.5e+04,1.10e+08,1.375,1.375,None.
2021-03-02,2021-03-02,2,None,The geomagnetic field was quiet to moderate storm (G2) levels.,071,000,016,024,A3.9,2.7e+05,4.4e+04,2.30e+06,3.25,3.25,None
2021-03-03,2021-03-03,1,None,The geomagnetic field was at quiet to moderate (G2) storm levels.,075,028,014,021,A2.3,3.7e+05,4.4e+04,5.80e+06,3.25,3.125,None
2021-03-04,2021-03-04,1,None,The geomagnetic field was quiet to minor (G1) storm levels.,074,030,015,022,A3.9,1.7e+05,4.4e+04,1.40e+08,3.0,3.125,None
2021-03-05,2021-03-05,1,None.,The geomagnetic field was quiet to active.,081,032,011,009,A2.0,6.2e+04,4.5e+04,2.30e+08,2.0,2.0,None.
2021-03-06,2021-03-06,1,None.,The geomagnetic field was quiet.,073,014,005,005,A2.8,5.6e+04,4.5e+04,2.30e+08,2.0,1.5,None.
2021-03-07,2021-03-07,1,None.,The geomagnetic field was quiet to active.,077,023,011,014,A2.1,1.8e+05,4.4e+04,4.80e+07,3.0,2.75,None.
2021-03-08,2021-03-08,1,None.,The geomagnetic field was quiet to unsettled.,078,014,007,007,A4.2,6.8e+04,4.4e+04,3.40e+07,1.75,1.5,None.
2021-03-09,2021-03-09,1,None,Levels were quiet.,080,012,005,004,A5.5,2.2e+05,4.4e+04,5.60e+07,1.375,1.0,None
2021-03-10,2021-03-10,1,None,Levels were quiet.,084,023,002,003,A6.3,1.3e+05,4.5e+04,5.90e+07,1.25,0.75,None
2021-03-11,2021-03-11,1,None,Levels were quiet.,079,011,002,002,A5.1,5.5e+05,4.5e+04,6.40e+07,1.0,0.375,None
2021-03-12,2021-03-12,1,None,Levels were mostly quiet with an isolated period of unsettled activity late in the day.,078,023,003,004,A3.6,7.2e+05,4.5e+04,7.50e+07,1.125,0.75,None
2021-03-13,2021-03-13,1,None,Quiet to Unsettled,077,015,009,009,A2.7,1.5e+05,4.4e+04,3.20e+07,2.25,2.25,None
2021-03-14,2021-03-14,1,None,The geomagnetic field was at quiet to active levels due to CH HSS influence.,081,012,013,016,A2.1,1.8e+05,4.3e+04,1.80e+06,3.0,3.0,None
2021-03-15,2021-03-15,1,None,The geomagnetic field was at quiet to minor storm levels due to CH HSS influence.,078,024,017,022,A2.9,2.3e+05,4.3e+04,5.50e+07,3.375,3.5,None
2021-03-16,2021-03-16,1,None,Levels were mostly quiet with an isolated unsettled period at the beginning of the day.,075,024,005,005,A4.0,5.7e+04,4.4e+04,1.40e+08,1.875,1.375,None
2021-03-17,2021-03-17,1,None,Levels were quiet.,079,023,002,002,A4.3,7.7e+04,4.4e+04,1.80e+08,0.75,0.25,None
2021-03-18,2021-03-18,1,None,Levels were mostly quiet with an isolated unsettled period the second half of the day.,078,012,002,004,A3.8,1.5e+05,4.4e+04,1.90e+08,1.0,1.125,None
2021-03-19,2021-03-19,1,None,Quiet,073,012,004,003,A3.3,9.4e+04,4.4e+04,5.50e+07,1.0,0.75,None
2021-03-20,2021-03-20,1,None,Quiet to Unsettled,074,014,006,005,A3.1,6.6e+04,4.5e+04,3.40e+07,1.5,1.125,None
2021-03-21,2021-03-21,1,None,The geomagnetic field was at quiet to minor storm levels due to CH HSS activity.,080,012,020,023,A3.4,5.4e+05,4.4e+04,3.70e+06,3.5,3.5,None
2021-03-22,2021-03-22,1,None,The geomagnetic field was at quiet to active levels,077,012,017,020,A5.2,5.1e+05,4.3e+04,6.20e+07,3.0,3.0,None
2021-03-23,2021-03-23,1,None.,The geomagnetic field was quiet to unsettled.,080,012,006,006,A4.8,1.1e+05,4.3e+04,1.70e+08,2.125,1.625,None.
2021-03-24,2021-03-24,1,None.,The geomagnetic field was quiet to unsettled.,079,026,009,008,A6.3,7.8e+04,4.4e+04,3.00e+08,2.25,2.125,None.
2021-03-25,2021-03-25,1,None.,The geomagnetic field was quiet to unsettled.,084,026,011,010,A4.6,5.9e+04,4.4e+04,1.70e+08,2.375,2.375,None.
2021-03-26,2021-03-26,1,None.,The geomagnetic field was at quiet to minor storm levels.,079,024,018,016,A3.3,8.2e+04,4.4e+04,2.00e+07,3.125,2.625,None.
2021-03-27,2021-03-27,1,None,The geomagnetic field reached active levels,080,024,011,010,A3.5,5.9e+04,4.4e+04,4.20e+07,2.5,2.125,None
2021-03-28,2021-03-28,1,None,The geomagnetic field reached unsettled levels,080,011,007,005,A3.0,5.5e+04,4.4e+04,2.70e+07,1.625,0.875,None
2021-03-29,2021-03-29,1,None,The geomagnetic field was quiet to unsettled,075,011,004,003,A2.4,5.5e+04,4.5e+04,7.80e+06,0.875,0.75,None
2021-03-30,2021-03-30,1,None.,The geomagnetic field was quiet.,074,013,003,002,A2.4,5.7e+04,4.6e+04,1.10e+07,1.0,0.625,None.
2021-03-31,2021-03-31,1,None.,The geomagnetic field was quiet.,080,000,004,002,A2.2,1.0e+05,4.6e+04,1.90e+07,0.875,0.375,None.
2021-04-01,2021-04-01,1,None.,The geomagnetic field was quiet to unsettled.,074,000,007,007,A1.7,1.4e+05,4.6e+04,1.20e+07,2.25,1.875,None.
2021-04-02,2021-04-02,1,None,The geomagnetic field was at quiet to unsettled levels,078,000,008,006,A1.6,5.5e+04,4.6e+04,3.70e+06,2.125,1.375,None
2021-04-03,2021-04-03,1,None,The geomagnetic field was quiet to unsettled,072,000,004,005,A1.4,8.1e+04,4.5e+04,1.20e+07,1.375,1.0,None
2021-04-04,2021-04-04,1,None,The geomagnetic field was at quiet levels,073,000,002,004,<A1.0,5.2e+04,4.4e+04,2.10e+06,1.25,0.75,None
2021-04-05,2021-04-05,1,None,The geomagnetic field was at quiet levels,070,011,002,003,<A1.0,5.5e+04,4.5e+04,2.50e+06,0.5,0.75,None
2021-04-06,2021-04-06,1,None,The geomagnetic field was quiet to unsettled.,072,011,005,004,<A1.0,8.7e+04,4.5e+04,3.20e+06,1.5,0.875,None
2021-04-07,2021-04-07,1,None,The geomagnetic field was quiet.,074,011,003,003,<A1.0,8.7e+04,4.4e+04,1.90e+06,1.25,0.625,None
2021-04-08,2021-04-08,1,None,The geomagnetic field was quiet to active with an isolated G1 (minor) storming period due to CIR/+CH HSS effects.,076,000,015,019,<A1.0,4.3e+05,4.3e+04,1.60e+06,3.0,2.875,None
2021-04-09,2021-04-09,1,None,The geomagnetic field was quiet.,074,000,003,004,A1.1,5.5e+04,4.3e+04,1.50e+06,1.0,0.875,None
2021-04-10,2021-04-10,1,None,The geomagnetic field was quiet.,078,000,002,002,<A1.0,6.3e+04,4.3e+04,1.60e+06,0.875,0.625,None
2021-04-11,2021-04-11,1,None,Field conditions were at quiet levels.,070,000,003,004,A1.0,6.3e+04,4.4e+04,1.40e+06,1.125,0.875,None
2021-04-12,2021-04-12,1,None,Field conditions were at quiet levels.,073,000,005,005,A1.6,5.8e+04,4.3e+04,1.40e+06,1.75,1.5,None
2021-04-13,2021-04-13,1,None,The geomagnetic field was quiet.,083,016,004,004,A2.7,7.3e+04,4.3e+04,1.30e+06,1.5,1.25,None
2021-04-14,2021-04-14,1,None,The geomagnetic field was quiet.,073,016,005,006,A2.5,6.2e+04,4.3e+04,1.20e+06,1.75,1.5,None
2021-04-15,2021-04-15,1,None,The geomagnetic field was mostly quiet with an isolated active period.,074,017,007,006,A3.7,7.2e+04,4.3e+04,1.10e+06,1.875,1.375,None
2021-04-16,2021-04-16,1,None,Field activity was at quiet to active levels.,072,022,011,010,A4.7,7.3e+04,4.2e+04,1.30e+06,2.625,2.125,None
2021-04-17,2021-04-17,1,None,"Field conditions reach G1 (Minor) geomagnetic storm levels due to negative polarity, CH HSS influence",077,044,015,018,A4.8,3.5e+05,4.3e+04,1.20e+06,3.0,3.125,None
2021-04-18,2021-04-18,2,None,"Field activity was at unsettled to G1 (Minor) storm levels due to negative polarity, CH HSS influence.",075,028,020,024,A4.4,2.5e+05,4.2e+04,3.00e+07,3.75,3.75,None
2021-04-19,2021-04-19,1,None,Field activity was at quiet to active levels under negative polarity coronal high speed stream influence.,078,015,013,016,A7.4,5.0e+05,4.2e+04,3.50e+08,3.125,3.0,None
2021-04-20,2021-04-20,1,None,The geomagnetic field was unsettled to active due coronal hole activity.,086,036,015,020,1.1,3.7e+05,4.1e+04,2.10e+08,3.375,3.375,None
2021-04-21,2021-04-21,2,None,The geomagnetic field was quiet to unsettled with waning coronal hole activity.,080,054,010,012,1.9,2.1e+05,4.2e+04,4.70e+08,2.625,2.625,None
2021-04-22,2021-04-22,2,None,The geomagnetic field was at quiet to unsettled levels,078,047,007,007,1.2,6.5e+04,4.2e+04,5.50e+08,2.0,1.875,None
2021-04-23,2021-04-23,2,None,The geomagnetic field was quiet,084,042,004,005,2.3,8.3e+04,4.3e+04,6.90e+08,1.75,1.5,None
2021-04-24,2021-04-24,1,None.,The geomagnetic field reached active levels due to influence from a CIR.,077,029,015,012,2.3,2.5e+05,4.3e+04,5.00e+08,2.875,2.5,None.
2021-04-25,2021-04-25,1,None.,The geomagnetic field was unsettled.,079,062,010,012,1.3,6.8e+04,4.3e+04,1.80e+08,2.375,2.75,None.
2021-04-26,2021-04-26,1,None.,The geomagnetic field reached minor storm levels in response to CME effects.,079,057,016,019,A6.6,7.1e+04,4.3e+04,1.80e+07,3.0,3.25,None.
2021-04-27,2021-04-27,3,None,"The geomagnetic field hit minor storm conditions for a period due to residual CME influence. Otherwise, it was active to start the day and ended with quiet conditions.",080,054,012,014,A7.1,8.9e+04,4.3e+04,2.90e+06,2.75,2.625,None
2021-04-28,2021-04-28,1,None,The geomagnetic field was quiet to unsettled,079,047,008,009,A7.4,5.2e+04,4.4e+04,1.40e+07,2.125,2.125,None
2021-04-29,2021-04-29,1,None,The geomagnetic field was quiet,078,042,004,004,A6.6,5.2e+04,4.5e+04,4.10e+07,1.125,0.75,None
2021-04-30,2021-04-30,1,None.,The geomagnetic field was quiet.,077,037,005,005,A5.6,5.4e+04,4.5e+04,4.60e+07,1.5,1.375,None.
2021-05-01,2021-05-01,1,None.,The geomagnetic field was quiet.,073,035,006,006,A4.5,1.8e+05,4.4e+04,4.30e+07,1.625,1.5,None.
2021-05-02,2021-05-02,1,None.,The geomagnetic field was quiet.,072,011,006,005,A3.1,1.2e+05,4.4e+04,8.90e+06,1.875,1.375,None.
2021-05-03,2021-05-03,1,None.,The geomagnetic field was unsettled.,072,000,012,009,A3.0,8.5e+04,4.5e+04,2.10e+06,1.5,2.0,None.
2021-05-04,2021-05-04,1,None,The geomagnetic field was quiet to unsettled.,072,000,006,005,A2.1,9.4e+04,4.4e+04,1.80e+06,0.0,1.75,None
2021-05-05,2021-05-05,1,None.,The geomagnetic field was quiet.,070,000,005,004,A2.9,1.6e+05,4.3e+04,3.30e+06,1.25,0.875,None
2021-05-06,2021-05-06,1,None.,The geomagnetic field was quiet.,070,000,003,001,A2.0,1.3e+05,4.4e+04,4.00e+06,0.875,0.25,None
2021-05-07,2021-05-07,1,None.,The geomagnetic field was quiet.,071,000,002,004,A3.6,1.0e+05,4.4e+04,4.90e+06,1.0,1.0,None
2021-05-08,2021-05-08,1,None.,The geomagnetic field was quiet.,075,015,003,002,A5.0,1.1e+05,4.5e+04,4.30e+06,1.0,0.5,None.
2021-05-09,2021-05-09,1,None.,The geomagnetic field was quiet.,076,017,004,002,A6.0,1.4e+05,4.4e+04,6.60e+06,1.125,0.625,None.
2021-05-10,2021-05-10,2,None.,The geomagnetic field was quiet.,076,018,006,002,A5.5,3.1e+05,4.5e+04,5.90e+06,1.125,0.5,None.
2021-05-11,2021-05-11,1,None.,The geomagnetic field was quiet.,077,036,008,006,A5.2,1.9e+05,4.3e+04,5.30e+06,2.25,1.625,None
2021-05-12,2021-05-12,1,None.,The geomagnetic field was quiet.,076,031,004,004,A4.6,8.4e+04,4.3e+04,2.20e+06,1.375,0.875,None
2021-05-13,2021-05-13,1,None.,The geomagnetic field ranged from quiet to G3 (Strong) storm levels due to effects from the aforementioned 09 May CME.,075,031,025,037,A3.6,9.7e+05,4.3e+04,2.30e+06,2.875,3.5,None
2021-05-14,2021-05-14,3,None.,The geomagnetic field was quiet to unsettled.,075,024,007,006,A3.2,5.0e+04,4.2e+04,1.50e+06,2.375,1.75,None
2021-05-15,2021-05-15,1,None.,The geomagnetic field was quiet to unsettled.,071,024,004,005,A2.7,5.1e+04,4.2e+04,2.20e+06,1.125,1.125,None.
2021-05-16,2021-05-16,1,None.,The geomagnetic field was quiet to unsettled.,073,024,008,008,A2.5,5.6e+04,4.3e+04,1.80e+06,2.0,1.625,None.
2021-05-17,2021-05-17,1,None.,The geomagnetic field was quiet.,073,011,004,005,A4.1,6.3e+04,4.3e+04,1.90e+06,1.375,1.25,None.
2021-05-18,2021-05-18,1,None,The geomagnetic field was quiet to unsettled.,075,011,006,006,A7.3,5.5e+04,4.3e+04,2.40e+06,2.125,1.625,None
2021-05-19,2021-05-19,2,None,The geomagnetic response was quiet to active conditions.,076,024,010,016,A7.6,5.7e+04,4.3e+04,1.70e+06,2.625,1.875,None
2021-05-20,2021-05-20,1,None,The geomagnetic field was quiet to unsettled.,076,024,005,005,A6.7,8.0e+04,4.4e+04,2.20e+06,1.5,1.375,None
2021-05-21,2021-05-21,1,None,The geomagnetic field reached an isolated period of G1 (minor) storm level due to CH activity.,072,013,017,019,A5.8,1.3e+05,4.4e+04,1.50e+06,3.125,3.375,None
2021-05-22,2021-05-22,5,None.,The geomagnetic field was quiet to unsettled.,074,013,008,007,A7.1,5.8e+04,4.4e+04,2.70e+07,1.125,1.875,None.
2021-05-23,2021-05-23,11,None.,The geomagnetic field was quiet.,076,019,005,004,1.8,5.4e+04,4.5e+04,3.90e+07,1.625,1.25,None.
2021-05-24,2021-05-24,11,None.,The geomagnetic field was quiet.,079,030,004,004,1.4,5.4e+04,4.6e+04,3.80e+07,1.5,0.75,None.
2021-05-25,2021-05-25,1,None,The geomagnetic field was quiet.,073,029,002,003,A7.0,5.7e+04,4.5e+04,5.50e+07,0.875,0.75,None
2021-05-26,2021-05-26,1,None,The geomagnetic field was quiet.,084,036,003,003,A8.4,7.0e+04,4.6e+04,7.10e+07,1.25,0.75,None
2021-05-27,2021-05-27,1,None,A Kp of 5 was observed with CME effects.,088,034,012,014,2.9,2.5e+05,4.6e+04,2.90e+07,0.0,1.875,The Boulder mangnetometer was out of service.
2021-05-28,2021-05-28,1,None.,The geomagnetic field was quiet to active.,083,034,015,014,2.4,8.5e+04,4.5e+04,1.80e+06,0.0,2.875,None.
2021-05-29,2021-05-29,1,The greater than 10 MeV proton flux is expected to reach 10 pfu threshold on 29 May due to the long duration C9 flare at 28/2313 UTC.,The geomagnetic field was quiet.,077,028,003,003,1.3,5.4e+04,4.5e+04,1.70e+06,1.125,0.75,None.
2021-05-30,2021-05-30,1,"The greater than 10 MeV proton event that began at 29/0300Z, reached a peak flux of 15 pfu at 29/0320Z and ended at 29/0540Z.",The geomagnetic field was quiet.,076,026,007,005,2.1,1.4e+07,3.6e+05,2.30e+06,1.5,1.25,None.
2021-05-31,2021-05-31,1,None.,The geomagnetic field was quiet to unsettled.,074,027,007,007,1.2,7.8e+06,5.3e+04,2.10e+06,1.875,1.5,None.
2021-06-01,2021-06-01,3,None,Levels were quiet.,082,031,004,004,A6.7,1.3e+06,4.8e+04,2.30e+06,1.0,0.875,None
2021-06-02,2021-06-02,1,None,Levels were quiet.,075,020,003,002,A5.5,8.0e+05,4.7e+04,2.50e+06,1.0,0.375,None
2021-06-03,2021-06-03,1,None,Levels were quiet.,076,030,005,005,A5.4,1.3e+06,4.6e+04,2.30e+06,1.5,1.25,None
2021-06-04,2021-06-04,3,None,Levels were mostly quiet.,076,028,008,008,A5.3,9.4e+04,4.6e+04,1.80e+06,1.875,1.875,None
2021-06-05,2021-06-05,1,None,The geomagnetic field was at quiet levels,077,030,004,005,A6.6,6.1e+04,4.4e+04,1.30e+06,2.0,1.125,None
2021-06-06,2021-06-06,1,None,The geomagnetic field reached unsettled levels,074,030,004,004,A4.8,6.6e+04,4.5e+04,1.30e+06,1.5,1.125,None
2021-06-07,2021-06-07,2,None,The geomagnetic field was at quiet levels,077,042,006,004,A5.8,5.7e+04,4.5e+04,1.10e+06,1.625,1.0,None
2021-06-08,2021-06-08,1,None,Levels became unsettled to active late in the day.,081,053,015,013,1.0,1.7e+05,4.4e+04,1.30e+06,2.625,2.5,None
2021-06-09,2021-06-09,1,None,Levels were quiet.,080,034,007,005,1.3,5.0e+04,4.3e+04,1.20e+06,1.625,1.25,None
2021-06-10,2021-06-10,1,None,Levels were quiet.,079,027,004,004,2.4,5.9e+04,5.1e+04,1.60e+06,1.375,0.875,None
2021-06-11,2021-06-11,1,None,The geomagnetic field was at quiet levels,073,029,005,004,1.1,1.1e+05,5.4e+04,1.30e+06,1.5,0.875,None
2021-06-12,2021-06-12,1,None,The geomagnetic field was quiet to unsettled,077,013,011,010,A8.4,8.7e+04,4.5e+04,1.30e+06,2.25,2.625,None
2021-06-13,2021-06-13,1,None,The geomagnetic field was at quiet to unsettled levels,078,000,008,009,A7.7,6.1e+04,4.4e+04,1.50e+06,2.0,2.0,None
2021-06-14,2021-06-14,1,None,The geomagnetic field reached active levels,069,022,007,007,A6.3,5.1e+04,4.4e+04,1.40e+06,1.75,1.5,None
2021-06-15,2021-06-15,1,None,Quiet,077,011,007,004,A5.2,5.0e+04,4.5e+04,1.50e+06,1.5,1.125,None
2021-06-16,2021-06-16,1,None,The geomagnetic field was at quiet to minor storm levels,076,011,015,017,A3.9,7.8e+04,4.3e+04,1.30e+06,3.125,2.875,None
2021-06-17,2021-06-17,1,None,The geomagnetic field was at quiet to active levels,076,011,015,015,A3.6,1.1e+05,4.3e+04,2.60e+07,3.0,2.875,None
2021-06-18,2021-06-18,1,None,Field conditions were at quiet to unsettled levels.,075,012,009,007,A3.9,1.0e+05,4.3e+04,2.00e+08,2.125,1.375,None
2021-06-19,2021-06-19,1,None,Field activity was at quiet to isolated unsettled levels.,077,024,008,008,A3.7,5.4e+04,4.2e+04,1.60e+08,1.875,2.0,None
2021-06-20,2021-06-20,1,None,Field conditions were at quiet levels.,077,015,005,003,A3.7,5.4e+04,4.4e+04,2.00e+08,1.25,1.0,None
2021-06-21,2021-06-21,1,None,Field conditions reached quiet to unsettled levels.,076,013,004,003,A4.5,6.2e+04,4.4e+04,2.40e+08,1.375,0.75,None
2021-06-22,2021-06-22,1,None,The geomagnetic field was quiet.,079,011,003,004,A6.7,6.4e+04,4.4e+04,1.40e+08,1.125,1.0,None
2021-06-23,2021-06-23,1,None,The geomagnetic field was quiet with an isolated unsettled period.,081,012,008,007,A9.3,5.8e+04,4.4e+04,3.00e+07,2.0,1.5,None
2021-06-24,2021-06-24,1,None,The geomagnetic field was quiet.,080,011,006,004,A9.7,6.5e+04,4.4e+04,2.80e+07,1.25,1.125,None
2021-06-25,2021-06-25,1,None,Field conditions were at quiet to unsettled levels.,081,011,006,005,A8.7,1.0e+05,4.4e+04,3.50e+07,1.75,1.125,None
2021-06-26,2021-06-26,1,None,Field conditions were at quiet to isolated active levels.,083,025,008,009,1.0,5.4e+04,4.4e+04,2.50e+06,2.375,2.25,None
2021-06-27,2021-06-27,1,None,Field conditions were at quiet levels.,082,016,005,005,1.3,7.0e+04,4.5e+04,3.10e+06,1.125,1.375,None
2021-06-28,2021-06-28,1,None,Field conditions were at quiet levels.,087,032,004,005,1.4,5.2e+04,4.5e+04,4.00e+06,1.25,1.25,None
2021-06-29,2021-06-29,1,None,The geomagnetic field was quiet.,089,050,004,006,1.8,5.3e+04,4.5e+04,6.10e+06,1.375,1.375,None
2021-06-30,2021-06-30,1,None,The geomagnetic field was quiet.,093,056,005,005,1.5,7.6e+04,4.5e+04,8.60e+06,1.375,1.25,None
2021-07-01,2021-07-01,1,None,The geomagnetic field was quiet to active.,094,053,011,014,1.7,7.1e+04,4.5e+04,1.80e+06,2.625,2.75,None
2021-07-02,2021-07-02,1,None,The geomagnetic field was quiet to unsettled.,094,056,007,007,1.5,5.8e+04,4.4e+04,1.70e+06,2.125,1.625,None
2021-07-03,2021-07-03,1,None.,The geomagnetic field was unsettled.,095,072,006,006,1.5,5.2e+04,4.5e+04,1.30e+06,1.5,1.5,None.
2021-07-04,2021-07-04,9,None.,The geomagnetic field was quiet.,094,081,004,004,3.0,5.9e+04,4.7e+04,1.80e+06,1.5,1.25,None.
2021-07-05,2021-07-05,1,None.,The geomagnetic field was quiet.,091,060,004,003,2.4,8.8e+04,4.6e+04,2.00e+06,1.125,0.875,None.
2021-07-06,2021-07-06,1,None,The geomagnetic field was quiet to unsettled.,089,043,009,008,1.7,8.0e+04,4.5e+04,1.90e+06,2.0,1.875,None
2021-07-07,2021-07-07,1,None,The geomagnetic field was quiet to unsettled.,083,052,008,007,1.7,7.1e+04,4.5e+04,1.60e+06,2.125,1.75,None
2021-07-08,2021-07-08,1,None,The geomagnetic field was quiet.,076,025,006,006,1.5,5.4e+04,4.5e+04,1.60e+06,1.75,1.375,None
2021-07-09,2021-07-09,1,None.,The geomagnetic field was quiet.,073,023,005,005,A8.7,5.3e+04,4.5e+04,1.90e+06,1.625,1.25,None.
2021-07-10,2021-07-10,2,None.,The geomagnetic field was quiet.,074,023,007,005,A7.6,5.8e+04,4.7e+04,1.80e+06,1.875,1.375,None.
2021-07-11,2021-07-11,1,None.,The geomagnetic field was unsettled.,074,024,008,007,A4.9,4.3e+05,4.8e+04,1.40e+06,1.875,1.625,None.
2021-07-12,2021-07-12,1,None.,The geomagnetic field was quiet.,074,023,004,004,A3.4,1.3e+05,4.6e+04,1.30e+06,1.5,0.875,None.
2021-07-13,2021-07-13,1,None,The geomagnetic field was quiet to unsettled,072,022,007,007,A2.3,1.2e+05,4.4e+04,1.30e+06,2.125,1.75,None
2021-07-14,2021-07-14,1,None,The geomagnetic field was quiet,072,011,007,005,A1.8,5.5e+04,4.5e+04,1.30e+06,1.375,1.125,None
2021-07-15,2021-07-15,1,None,The geomagnetic field ranged from quiet to active,072,023,010,013,A1.7,1.4e+05,5.0e+04,1.20e+06,2.5,2.375,None
2021-07-16,2021-07-16,1,None,The geomagnetic field was quiet to unsettled,074,022,012,011,A4.3,8.1e+04,4.5e+04,1.60e+06,2.625,2.375,None
2021-07-17,2021-07-17,1,None.,The geomagnetic field was quiet.,075,035,005,004,A7.9,6.3e+04,5.0e+04,5.60e+06,1.375,1.125,None.
2021-07-18,2021-07-18,1,None.,The geomagnetic field was quiet.,077,053,004,004,A5.3,7.9e+04,4.9e+04,8.10e+06,1.25,1.125,None.
2021-07-19,2021-07-19,1,None.,The geomagnetic field was quiet.,080,042,005,003,1.1,6.3e+04,4.7e+04,6.10e+06,1.125,0.75,None.
2021-07-20,2021-07-20,1,None,The geomagnetic field was quiet to unsettled.,083,045,004,009,1.6,7.0e+04,4.9e+04,2.70e+06,0.0,2.0,None
2021-07-21,2021-07-21,1,None,The geomagnetic field was quiet to unsettled,087,059,009,010,2.0,1.5e+05,5.2e+04,3.20e+06,2.625,2.25,None
2021-07-22,2021-07-22,1,None,The geomagnetic field was quiet.,094,086,006,006,2.2,1.4e+05,4.9e+04,3.10e+06,1.75,1.625,None
2021-07-23,2021-07-23,1,None.,The geomagnetic field was quiet to active.,089,077,009,010,2.0,3.0e+05,4.6e+04,3.20e+06,2.25,2.125,None.
2021-07-24,2021-07-24,1,None.,The geomagnetic field was quiet.,087,046,003,003,1.5,1.4e+05,4.6e+04,4.30e+06,1.25,0.875,"None,"
2021-07-25,2021-07-25,1,None.,The geomagnetic field was quiet.,084,035,005,004,1.7,1.9e+05,4.6e+04,5.80e+06,1.5,0.875,None.
2021-07-26,2021-07-26,1,None.,The geomagnetic field was quiet.,082,024,005,003,1.0,1.1e+05,4.5e+04,9.20e+06,1.25,0.75,None.
2021-07-27,2021-07-27,1,None.,The geomagnetic field was quiet.,081,025,004,004,A8.4,8.1e+04,4.5e+04,1.20e+07,1.5,1.0,None
2021-07-28,2021-07-28,1,None.,"The geomagnetic field was mostly quiet, with an isolated unsettled period at the end of the day.",080,025,006,005,A7.1,1.5e+05,4.5e+04,1.20e+07,1.75,1.375,None
2021-07-29,2021-07-29,1,None,The geomagnetic field ranged from quiet to active conditions.,079,000,013,013,A5.8,1.3e+05,4.3e+04,1.50e+06,2.625,2.75,None
2021-07-30,2021-07-30,1,None.,The geomagnetic field was quiet to unsettled.,076,000,012,009,A4.7,6.2e+04,4.3e+04,6.90e+06,2.375,2.125,None
2021-07-31,2021-07-31,1,None.,The geomagnetic field was quiet to unsettled.,076,000,006,008,A3.9,1.8e+05,4.4e+04,1.90e+07,2.125,2.0,None.
2021-08-01,2021-08-01,1,None.,The geomagnetic field was quiet.,076,000,006,005,A3.8,9.6e+04,4.4e+04,9.50e+06,2.0,1.125,None.
2021-08-02,2021-08-02,1,None.,The geomagnetic field was quiet.,075,000,004,004,A3.7,9.7e+04,4.4e+04,1.20e+07,1.375,1.125,None.
2021-08-03,2021-08-03,1,None.,"The geomagenetic field ranged from quiet to Minor Storm levels, likely the result of a weak, glancing blow from one of the 28 July CMEs.",075,013,015,017,A4.4,2.6e+05,4.4e+04,1.00e+07,2.25,2.75,None
2021-08-05,2021-08-05,1,None.,The geomagnetic field was quiet.,071,014,005,005,A5.6,5.2e+04,4.4e+04,3.40e+07,1.875,1.25,None
2021-08-06,2021-08-06,1,None.,The geomagnetic field was quiet.,074,036,003,002,A5.4,5.6e+04,4.4e+04,6.00e+07,0.875,0.375,None.
2021-08-07,2021-08-07,1,None.,The geomagnetic field was quiet to unsettled.,074,000,009,007,A7.8,8.3e+04,4.4e+04,1.90e+07,1.875,1.75,None.
2021-08-08,2021-08-08,1,None.,The geomagnetic field was quiet to unsettled.,074,000,009,011,A5.9,5.3e+04,4.3e+04,1.50e+06,2.375,2.625,None.
2021-08-09,2021-08-09,1,None.,The geomagnetic field was quiet.,074,000,006,004,A5.1,5.2e+04,4.4e+04,1.70e+06,1.5,1.0,None.
2021-08-10,2021-08-10,1,None,Levels were quiet.,073,000,006,004,A4.8,6.4e+04,4.5e+04,1.90e+06,1.375,1.0,None
2021-08-11,2021-08-11,1,None,Levels were occasionally unsettled but were otherwise quiet.,073,000,009,007,A3.7,6.3e+04,4.5e+04,1.60e+06,2.125,1.875,None
2021-08-12,2021-08-12,1,None,Levels were mostly quiet with one isolated unsettled period early in the day.,074,022,007,006,A4.4,8.4e+04,4.4e+04,1.50e+06,2.0,1.25,None
2021-08-13,2021-08-13,1,None,Levels were quiet.,074,011,006,004,A4.6,9.5e+04,4.5e+04,1.80e+06,1.75,1.125,None
2021-08-14,2021-08-14,1,None,Quiet,073,000,009,006,A3.7,8.9e+04,4.5e+04,1.70e+06,2.25,1.5,None
2021-08-15,2021-08-15,1,None,Quiet,073,047,004,004,A3.8,6.2e+04,4.6e+04,2.20e+06,1.625,1.25,None
2021-08-16,2021-08-16,1,None,The geomagnetic field was at quiet to unsettled levels,075,023,013,010,A3.5,5.9e+04,4.6e+04,1.70e+06,2.375,2.375,None
2021-08-17,2021-08-17,1,None,Levels were mostly quiet with one unsettled period at the beginning of the day.,074,014,008,007,A4.8,5.6e+04,4.5e+04,5.60e+06,2.0,1.75,None
2021-08-18,2021-08-18,1,None,Levels were quiet.,073,013,007,004,A3.9,5.6e+04,4.5e+04,1.70e+07,1.75,1.125,None
2021-08-19,2021-08-19,1,None,Levels were mostly quiet with one unsettled period observed during the first half of the day.,075,016,006,006,A3.7,5.5e+04,4.6e+04,1.60e+07,1.375,1.375,None
2021-08-20,2021-08-20,1,None,Quiet,075,025,005,005,A3.6,6.2e+04,4.7e+04,1.60e+07,1.75,1.25,None
2021-08-21,2021-08-21,1,None,Quiet to Unsettled,078,014,006,007,1.1,6.8e+04,4.8e+04,1.40e+06,1.75,1.75,None
2021-08-22,2021-08-22,1,None,Quiet,077,025,004,003,1.1,5.7e+04,4.9e+04,1.00e+06,1.25,0.75,None
2021-08-23,2021-08-23,1,None,Quiet,077,016,004,003,1.2,6.4e+04,4.9e+04,1.30e+06,1.125,0.625,None
2021-08-24,2021-08-24,1,None,The geomagnetic field was quiet.,078,014,008,002,A8.1,6.8e+04,4.9e+04,1.30e+06,1.0,0.375,None
2021-08-25,2021-08-25,1,None,Field conditions were at quiet levels.,081,029,005,004,A7.1,7.0e+04,4.7e+04,1.20e+06,1.625,1.0,None
2021-08-26,2021-08-26,1,None,The geomagnetic field was quiet to active.,084,029,008,010,1.2,5.8e+04,4.6e+04,1.30e+06,2.5,2.375,None
2021-08-27,2021-08-27,8,None,The geomagnetic field was quiet to unsettled.,089,047,006,006,1.3,5.3e+04,4.5e+04,1.30e+06,2.0,1.75,None
2021-08-28,2021-08-28,12,None,The geomagnetic field reached active levels,090,073,019,021,1.6,2.5e+05,4.5e+04,1.80e+06,0.875,3.25,None
2021-08-29,2021-08-29,4,None,The geomagnetic field reached minor storm levels,090,077,017,017,3.7,1.6e+05,4.6e+04,2.80e+08,2.875,2.625,None
2021-08-30,2021-08-30,2,None,The geomagnetic field was reached active levels,089,044,009,009,1.7,1.1e+05,4.6e+04,3.50e+08,1.875,2.0,None
2021-08-31,2021-08-31,12,None,The geomagnetic field was quiet to unsettled.,091,041,009,008,2.8,8.4e+04,4.5e+04,1.60e+08,2.125,1.875,None
2021-09-01,2021-09-01,1,None,The geomagnetic field was quiet to unsettled.,084,037,009,008,1.3,5.6e+04,4.5e+04,7.70e+07,2.0,1.875,None
2021-09-02,2021-09-02,1,None,The geomagnetic field was quiet.,084,035,006,006,1.2,5.9e+04,4.5e+04,1.30e+08,1.875,1.625,None
2021-09-03,2021-09-03,2,None,The geomagnetic field was at quiet levels,086,033,003,003,1.4,5.8e+04,4.5e+04,2.50e+08,1.25,0.875,None
2021-09-04,2021-09-04,1,None,The geomagnetic field was quiet to unsettled,084,033,006,008,1.4,1.3e+05,4.5e+04,4.50e+07,2.0,2.0,None
2021-09-05,2021-09-05,1,None,The geomagnetic field was quiet,087,068,005,005,1.8,8.3e+04,4.6e+04,2.80e+07,0.0,1.375,None
2021-09-06,2021-09-06,1,None,The geomagnetic field was quiet to unsettled,094,066,008,008,2.2,6.8e+04,4.6e+04,4.50e+07,0.0,2.125,None
2021-09-07,2021-09-07,3,None,The geomagnetic field was quiet with an isolated unsettled period.,100,080,008,007,2.5,8.1e+04,4.6e+04,5.30e+07,2.375,1.5,None
2021-09-08,2021-09-08,7,None,The geomagnetic field was quiet to unsettled.,101,085,010,009,2.3,2.3e+05,4.6e+04,1.60e+07,2.25,1.75,None
2021-09-09,2021-09-09,14,None,The geomagnetic field was quiet to active.,100,087,014,014,2.4,4.4e+05,4.5e+04,2.50e+06,3.0,2.75,None
2021-09-10,2021-09-10,3,None,The geomagnetic field was quiet.,100,124,007,004,2.4,6.6e+04,4.5e+04,3.00e+06,1.5,1.0,None
2021-09-11,2021-09-11,5,None,Field conditions were at quiet to active levels.,096,099,009,007,2.2,4.9e+05,4.5e+04,2.70e+06,2.375,1.75,None
2021-09-12,2021-09-12,1,None,Field conditions were at quiet to active levels.,092,093,008,007,1.32e-8,1.8e+00,5.3e-01,2.36e+07,1.875,1.5,None
2021-09-13,2021-09-13,1,None,Field conditions were at quiet conditions.,088,047,006,005,2.2,5.5e+04,4.5e+04,1.60e+06,1.75,1.25,None
2021-09-14,2021-09-14,1,None,The geomagnetic field was quiet to unsettled,083,032,007,009,2.1,6.3e+04,4.5e+04,1.80e+06,2.375,2.0,None
2021-09-15,2021-09-15,1,None,The geomagnetic field was quiet.,078,013,005,006,1.4,5.7e+04,4.7e+04,4.90e+06,1.875,1.625,None
2021-09-16,2021-09-16,1,None,Field activity was at quiet levels.,075,000,006,006,1.0,5.5e+04,4.7e+04,1.10e+07,2.25,1.5,None
2021-09-17,2021-09-17,1,None.,The geomagnetic field was quiet.,073,000,003,004,A6.0,5.6e+04,4.7e+04,1.50e+07,1.0,0.875,None.
2021-09-18,2021-09-18,2,None.,The geomagnetic field reached G1 (Minor) geomagnetic storm levels.,073,000,019,021,A5.2,2.3e+05,4.7e+04,2.90e+06,3.125,3.0,None.
2021-09-19,2021-09-19,1,None.,The geomagnetic field was quiet to active.,074,011,014,014,A5.2,7.2e+04,4.9e+04,1.20e+06,2.875,2.5,None.
2021-09-20,2021-09-20,1,None.,The geomagnetic field was quiet.,075,013,002,002,A3.8,6.4e+04,5.0e+04,1.20e+06,0.75,0.5,None.
2021-09-21,2021-09-21,1,None,Quiet,080,051,004,002,A6.3,6.6e+04,4.7e+04,1.40e+06,1.125,0.375,None
2021-09-22,2021-09-22,1,None.,The geomagnetic field was quiet to unsettled.,085,050,006,006,1.0,1.1e+05,4.7e+04,1.30e+06,1.875,1.375,None.
2021-09-23,2021-09-23,9,None,The geomagntic field ranged from quiet to active levels.,089,076,011,012,1.1,6.4e+04,4.6e+04,1.60e+06,2.25,2.375,None
2021-09-24,2021-09-24,16,None.,The geomagnetic field reached active levels.,090,075,010,008,1.3,1.3e+05,4.6e+04,1.60e+07,2.5,1.875,None.
2021-09-25,2021-09-25,1,None.,The geomagnetic field was unsettled.,088,075,006,006,1.2,1.1e+05,4.4e+04,4.80e+06,1.875,1.625,None.
2021-09-26,2021-09-26,1,None.,The geomagnetic field was quiet.,088,038,007,006,1.5,5.7e+04,4.3e+04,3.60e+06,1.75,1.5,None.
2021-09-27,2021-09-27,4,None.,The geomagnetic field was quiet.,086,067,002,002,A9.8,5.7e+04,4.3e+04,7.80e+06,0.75,0.375,None.
2021-09-29,2021-09-29,1,None,The geomagnetic field was quiet to unsettled,089,057,009,009,1.5,4.1e+05,4.9e+04,4.50e+06,2.375,2.25,None
2021-09-30,2021-09-30,1,None,The geomagnetic field was quiet,102,074,004,???,3.0,5.3e+05,4.6e+04,1.00e+07,1.625,0.75,None
2021-10-01,2021-10-01,5,None.,The geomagnetic field reached active levels.,095,046,006,008,2.2,7.7e+05,4.4e+04,8.60e+06,1.875,1.625,None.
2021-10-02,2021-10-02,3,None.,The geomagnetic field reached active levels.,091,028,013,012,1.5,7.7e+04,4.2e+04,1.50e+06,2.75,2.375,None.
2021-10-03,2021-10-03,1,None.,The geomagnetic field reached active levels.,087,025,006,010,1.3,5.5e+04,4.2e+04,1.60e+06,1.75,1.5,None.
2021-10-04,2021-10-04,13,None.,The geomagnetic field was at quiet to unsettled levels.,086,038,006,006,1.2,6.9e+04,4.3e+04,1.30e+06,1.75,1.375,None.
2021-10-05,2021-10-05,2,None.,The geomagnetic field was quiet.,084,029,004,005,A9.9,5.1e+04,4.4e+04,2.10e+06,1.5,1.25,None
2021-10-06,2021-10-06,1,None.,The geomagnetic field was mostly quiet with an isolated unsettled period.,082,027,006,005,A8.9,5.2e+04,4.5e+04,3.60e+06,2.0,1.125,None
2021-10-07,2021-10-07,1,None.,Geomagnetic activity was quiet to unsettled.,085,022,006,009,1.1,1.1e+05,4.5e+04,1.40e+06,2.375,2.125,None
2021-10-08,2021-10-08,1,None.,The geomagnetic field was quiet.,086,013,003,004,A9.9,5.2e+04,4.5e+04,1.20e+06,0.125,1.125,Many Boulder indices were missing due to an outage from the USGS.
2021-10-09,2021-10-09,2,None.,The geomagnetic field was quiet.,092,013,003,004,1.0,5.2e+04,4.6e+04,1.10e+06,1.25,1.25,None.
2021-10-10,2021-10-10,14,None.,The geomagnetic field was quiet.,081,014,004,005,1.1,1.1e+05,6.6e+04,1.30e+06,1.625,1.375,None.
2021-10-11,2021-10-11,2,None.,The geomagnetic field was quiet to active.,085,038,009,011,1.1,5.0e+05,7.8e+04,1.10e+06,1.875,2.125,None.
2021-10-12,2021-10-12,1,None.,The geomagnetic field was quiet to unsettled due to CH HSS influence.,089,035,015,013,1.0,2.3e+06,6.7e+04,2.60e+06,3.25,2.5,None
2021-10-13,2021-10-13,3,None.,The geomagnetic field reached Major storm levels following the arrival of the 9 Oct CME.,084,026,032,048,A8.9,1.1e+06,4.6e+04,2.70e+06,4.625,4.75,None
2021-10-14,2021-10-14,1,None,The geomagnetic field was quiet to unsettled.,084,027,005,005,A7.4,7.3e+04,4.4e+04,1.40e+06,1.5,1.25,None
2021-10-15,2021-10-15,1,None.,The geomagnetic field was quiet.,083,024,006,006,A7.1,6.7e+04,4.4e+04,3.70e+06,2.0,1.75,None.
2021-10-16,2021-10-16,1,None.,The geomagnetic field was quiet.,084,011,004,006,A5.3,6.2e+04,4.5e+04,9.40e+06,0.0,1.625,None.
2021-10-17,2021-10-17,1,None.,The geomagnetic field was quiet.,078,011,003,005,A5.9,6.7e+04,4.4e+04,1.20e+07,0.0,1.25,None.
2021-10-18,2021-10-18,1,None.,The geomagnetic field was quiet to active.,077,000,???,012,A4.9,5.1e+04,4.2e+04,3.60e+06,0.0,2.0,None.
2021-10-19,2021-10-19,1,None,Levels were quiet to unsettled.,076,011,006,010,A2.9,5.2e+04,4.3e+04,1.80e+06,2.125,2.375,None
2021-10-20,2021-10-20,1,None,Levels were quiet to unsettled.,076,011,009,010,A2.6,6.7e+04,4.3e+04,1.90e+06,2.375,2.25,None
2021-10-21,2021-10-21,1,None,Levels were quiet.,076,011,005,???,A4.2,6.9e+04,4.4e+04,1.60e+06,1.875,0.75,Planetary K-indices were not available from 21-24Z.
2021-10-22,2021-10-22,1,None,Levels were mostly quiet.,082,011,009,006,1.3,7.6e+04,4.3e+04,1.20e+06,2.25,1.625,None
2021-10-23,2021-10-23,1,None.,The geomagnetic field was quiet.,087,028,003,002,1.7,6.3e+04,4.3e+04,1.50e+06,0.75,0.375,None.
2021-10-24,2021-10-24,1,None.,The geomagnetic field was quiet.,087,032,002,001,1.9,7.3e+04,4.4e+04,1.70e+06,0.75,0.25,None.
2021-10-25,2021-10-25,1,None.,The geomagnetic field was quiet.,093,046,002,003,2.3,8.6e+04,4.4e+04,1.40e+06,1.25,0.625,None.
2021-10-26,2021-10-26,2,None,Levels were quiet.,101,081,004,004,2.8,2.2e+05,4.5e+04,1.60e+06,1.375,0.625,None
2021-10-27,2021-10-27,9,None,The geomagnetic field was quiet.,109,095,003,003,7.0,7.2e+04,4.4e+04,1.50e+06,1.375,0.75,None
2021-10-28,2021-10-28,1,None,The geomagnetic field was quiet,111,091,002,002,5.8,7.0e+04,4.4e+04,1.60e+06,0.875,0.25,None
2021-10-29,2021-10-29,4,The greater than 10 MeV proton flux reached 10 pfu at 28/1740 UTC and is currently in progress near 25 pfu. The greater than 100 MeV proton flux reached 1 pfu at 28/1635 UTC and is currently near 3 pfu.,The geomagnetic field was quiet.,112,096,003,002,6.1,6.1e+05,4.8e+05,3.10e+06,0.75,0.375,None.
2021-10-30,2021-10-30,1,"The greater than 10 MeV proton event that began at 28/1740 UTC, reached a peak of 29 pfu at 29/0250 UTC and is still in progress. The greater than 100 MeV proton event that began at 28/1635 UTC, reached a peak of 7.3 pfu at 28/1815 UTC and is still in progress.",The geomagnetic field was quiet.,108,082,002,002,3.6,3.2e+06,1.7e+06,1.80e+06,0.875,0.625,None.
2021-10-31,2021-10-31,1,"The greater than 10 MeV proton event that begain at 28/1740z, reached a peak flux of 29 pfu at 29/0250z and ended at 30/1610z. There was a brief enhancement above the 10 pfu threshold beginning at 30/2100-2130z. The greater than 100 MeV proton event that began at 28/1635z, reached a peak of 7.3 pfu at 28/1815z and ended at 30/0440z.",The geomagnetic field was quiet to active.,107,076,008,009,3.3,1.5e+07,1.1e+06,1.20e+06,2.0,2.0,None.
2021-11-01,2021-11-01,2,"The greater than 10 MeV proton event that began at 30/2100z, reached a peak flux of 11 pfu at 30/2105z and ended at 30/2130z.",The geomagnetic was at quiet to minor storm levels.,103,083,016,015,3.5,2.1e+07,5.0e+05,1.20e+06,2.875,2.5,None.
2021-11-02,2021-11-02,5,None,The geomagnetic field reached unsettled levels.,098,053,008,008,1.9,1.0e+07,2.9e+05,2.90e+06,2.25,1.75,None
2021-11-03,2021-11-03,2,None,The geomagnetic field reached minor storm levels.,097,042,012,017,3.9,1.3e+07,2.2e+05,4.60e+06,2.875,3.0,None
2021-11-04,2021-11-04,1,None,The geomagnetic field reached major storm levels.,089,041,014,014,1.7,5.8e+07,2.7e+05,5.00e+06,2.125,1.875,None
2021-11-05,2021-11-05,1,None,The geomagnetic field reached severe levels.,094,028,042,065,2.0,2.9e+07,6.1e+04,2.30e+07,4.25,4.75,None
2021-11-06,2021-11-06,1,None,Quiet to Unsettled,093,040,009,010,1.5,9.2e+06,3.9e+04,4.50e+07,2.125,2.125,None
2021-11-07,2021-11-07,1,None,Quiet to Active,082,041,013,012,1.5,2.7e+06,3.9e+04,5.50e+07,2.625,2.75,None
2021-11-08,2021-11-08,1,None,Quiet to Unsettled,088,028,004,004,1.1,2.9e+05,3.9e+04,1.00e+08,1.375,0.75,None
2021-11-09,2021-11-09,1,None,The geomagnetic field was quiet to unsettled.,088,041,003,003,1.3,1.4e+06,4.0e+04,1.30e+08,1.125,0.875,None
2021-11-10,2021-11-10,9,None,The geomagnetic field was quiet.,092,040,006,005,1.3,1.2e+06,6.1e+04,8.60e+07,1.875,1.375,None
2021-11-11,2021-11-11,10,None,The geomagnetic field was quiet to unsettled.,088,037,005,005,1.5,5.1e+06,8.0e+04,2.10e+07,1.875,1.125,None
2021-11-12,2021-11-12,1,None,Quiet,085,039,003,003,A9.0,2.0e+06,5.0e+04,2.90e+07,1.375,0.75,None
2021-11-13,2021-11-13,1,None,Quiet,083,039,003,003,A7.2,6.7e+05,4.5e+04,3.50e+07,1.125,0.625,None
2021-11-14,2021-11-14,1,None,Quiet,081,024,???,002,A7.7,7.5e+05,4.4e+04,5.60e+07,0.25,0.5,None
2021-11-15,2021-11-15,1,None,Quiet,078,023,002,002,A5.6,1.2e+06,4.4e+04,5.00e+07,0.0,0.375,None
2021-11-16,2021-11-16,1,None,The geomagnetic field was quiet to active.,079,023,006,007,A6.8,9.3e+06,4.4e+04,3.70e+07,1.25,1.125,None
2021-11-17,2021-11-17,1,None,The geomagnetic field was quiet to active due to negative polarity CH HSS effects.,080,035,011,010,A7.6,1.0e+06,4.3e+04,2.20e+06,2.75,2.0,None
2021-11-18,2021-11-18,1,None,The geomagnetic field was quiet to unsettled under negative polarity CH HSS effects.,079,033,009,008,A3.5,5.5e+05,4.3e+04,6.60e+06,2.375,2.125,None
2021-11-19,2021-11-19,1,None,The geomagnetic field was quiet.,082,022,003,003,A2.1,1.0e+05,4.3e+04,8.70e+06,1.25,1.0,None
2021-11-20,2021-11-20,1,None,The geomagnetic field was at quiet levels,079,022,003,004,A1.6,2.9e+05,4.3e+04,1.90e+07,1.5,0.75,None
2021-11-21,2021-11-21,1,None,The geomagnetic field was at quiet to unsettled levels,080,022,007,007,A2.4,9.7e+05,4.2e+04,1.70e+07,1.875,1.75,None
2021-11-22,2021-11-22,1,None,The geomagnetic field was at quiet to unsettled levels,079,022,008,008,A2.0,2.5e+06,4.1e+04,1.50e+07,2.375,2.0,None
2021-11-23,2021-11-23,1,None,The geomagnetic field was at quiet to unsettled levels.,078,022,007,006,A1.7,4.3e+05,4.3e+04,2.30e+07,1.625,1.625,None
2021-11-24,2021-11-24,1,None,The geomagnetic field was mostly quiet with an isolated unsettled period.,080,039,007,007,A3.2,4.6e+05,4.3e+04,4.10e+07,2.0,2.0,None
2021-11-25,2021-11-25,1,None,The geomagnetic field was quiet.,083,039,003,003,A4.7,2.4e+05,4.3e+04,6.80e+07,1.25,0.625,None
2021-11-26,2021-11-26,1,None,The geomagnetic field was at quiet levels,094,020,003,003,A5.7,7.0e+04,4.4e+04,3.80e+07,1.0,0.75,None
2021-11-27,2021-11-27,1,None,The geomagnetic field was at quiet levels,092,052,003,002,A9.4,6.3e+05,4.5e+04,6.10e+07,1.0,0.5,None
2021-11-28,2021-11-28,1,None,The geomagnetic field was at quiet to unsettled levels,092,053,003,003,1.0,1.4e+05,4.5e+04,3.10e+07,1.25,0.375,None
2021-11-29,2021-11-29,1,None,The geomagnetic field was at quiet to unsettled levels,092,053,007,006,1.8,1.4e+06,4.5e+04,2.50e+06,2.125,1.25,None
2021-11-30,2021-11-30,1,None,The geomagnetic field was quiet to active.,090,047,006,006,1.6,1.3e+05,4.5e+04,2.40e+06,1.625,1.125,None
2021-12-01,2021-12-01,1,None,The geomagnetic field ranged between quiet to minor storm (G1) conditions,090,061,008,007,1.1,5.4e+05,4.4e+04,5.30e+06,1.5,0.875,None
2021-12-02,2021-12-02,1,None,The geomagnetic field was quiet to active.,086,037,014,016,A7.8,7.0e+05,4.3e+04,9.70e+06,3.25,3.125,None
2021-12-03,2021-12-03,1,None,The geomagnetic field was quiet to unsettled,087,045,007,008,A5.6,1.1e+05,4.4e+04,1.00e+08,2.0,2.0,None
2021-12-04,2021-12-04,1,None.,The geomagnetic field was unsettled.,085,029,004,006,A9.4,8.1e+05,4.4e+04,1.10e+08,1.625,1.5,None.
2021-12-05,2021-12-05,1,None.,The geomagnetic field was unsettled.,088,035,007,006,2.0,1.2e+05,4.3e+04,4.20e+07,1.75,1.25,None.
2021-12-06,2021-12-06,1,None.,The geomagnetic field was quiet.,083,036,006,006,1.2,1.1e+05,4.5e+04,5.00e+07,2.0,1.5,None.
2021-12-07,2021-12-07,2,None,Quiet,080,014,006,005,A5.8,3.7e+05,4.5e+04,5.00e+07,2.125,1.375,None
2021-12-08,2021-12-08,1,None,Quiet,079,013,003,002,A1.0,1.6e+05,4.5e+04,3.50e+07,1.0,0.625,None
2021-12-09,2021-12-09,1,None,Quiet,077,000,004,003,<A1.0,1.2e+05,4.4e+04,4.30e+07,1.25,0.75,None
2021-12-10,2021-12-10,1,None.,The geomagnetic field was quiet.,077,000,002,001,<A1.0,1.3e+05,4.5e+04,5.60e+07,0.625,0.25,None.
2021-12-11,2021-12-11,1,None.,The geomagnetic field was quiet.,076,000,002,001,A1.3,8.2e+05,4.6e+04,9.00e+07,1.0,0.125,None.
2021-12-12,2021-12-12,1,None.,The geomagnetic field was unsettled.,076,000,003,004,A3.2,1.3e+06,4.5e+04,1.20e+07,1.125,0.875,None.
2021-12-13,2021-12-13,1,None.,The geomagnetic field was quiet.,080,012,002,002,A4.1,9.8e+05,4.5e+04,1.20e+07,1.0,0.375,None.
2021-12-14,2021-12-14,1,None,The geomagnetic field was quiet to unsettled,081,040,006,004,A4.8,1.5e+06,4.5e+04,2.90e+06,1.625,1.0,None
2021-12-15,2021-12-15,1,None,The geomagnetic field was quiet,089,040,004,004,2.1,5.9e+05,4.4e+04,1.50e+06,1.75,0.875,None
2021-12-16,2021-12-16,1,None,The geomagnetic fields was quiet to unsettled,103,079,008,006,5.0,1.9e+06,4.4e+04,2.00e+06,2.0,1.625,None
2021-12-17,2021-12-17,1,None,The geomagnetic field was quiet to unsettled.,118,127,005,005,4.9,3.4e+05,4.4e+04,2.00e+06,1.875,1.25,None
2021-12-18,2021-12-18,1,None.,The geomagnetic field was quiet.,121,119,002,001,5.3,7.8e+04,4.5e+04,1.80e+06,0.875,0.25,None.
2021-12-19,2021-12-19,1,None.,The geomagnetic field was quiet.,121,117,002,002,4.7,1.9e+05,4.5e+04,2.80e+06,0.875,0.5,None.
2021-12-20,2021-12-20,1,None.,The geomagnetic field was quiet to active.,115,109,008,012,4.0,3.0e+06,4.5e+04,5.10e+06,1.875,1.75,None.
2021-12-21,2021-12-21,1,None,The geomagnetic field was quiet to active,123,115,013,011,6.8,2.0e+05,4.4e+04,1.80e+06,3.0,2.375,None
2021-12-22,2021-12-22,3,None,The geolmagnetic field was quiet to active,137,147,007,008,7.4,8.2e+04,4.4e+04,2.50e+07,2.375,1.75,None
2021-12-23,2021-12-23,12,None,Field conditions were at quiet to unsettled levels.,140,137,008,008,9.4,6.4e+04,4.3e+04,5.00e+07,1.75,1.875,None
2021-12-24,2021-12-24,6,None.,The geomagnetic field was quiet.,130,143,002,002,8.0,5.5e+04,4.3e+04,1.10e+08,1.25,0.5,None.
2021-12-25,2021-12-25,6,None.,The geomagnetic field was quiet.,126,145,003,003,7.5,6.9e+04,4.3e+04,9.20e+07,1.5,0.625,None.
2021-12-26,2021-12-26,10,None.,The geomagnetic field was quiet.,131,128,005,006,8.8,7.7e+04,4.3e+04,6.10e+07,1.875,1.5,None.
2021-12-27,2021-12-27,7,None.,The geomagnetic field was quiet.,125,095,002,003,6.7,6.9e+04,4.3e+04,8.50e+07,1.125,0.5,None.
2021-12-28,2021-12-28,3,None.,The geomagnetic fiield was mostly quiet with an isolated active poeriod.,124,085,008,009,4.7,1.3e+06,4.4e+04,5.10e+07,2.25,1.75,None
2021-12-29,2021-12-29,9,None.,The geomagnetic field was quiet to unsettled.,121,107,006,007,5.2,5.6e+04,4.4e+04,5.90e+06,1.875,1.625,None
2021-12-30,2021-12-30,1,None,Field conditions were at quiet levels.,111,079,005,005,3.0,1.3e+05,4.4e+04,1.80e+07,1.875,1.125,None
2021-12-31,2021-12-31,9,None,Field conditions were at quiet levels.,102,077,007,006,2.4,1.3e+05,4.5e+04,3.70e+06,2.0,1.375,None
2022-01-04,2022-01-04,1,None,The geomagnetic field was at quiet to active levels,084,012,009,010,1.4,4.0e+05,4.4e+04,1.50e+07,2.25,2.0,None
2022-01-05,2022-01-05,1,None.,The geomagnetic field was quiet to unsettled.,086,012,005,005,1.4,6.3e+04,4.5e+04,3.50e+07,1.75,1.25,None
2022-01-06,2022-01-06,1,None.,The geomagnetic field was quiet.,084,024,003,002,A8.8,6.8e+04,4.5e+04,4.10e+07,0.875,0.25,None
2022-01-07,2022-01-07,4,None,Field activity was at quiet levels.,094,035,002,001,1.8,1.0e+05,4.5e+04,4.10e+07,0.625,0.0,None
2022-01-08,2022-01-08,7,None,Field conditions were at quiet levels.,107,038,001,001,3.2,1.2e+05,4.5e+04,4.00e+07,0.75,0.0,None
2022-01-09,2022-01-09,6,None,Field conditions were at quiet to minor storm levels.,102,031,009,011,3.3,4.6e+06,4.6e+04,5.80e+07,1.875,1.5,None
2022-01-10,2022-01-10,11,None,Field conditions were at quiet to unsettled levels.,102,036,007,006,2.7,1.4e+05,4.3e+04,1.50e+06,2.0,1.75,None
2022-01-11,2022-01-11,7,None,The geomagnetic field was quiet.,102,038,004,004,2.6,6.8e+04,4.3e+04,1.40e+06,1.5,0.875,None
2022-01-12,2022-01-12,5,None,The geomagnetic field was quiet.,100,051,003,004,1.9,9.2e+04,4.4e+04,1.30e+06,1.625,1.0,None
2022-01-13,2022-01-13,1,None,The geomagnetic field was quiet.,103,068,003,???,2.7,2.0e+05,4.4e+04,2.00e+06,1.125,0.375,None
2022-01-14,2022-01-14,4,None,The geomagnetic field was quiet.,106,111,003,002,3.1,8.5e+04,4.5e+04,1.40e+06,0.875,0.25,None
2022-01-15,2022-01-15,3,None,Field conditions ranged from quiet to minor storm levels.,110,112,010,011,3.6,2.3e+06,4.5e+04,1.60e+06,1.625,1.625,None
2022-01-16,2022-01-16,3,None,Field activity was at quiet to active levels.,116,120,017,017,4.1,1.2e+07,5.3e+04,1.80e+06,2.875,3.125,None
2022-01-17,2022-01-17,1,None,Field conditions were at quiet to active levels.,116,103,016,014,3.3,7.7e+05,4.5e+04,4.80e+07,2.625,2.625,None
2022-01-18,2022-01-18,2,None,Levels were quiet to unsettled.,114,099,006,007,3.1,1.3e+05,4.4e+04,8.90e+07,2.0,1.75,None
2022-01-19,2022-01-19,2,None,"Quiet to unsettled periods were observed for most of the day with the exception of an isolated, active period, which was observed early in the UTC day.",115,059,012,014,2.5,7.3e+04,4.4e+04,1.50e+08,3.0,2.75,None
2022-01-20,2022-01-20,1,None,Minor storm levels were reached.,105,057,015,019,2.1,5.9e+05,4.4e+04,1.20e+08,3.0,2.75,None
2022-01-21,2022-01-21,4,None,Field conditions were at quiet to unsettled levels.,099,060,005,004,2.1,1.3e+06,6.9e+05,1.30e+08,1.0,0.5,None
2022-01-22,2022-01-22,1,None,Field conditions were at quiet to unsettled levels.,097,023,005,005,1.4,2.3e+06,1.7e+05,1.40e+08,1.375,1.125,None
2022-01-23,2022-01-23,1,None,Field activity was at quiet to unsettled levels.,095,022,007,???,1.2,3.6e+06,7.1e+04,1.30e+08,1.75,0.875,None
2022-01-24,2022-01-24,1,None,Field conditions were at quiet to unsettled levels.,094,022,007,007,A9.8,1.1e+06,5.2e+04,2.40e+08,2.0,1.75,None
2022-01-25,2022-01-25,1,None,The geomagnetic field was quiet.,095,026,003,002,1.5,9.1e+05,4.7e+04,3.00e+08,0.75,0.5,None
2022-01-26,2022-01-26,1,None,"The geomagnetic field was quiet to unsettled, however, the synoptic period values after 15 UTC were unavailable.",101,053,010,???,2.3,6.6e+05,4.4e+04,5.90e+06,2.625,1.375,None
2022-01-27,2022-01-27,1,None,The geomagnetic field was quiet to unsettled.,102,071,008,008,2.5,4.0e+05,4.3e+04,1.80e+06,2.125,2.25,None
2022-01-28,2022-01-28,1,None,The geomagnetic field was quiet to unsettled.,107,085,005,006,2.3,2.2e+05,4.2e+04,4.60e+06,1.625,1.375,None
2022-01-29,2022-01-29,1,None,The geomagnetic field was at quiet to unsettled levels,113,077,007,006,3.5,8.5e+04,4.2e+04,1.10e+07,1.875,1.625,None
2022-01-30,2022-01-30,2,None,The geomagnetic field reached active levels,125,074,014,014,6.8,1.4e+05,4.2e+04,1.10e+07,2.5,2.375,None
2022-01-31,2022-01-31,6,None,The geomagnetic field was quiet to unsettled,130,070,008,008,8.2,3.6e+05,4.3e+04,2.60e+07,2.125,1.75,None
2022-02-01,2022-02-01,23,None,The geomagnetic field was quiet to unsettled.,130,100,008,010,6.1,7.7e+05,4.7e+04,7.90e+07,2.375,2.375,None
2022-02-02,2022-02-02,4,None,The geomagnetic field was quiet to active.,129,088,005,006,7.6,1.1e+05,4.5e+04,7.10e+07,1.625,1.25,None
2022-02-03,2022-02-03,3,None,The geomagnetic field was quiet to active.,128,075,009,009,7.9,3.3e+05,4.1e+04,1.10e+07,1.875,1.625,None
2022-02-04,2022-02-04,2,None,The geomagnetic field reached minor storm levels,127,084,018,???,6.7,3.1e+05,4.2e+04,7.20e+06,3.375,3.25,21-24 Planetary K not available
2022-02-05,2022-02-05,12,None,The geomagnetic field reached moderate storm levels,130,087,018,036,6.4,2.7e+05,4.1e+04,4.30e+07,4.0,4.375,None
2022-02-06,2022-02-06,8,None,The geomagnetic field reached unsettled levels,126,091,010,010,5.9,8.3e+04,4.1e+04,9.00e+07,2.375,2.375,None
2022-02-07,2022-02-07,9,None,The geomagnetic field reached unsettled levels,124,083,012,010,6.0,5.7e+04,4.1e+04,1.80e+08,2.75,2.625,None
2022-02-08,2022-02-08,6,None,The geomagnetic field was quiet to unsettled.,127,078,004,004,5.3,4.9e+04,4.2e+04,3.40e+08,1.5,1.25,None
2022-02-09,2022-02-09,7,None,The geomagnetic field was quiet.,123,086,003,005,4.7,5.6e+04,4.3e+04,5.60e+08,1.25,1.25,The 2 MeV electron fluence reached very high levels.
2022-02-10,2022-02-10,1,None,The geomagnetic field was quiet.,126,078,002,002,4.6,5.7e+04,4.3e+04,4.90e+08,0.75,0.375,None
2022-02-11,2022-02-11,1,None,The geomagnetic field reached G1 (Minor) storm levels due to the effects of the 06 Feb CME.,118,078,012,021,4.1,3.4e+05,4.2e+04,1.30e+08,3.0,3.0,None
2022-02-12,2022-02-12,1,None.,The geomagnetic field reached minor storm levels.,113,086,012,016,3.9,1.8e+06,4.3e+04,9.30e+07,3.0,2.875,None.
2022-02-13,2022-02-13,2,None.,The geomagnetic field was unsettled.,111,054,010,009,5.1,6.3e+04,4.3e+04,1.20e+07,2.625,2.125,None.
2022-02-14,2022-02-14,1,None.,The geomagnetic field was unsettled.,105,053,009,011,4.2,7.8e+04,4.3e+04,1.20e+08,2.625,2.625,None.
2022-02-15,2022-02-15,2,None,The geomagnetic field was mostly quiet with an early isolated unsettled period.,107,072,006,006,3.5,5.5e+04,4.3e+04,2.30e+08,2.125,1.75,None
2022-02-16,2022-02-16,8,None,The geomagnetic field was quiet.,114,073,003,004,4.1,5.0e+04,4.2e+04,3.70e+08,1.0,0.875,None
2022-02-17,2022-02-17,1,None,The geomagnetic field was quiet to unsettle.d,103,111,006,007,3.0,9.4e+04,6.7e+04,2.80e+08,1.875,1.625,None
2022-02-18,2022-02-18,1,None.,The geomagnetic field was quiet.,097,103,004,003,2.4,1.2e+05,7.6e+04,3.90e+07,1.25,0.75,None.
2022-02-19,2022-02-19,1,None.,The geomagnetic field was unsettled.,093,053,005,006,1.9,9.3e+05,8.6e+04,1.10e+08,1.25,1.375,None.
2022-02-20,2022-02-20,1,None.,The geomagnetic field was unsettled.,096,051,006,008,1.4,1.4e+06,8.2e+04,1.60e+06,2.125,2.0,None.
2022-02-21,2022-02-21,1,None.,The geomagnetic field reached active levels.,093,049,008,009,1.9,6.4e+05,7.9e+04,2.10e+06,2.0,1.75,None.
2022-02-22,2022-02-22,1,None,The geomagnetic field was at quiet to active levels,098,048,011,011,1.7,1.6e+06,7.1e+04,3.60e+06,2.375,2.125,None
2022-02-23,2022-02-23,1,None,The geomagnetic field was at quiet to active levels,095,038,013,014,1.4,1.3e+06,5.7e+04,1.30e+07,2.75,2.5,None
2022-02-24,2022-02-24,1,None,Quiet to Unsettled,096,038,004,006,1.3,6.4e+05,4.9e+04,1.30e+07,1.5,1.5,None
2022-02-25,2022-02-25,1,None.,The geomagnetic field was quiet to unsettled.,092,023,006,005,1.1,3.5e+05,4.6e+04,2.70e+07,1.875,1.125,None.
2022-02-26,2022-02-26,1,None,Quiet to Unsettled,096,022,007,006,1.4,2.2e+05,4.4e+04,3.00e+07,2.25,1.375,None
2022-02-27,2022-02-27,1,None.,The geomagnetic field was quiet.,097,022,001,002,1.6,1.6e+05,4.4e+04,4.00e+07,0.875,0.375,None.
2022-02-28,2022-02-28,1,None.,The geomagnetic field was quiet to active.,097,048,011,011,1.5,1.6e+05,4.3e+04,5.30e+06,2.875,2.375,None.
2022-03-01,2022-03-01,1,None,Quiet,099,065,005,006,1.7,1.1e+05,4.2e+04,1.80e+06,1.75,1.625,None
2022-03-02,2022-03-02,1,None,Quiet,099,062,006,006,2.2,7.7e+04,4.3e+04,2.70e+06,2.125,1.5,None
2022-03-03,2022-03-03,1,None,Quiet,110,066,003,003,3.7,6.5e+04,4.3e+04,3.10e+06,1.25,0.75,None
2022-03-04,2022-03-04,1,None.,The geomagnetic field was quiet.,111,092,003,004,3.2,2.9e+05,4.3e+04,5.50e+06,1.5,0.875,None.
2022-03-05,2022-03-05,1,None.,Field activity was quiet to unsettled.,113,077,007,008,4.8,1.6e+05,4.1e+04,3.60e+06,2.25,2.125,None.
2022-03-06,2022-03-06,1,None.,The geomagnetic field ranged from quiet to minor storm levels.,120,095,019,025,4.3,2.1e+05,4.1e+04,2.40e+06,3.375,3.5,None.
2022-03-07,2022-03-07,1,None.,The geomagnetic field was quiet to active.,116,082,013,015,3.5,2.3e+05,4.1e+04,1.20e+08,3.125,2.75,None.
2022-03-08,2022-03-08,3,None,The geomagnetic field was quiet to unsettled,118,084,007,010,4.7,1.1e+05,4.1e+04,3.50e+08,2.375,2.375,None
2022-03-09,2022-03-09,1,None,The geomagnetic field was quiet to unsettled,115,093,005,005,4.4,5.1e+04,4.1e+04,2.10e+08,1.125,1.125,None
2022-03-10,2022-03-10,22,None.,The geomagnetic field was quiet.,115,089,004,004,3.6,6.3e+04,4.2e+04,2.60e+08,1.375,0.75,None.
2022-03-11,2022-03-11,4,None,The geomagnetic field was quiet to active,127,090,007,009,4.3,1.8e+05,4.2e+04,2.90e+08,2.375,2.0,None
2022-03-12,2022-03-12,7,None.,The geomagnetic field was quiet to active.,127,081,015,016,6.8,2.8e+06,7.3e+04,2.60e+06,3.25,3.125,None.
2022-03-13,2022-03-13,13,None.,The geomagnetic field was quiet to active.,125,093,007,010,5.1,9.8e+06,5.3e+04,1.20e+06,1.625,2.0,None.
2022-03-14,2022-03-14,6,None.,The geomagnetic field was at quiet to major storm levels.,123,064,030,045,4.7,2.5e+07,4.6e+04,4.60e+06,3.375,3.625,None.
2022-03-15,2022-03-15,2,None,The geomagnetic field ranged from major storm levels (G2) to quiet levels over the period.,115,082,013,012,5.1,9.5e+05,3.8e+04,1.50e+06,2.375,1.875,None
2022-03-16,2022-03-16,2,None,The geomagnetic field was quiet to unsettled,110,071,005,006,3.6,2.7e+05,6.9e+04,1.50e+06,1.75,1.375,None
2022-03-17,2022-03-17,1,None,The geomagnetic field was quiet,107,041,003,006,2.9,3.4e+05,5.1e+04,1.70e+06,1.625,1.375,None
2022-03-18,2022-03-18,1,None.,The geomagnetic field was quiet.,103,053,006,005,2.7,1.8e+05,4.4e+04,5.90e+06,1.625,1.625,None.
2022-03-19,2022-03-19,1,None.,The geomagnetic field was quiet.,098,027,003,003,1.8,1.2e+05,4.2e+04,7.00e+06,1.125,0.625,None.
2022-03-20,2022-03-20,1,None.,The geomagnetic field was quiet.,094,029,006,005,2.5,1.3e+06,4.3e+04,6.00e+06,1.625,1.375,None.
2022-03-21,2022-03-21,2,None.,The geomagnetic field was quiet to unsettled.,095,039,011,008,2.7,1.4e+05,4.3e+04,1.20e+06,2.0,1.625,None.
2022-03-22,2022-03-22,1,None,Levels were quiet.,098,030,004,003,2.5,4.5e+05,1.5e+05,1.10e+06,1.0,0.625,None
2022-03-23,2022-03-23,1,None,Levels were mostly quiet with one unsettled period observed late day.,106,029,007,007,4.1,5.8e+05,6.4e+04,1.40e+06,2.125,1.5,None
2022-03-24,2022-03-24,3,None,Levels were quiet.,106,027,006,???,6.2,4.9e+05,4.7e+04,1.20e+06,1.875,0.875,Planetary K-indices were not available after 15Z.
2022-03-25,2022-03-25,1,None,Levels were quiet to unsettled.,112,044,007,008,5.0,1.5e+05,4.2e+04,1.00e+06,2.25,2.0,None
2022-03-26,2022-03-26,3,None,Field conditions were at quiet to unsettled levels.,112,050,010,011,3.4,1.0e+05,4.2e+04,1.80e+06,2.5,2.5,None
2022-03-27,2022-03-27,1,None,Quiet to Unsettled,119,048,007,008,3.9,3.2e+05,4.2e+04,2.90e+06,1.625,1.875,None
2022-03-28,2022-03-28,3,None,The geomagnetic field was at quiet to minor storm levels,130,097,015,020,6.0,4.2e+05,4.0e+04,1.10e+06,3.0,2.875,None
2022-03-29,2022-03-29,14,10 MeV protons exceeded 10 pfu at 28/1325 UTC and 100 MeV protons exceeded 1 pfu at 28/1245 UTC.,Levels were active the first six hours of the day before settling to quiet levels.,156,125,010,010,8.7,8.2e+05,5.0e+05,8.20e+06,2.5,2.125,None
2022-03-30,2022-03-30,14,None,Levels were quiet to unsettled,149,124,006,008,C1.3,2.9e+06,3.3e+05,9.30e+06,2.375,2.125,None
2022-03-31,2022-03-31,9,10 MeV proton flux was above background levels and rising but below 10 pfu.,Levels were quiet early in the day before becoming unsettled.,151,073,007,008,8.9,1.6e+06,9.5e+04,4.40e+06,1.75,2.0,None
2022-04-01,2022-04-01,6,The greater than 10 MeV proton flux reached 10.6 pfu at 31/0630 UTC,The geomagnetic field was at quiet to minor storm levels,149,084,018,026,C1.2,4.6e+06,4.1e+05,1.50e+06,3.625,3.75,None
2022-04-02,2022-04-02,5,None,Quiet to Active,147,109,012,016,C1.2,1.6e+06,1.1e+05,1.60e+06,2.75,2.875,None
2022-04-03,2022-04-03,7,The greater than 10 MeV proton flux reached 32.2 pfu at 02/1600 UTC,The geomagnetic field was at quiet to minor storm levels,143,118,019,022,C1.0,6.4e+06,6.4e+05,2.20e+07,3.625,3.5,None
2022-04-04,2022-04-04,10,"The greater than 10 MeV proton flux that began at 02/1430 UTC and reached a maximum of 32 pfu at 02/1600 UTC, decreased below the 10 pfu threshold at 03/0005 UTC",Quiet to Unsettled,140,129,007,006,7.7,3.3e+07,3.3e+05,9.40e+07,1.875,1.625,None
2022-04-05,2022-04-05,2,None,???,128,086,008,009,8.2,6.3e+06,7.4e+04,8.60e+07,2.5,2.125,None
2022-04-06,2022-04-06,1,None,The geomagnetic field was quiet.,122,075,006,006,5.3,1.4e+06,4.7e+04,1.10e+08,1.75,1.375,None
2022-04-07,2022-04-07,1,None,The geomagnetic field was quiet to unsettled.,117,061,006,007,5.0,4.0e+05,4.2e+04,1.40e+08,1.75,1.75,None
2022-04-09,2022-04-09,1,None,Field conditions were at quiet to unsettled levels.,109,055,009,009,3.0,6.6e+04,3.8e+04,2.80e+06,2.25,2.125,None
2022-04-10,2022-04-10,1,None,Field conditions were at quiet to active levels due to CME influence.,107,037,017,020,3.4,1.7e+05,3.9e+04,5.20e+06,3.375,3.25,None
2022-04-11,2022-04-11,1,None,Field activity ranged from quiet to strong (G3) levels due to combined CME and negative polarity CH HSS effects.,101,013,018,029,2.6,6.2e+05,3.9e+04,4.00e+06,3.25,3.375,None
2022-04-12,2022-04-12,1,None,The geomagnetic field was quiet to active.,099,024,013,014,2.3,1.1e+05,4.1e+04,2.20e+07,2.75,2.75,None
2022-04-13,2022-04-13,1,None,The geomagnetic field was quiet to active.,096,023,010,011,2.7,3.0e+05,4.2e+04,3.80e+07,2.375,2.25,None
2022-04-14,2022-04-14,1,None,The geomagnetic field was quiet to active.,099,037,009,011,1.7,9.2e+04,4.0e+04,3.80e+07,2.125,2.5,None
2022-04-15,2022-04-15,2,None,Field activity was at unsettled to (G2 - Moderate) storm levels due to CME influence.,103,037,022,034,5.0,9.0e+05,4.0e+04,5.20e+06,3.875,4.125,None
2022-04-16,2022-04-16,2,None,Field conditions were at quiet to minor storm levels due to effects from the 11 Apr CME.,110,035,014,017,C1.3,2.3e+05,3.9e+04,2.10e+07,3.375,3.125,None
2022-04-17,2022-04-17,2,None,Field activity was at quiet to unsettled levels.,122,078,007,006,C1.6,6.2e+04,3.9e+04,4.00e+07,1.75,1.5,None
2022-04-18,2022-04-18,8,None,Field activity was at quiet to unsettled levels.,135,074,009,011,C1.4,6.7e+04,4.0e+04,5.40e+07,2.5,2.375,None
2022-04-19,2022-04-19,5,None.,The geomagnetic field was quiet to unsettled.,135,079,007,008,C1.3,8.2e+04,4.0e+04,5.70e+07,2.25,1.875,None
2022-04-20,2022-04-20,5,None.,The geomagnetic field was quiet to unsettled during the period.,135,068,008,007,C1.3,2.8e+05,4.1e+04,9.20e+07,1.875,1.5,None
2022-04-21,2022-04-21,7,None.,The geomagnetic field was quiet to unsettled.,160,080,009,007,C1.6,2.9e+05,4.2e+04,7.40e+07,2.0,1.75,None
2022-04-22,2022-04-22,6,None.,The geomagnetic field was quiet to unsettled.,164,119,009,011,C1.5,1.9e+05,4.0e+04,3.40e+06,2.375,2.625,None
2022-04-23,2022-04-23,3,None,The geomagnetic field was at quiet to unsettled levels,163,101,007,007,8.0,1.5e+05,4.0e+04,9.00e+06,2.0,1.75,None
2022-04-24,2022-04-24,1,None,The geomagnetic field reached active levels,160,118,012,010,8.1,1.6e+05,3.9e+04,1.10e+07,2.625,2.375,None
2022-04-25,2022-04-25,1,None,The geomagnetic field was quiet,159,112,005,006,7.6,7.2e+04,3.8e+04,8.90e+06,1.375,1.75,None
2022-04-26,2022-04-26,2,None.,The geomagnetic field was quiet.,157,094,004,004,8.0,6.2e+04,3.8e+04,1.20e+07,1.375,1.125,None
2022-04-27,2022-04-27,2,None.,The geomagnetic field was quiet.,150,126,003,004,9.4,5.7e+04,3.8e+04,1.40e+07,1.125,1.125,None
2022-04-28,2022-04-28,4,None.,The geomagnetic field reached minor storm levels during the period.,142,095,016,018,8.2,3.0e+05,3.9e+04,1.10e+07,2.75,2.75,None
2022-04-29,2022-04-29,2,None,The geomagnetic field reached active levels,132,118,011,015,7.0,3.8e+05,3.8e+04,7.20e+06,3.125,2.875,None
2022-04-30,2022-04-30,9,None,The geomagnetic field reached active levels,124,090,010,013,6.5,8.1e+06,1.1e+05,7.80e+07,2.75,2.75,None
2022-05-01,2022-05-01,8,None,The geomagnetic field reached minor storm levels,120,050,016,018,C1.0,3.7e+07,9.2e+04,1.60e+07,3.125,3.0,None
2022-05-02,2022-05-02,5,None,The geomagnetic field was at quiet to unsettled levels,109,036,009,008,9.5,2.7e+06,4.7e+04,4.70e+07,2.25,2.25,None
2022-05-03,2022-05-03,6,None,The geomagnetic field was quiet.,112,069,006,006,5.9,2.6e+05,3.9e+04,6.70e+07,1.5,1.5,None
2022-05-04,2022-05-04,7,None,The geomagnetic field was quiet.,114,053,007,008,5.8,9.2e+04,3.7e+04,1.00e+08,2.0,2.0,None
2022-05-05,2022-05-05,12,None,The geomagnetic field was quiet.,130,064,006,007,9.6,7.4e+04,3.8e+04,5.30e+07,2.125,1.875,None
2022-05-06,2022-05-06,17,None,The geomagnetic field was quiet.,120,085,004,004,8.7,5.2e+04,3.7e+04,5.90e+07,1.125,1.125,None
2022-05-07,2022-05-07,17,None.,The geomagnetic field was quiet.,119,064,???,004,6.9,4.6e+04,3.7e+04,6.10e+07,1.125,1.0,None.
2022-05-08,2022-05-08,9,None.,The geomagnetic field was quiet.,118,066,004,003,5.3,4.6e+04,3.8e+04,6.70e+07,1.25,0.875,None.
2022-05-09,2022-05-09,9,None.,The geomagnetic field was quiet.,119,089,007,006,4.8,4.9e+04,3.7e+04,2.70e+07,2.0,1.875,None.
2022-05-10,2022-05-10,3,None,The geomagnetic field was quiet to unsettled.,117,071,008,008,5.8,5.7e+04,3.7e+04,1.20e+06,2.25,1.75,None
2022-05-11,2022-05-11,3,None,The geomagnetic field was quiet.,116,062,002,003,7.6,6.5e+04,3.7e+04,1.30e+06,1.25,0.75,None
2022-05-12,2022-05-12,5,10 MeV protons are currently elevated due to activity from beyond the western limb.,The geomagnetic field was quiet.,133,084,005,006,C1.1,3.1e+05,6.3e+04,1.30e+06,1.625,1.625,None
2022-05-13,2022-05-13,2,None.,The geomagnetic field was unsettled.,133,112,008,011,C1.0,7.7e+06,2.0e+05,1.00e+06,2.25,2.25,None.
2022-05-14,2022-05-14,4,None.,The geomagnetic field was unsettled.,150,120,007,007,C1.2,2.2e+06,5.6e+04,1.00e+06,2.25,1.75,None.
2022-05-15,2022-05-15,2,None.,The geomagnetic field was unsettled.,153,105,009,007,C1.1,3.0e+05,4.0e+04,1.20e+06,2.0,2.0,None.
2022-05-16,2022-05-16,1,None.,The geomagnetic field was active.,154,129,010,012,C1.0,8.5e+04,3.8e+04,1.20e+06,2.875,2.5,None.
2022-05-17,2022-05-17,2,None,The geomagnetic field was quiet to unsettled,162,173,011,010,C1.2,6.7e+04,3.8e+04,1.30e+06,2.625,2.375,None
2022-05-18,2022-05-18,2,None,The geomagnetic field was qjuiet to unsettled.,171,153,015,013,C1.8,5.9e+04,3.7e+04,1.50e+06,2.75,2.5,None
2022-05-19,2022-05-19,2,None,The geomagnetic field was quiet to unsettled.,180,147,007,008,C1.6,4.7e+04,3.8e+04,2.30e+06,2.125,1.875,None
2022-05-20,2022-05-20,5,None.,The geomagnetic field was quiet to unsettled.,173,154,010,009,C1.7,5.2e+04,3.7e+04,2.80e+06,2.5,2.375,None.
2022-05-21,2022-05-21,2,None.,The geomagnetic field was quiet to active.,166,109,012,010,C1.3,6.7e+04,3.5e+04,2.90e+06,2.375,2.375,None.
2022-05-22,2022-05-22,2,None.,The geomagnetic field was quiet to unsettled.,167,110,009,011,C1.2,7.7e+04,3.4e+04,2.40e+07,2.375,2.25,None.
2022-05-23,2022-05-23,1,None.,The geomagnetic field was quiet to active.,165,138,011,013,C1.2,7.4e+04,3.5e+04,2.70e+07,2.875,2.625,None
2022-05-24,2022-05-24,1,None,The geomagnetic field was quiet to unsettled,158,132,006,006,C1.2,6.8e+04,3.6e+04,4.60e+07,2.0,1.375,None
2022-05-25,2022-05-25,2,None,The geomagnetic field was quiet,147,137,003,004,C1.0,4.9e+04,3.6e+04,4.80e+07,1.625,1.125,None
2022-05-26,2022-05-26,2,None,The geomagnetic field was quiet,137,093,007,006,8.8,5.8e+04,3.6e+04,1.90e+07,2.125,1.875,None
2022-05-27,2022-05-27,3,None.,The geomagnetic field was quiet.,123,087,006,004,7.1,1.4e+06,3.8e+04,2.40e+07,1.625,1.125,None.
2022-05-28,2022-05-28,1,None.,The geomagnetic field was quiet to active.,114,069,014,???,6.1,8.3e+05,3.7e+04,4.30e+06,2.875,2.125,None.
2022-05-29,2022-05-29,4,None.,The geomagnetic field reached moderate storm levels.,102,034,019,028,4.0,9.0e+04,3.4e+04,1.90e+06,3.5,3.25,None.
2022-05-30,2022-05-30,1,None.,The geomagnetic field was quiet to active.,098,042,014,015,2.1,6.9e+04,3.4e+04,2.00e+07,2.875,3.0,None.
2022-05-31,2022-05-31,1,None,Levels were unsettled early in the day before becoming quiet.,101,040,008,008,2.0,6.2e+04,3.4e+04,1.70e+08,2.375,1.875,None
2022-06-01,2022-06-01,1,None,Field activity was at quiet to active levels.,098,039,008,011,1.9,5.6e+04,3.4e+04,1.50e+08,2.5,2.5,None
2022-06-02,2022-06-02,1,None,Field activity was at quiet to unsettled levels.,104,059,008,007,2.3,4.2e+04,3.3e+04,2.80e+08,1.875,1.875,None
2022-06-03,2022-06-03,1,None,Field conditions were at quiet levels.,101,059,005,005,2.3,4.5e+04,3.4e+04,4.00e+08,1.375,1.25,None
2022-06-04,2022-06-04,6,None.,The geomagnetic field was quiet.,101,052,004,004,1.8,4.3e+04,3.4e+04,4.20e+08,1.375,1.125,None.
2022-06-05,2022-06-05,2,None.,The geomagnetic field was quiet.,101,075,004,004,2.0,4.8e+04,3.4e+04,5.20e+08,1.375,1.125,The greater than 2 MeV electron fluence was at high levels.
2022-06-06,2022-06-06,1,None,Field conditions were at quiet levels.,099,057,005,004,1.5,5.9e+04,3.4e+04,1.90e+08,1.625,1.25,None
2022-06-07,2022-06-07,1,None,The geomagnetic field was quiet to unsettled.,096,045,010,009,1.8,5.0e+04,3.4e+04,5.70e+06,2.5,2.375,None
2022-06-08,2022-06-08,1,None.,The geomagnetic field was unsettled.,101,023,011,010,2.3,5.0e+04,3.3e+04,2.10e+06,2.25,2.375,None.
2022-06-09,2022-06-09,1,None,Levels were quiet.,100,000,005,005,3.0,4.1e+04,3.5e+04,1.30e+06,1.625,1.25,None
2022-06-10,2022-06-10,1,None.,The geomagnetic field was quiet to unsettled.,106,017,006,006,4.4,4.4e+04,3.5e+04,1.60e+06,1.875,1.375,None.
2022-06-11,2022-06-11,1,None.,The geomagnetic field was quiet to unsettled.,111,033,006,007,5.2,4.4e+04,3.7e+04,1.80e+06,1.125,1.75,None.
2022-06-12,2022-06-12,1,None.,The geomagnetic field was quiet to unsettled.,112,041,010,007,4.9,5.9e+04,3.6e+04,1.60e+06,0.0,1.75,None.
2022-06-13,2022-06-13,2,None.,The geomagnetic field was quiet to unsettled.,121,063,012,009,6.3,5.0e+04,3.7e+04,1.50e+06,0.0,2.0,None.
2022-06-14,2022-06-14,1,None,The geomagnetic field was quiet to unsettled with an isolated G1 (Minor) storming period.,132,096,014,012,8.4,9.8e+04,3.8e+04,2.70e+06,0.0,2.625,None
2022-06-15,2022-06-15,2,None,The geomagnetic field was quiet to unsettled.,146,121,010,008,C1.0,1.4e+06,5.2e+04,3.10e+06,3.125,2.125,None
2022-06-16,2022-06-16,1,None,The geomagnetic field reached active levels,140,149,018,020,7.4,1.4e+07,5.9e+04,3.90e+06,3.75,3.375,None
2022-06-17,2022-06-17,7,None,Field conditions were at quiet to active levels.,147,159,014,012,7.5,1.9e+07,5.1e+04,9.30e+06,3.25,2.875,None
2022-06-18,2022-06-18,5,None,Field activity was at quiet to G1- Minor storm levels.,149,152,014,014,9.0,2.6e+06,3.9e+04,2.70e+07,3.25,2.875,None
2022-06-19,2022-06-19,2,None,Field conditions were at quiet to active levels.,140,145,015,015,7.3,4.0e+05,3.3e+04,5.00e+07,3.375,2.75,None
2022-06-20,2022-06-20,3,None,Field activity was at quiet to active levels.,144,120,010,013,8.6,1.8e+05,3.1e+04,1.00e+08,3.125,2.625,None
2022-06-21,2022-06-21,2,None,The geomagnetic field was quiet to unsettled.,137,112,010,010,C1.0,1.1e+05,3.1e+04,1.10e+08,2.875,2.375,None
2022-06-22,2022-06-22,2,None,Field activity was at quiet to unsettled levels.,139,104,010,007,7.7,1.2e+05,3.2e+04,8.50e+07,2.875,2.0,None
2022-06-23,2022-06-23,15,None.,The geomagnetic field was quiet to unsettled.,129,080,010,012,7.8,9.5e+04,3.3e+04,2.80e+07,3.0,2.75,None.
2022-06-24,2022-06-24,1,None,Field activity was at quiet to active levels.,121,069,012,012,5.8,6.4e+04,3.4e+04,3.30e+07,3.375,2.625,None
2022-06-25,2022-06-25,1,None,Field activity was at quiet to unsettled levels.,115,060,008,007,4.4,5.4e+04,3.4e+04,3.60e+07,2.625,1.5,None
2022-06-26,2022-06-26,7,None,Field activity was at quiet to active levels.,108,031,014,014,3.6,6.3e+04,3.4e+04,3.20e+07,3.0,2.625,None
2022-06-27,2022-06-27,5,None,Field conditions were at quiet to active levels.,102,033,015,021,3.3,1.5e+05,3.3e+04,2.50e+07,4.0,3.25,None
2022-06-28,2022-06-28,10,None.,The geomagnetic field ranged from quiet to active levels.,098,032,015,012,2.4,7.1e+04,3.3e+04,1.70e+08,3.0,2.25,None
2022-06-29,2022-06-29,3,None.,The geomagnetic field was quiet to unsettled.,096,071,011,009,1.7,5.2e+04,3.3e+04,2.30e+08,2.625,2.0,None
2022-06-30,2022-06-30,1,None.,The geomagnetic field was quiet to unsettled.,092,048,007,006,1.4,5.0e+04,3.2e+04,1.60e+08,2.5,1.5,None
2022-07-01,2022-07-01,1,None.,The geomagnetic field was quiet.,096,040,005,005,1.3,5.6e+04,3.3e+04,2.50e+08,2.5,1.375,None
2022-07-02,2022-07-02,3,None,Field activity was at quiet to unsettled levels.,098,039,008,006,1.5,2.1e+05,3.3e+04,2.60e+08,2.625,1.375,None
2022-07-03,2022-07-03,10,None,Field activity was at quiet to minor storm levels due to CME effects.,100,057,017,022,1.5,7.1e+04,3.3e+04,2.10e+06,3.625,3.375,None
2022-07-04,2022-07-04,4,None,Field conditions were at quiet to active levels under an enhanced solar wind environment.,102,042,011,010,1.9,8.1e+04,3.4e+04,1.60e+06,3.125,1.875,None
2022-07-05,2022-07-05,2,None.,The geomagnetic field was unsettled to active with an isolated period of minor storming.,104,079,018,025,3.3,6.2e+04,3.5e+04,1.30e+06,3.625,3.625,None
2022-07-06,2022-07-06,3,None,The geomagnetic field was quiet.,115,092,004,004,5.9,4.5e+04,3.6e+04,2.40e+06,2.0,0.875,None
2022-07-07,2022-07-07,1,None.,The geomagnetic field was quiet.,115,098,005,005,4.8,8.2e+04,3.6e+04,2.10e+06,2.0,1.25,None
2022-07-08,2022-07-08,4,None,Field activity was at quiet to minor storm levels due to CME transient activity.,121,088,015,017,4.8,1.1e+05,3.5e+04,1.50e+06,3.125,2.625,None
2022-07-09,2022-07-09,9,None,Field conditions were at quiet to minor storm levels due to CME effects.,130,081,014,021,5.2,1.2e+05,3.5e+04,1.40e+06,3.0,3.375,None
2022-07-10,2022-07-10,10,None,Field activity was at quiet to unsettled levels.,137,089,006,006,8.2,1.2e+06,1.3e+05,1.60e+06,1.75,1.5,None
2022-07-11,2022-07-11,3,None,Field activity was at quiet to unsettled levels.,153,113,008,007,9.9,2.3e+06,9.3e+04,1.50e+06,1.875,1.75,None
2022-07-12,2022-07-12,4,None.,The geomagnetic field was quiet to unsettled with an isolated active period.,161,134,010,010,C1.0,7.6e+06,6.3e+04,2.10e+06,1.875,2.25,None
2022-07-13,2022-07-13,11,None,The geomagnetic field was quiet to unsettled with isolated active and minor storming periods.,165,117,016,017,C1.0,4.2e+06,4.4e+04,2.10e+06,3.125,3.0,None
2022-07-14,2022-07-14,1,None,The geomagnetic field was quiet.,165,101,005,005,9.8,1.4e+06,3.7e+04,4.30e+06,1.375,1.5,None
2022-07-15,2022-07-15,4,None.,The geomagnetic field was mostly quiet with an isolated unsettled period.,169,133,005,005,C1.4,9.8e+04,3.4e+04,6.70e+06,1.625,1.375,None
2022-07-16,2022-07-16,16,None,The geomagnetic field has been quiet to unsettled.,171,141,007,010,C1.1,1.2e+05,3.4e+04,1.10e+07,2.125,2.125,None
2022-07-17,2022-07-17,7,None,The geomagnetic field was quiet to unsettled.,176,153,009,008,C1.3,8.1e+04,3.4e+04,1.40e+08,1.875,2.0,None
2022-07-18,2022-07-18,1,None,The geomagnetic field was quiet.,166,166,006,006,C1.0,7.9e+04,3.4e+04,2.60e+08,1.5,1.5,None
2022-07-19,2022-07-19,2,None.,The geomagnetic field was quiet to unsettled with an isolated active period.,152,125,010,010,9.7,9.0e+04,3.4e+04,8.00e+07,2.125,2.0,None
2022-07-20,2022-07-20,1,None.,The geomagnetic field was unsettled to active.,144,114,019,025,9.6,1.9e+05,3.1e+04,7.50e+06,3.25,3.75,None
2022-07-21,2022-07-21,1,None,The geomagnetic field was quiet to unsettled.,133,129,007,008,8.3,4.1e+04,3.1e+04,7.60e+07,1.875,2.0,None
2022-07-22,2022-07-22,2,None,The geomagnetic field reached G1 (Minor) storming due to CH HSS effects.,122,124,014,021,6.2,1.3e+05,3.2e+04,3.50e+07,3.125,3.125,None
2022-07-23,2022-07-23,1,None,The geomagnetic field was at quiet to unsettled levels under negative polarity CH HSS effects.,114,107,011,011,5.3,7.0e+04,3.3e+04,2.70e+07,2.875,2.25,None
2022-07-24,2022-07-24,2,None,"The geomagnetic field was quiet to active with an early, isolated minor storming period due to shock arrival of the  Jul event.",111,096,015,018,4.3,2.0e+06,3.0e+04,1.60e+07,3.0,2.875,None
2022-07-25,2022-07-25,1,None,The geomagnetic field was quiet to unsettled.,107,080,009,010,3.1,1.9e+05,2.8e+04,2.60e+07,2.625,2.375,None
2022-07-26,2022-07-26,1,None.,The geomagnetic field was unsettled.,102,100,008,006,2.1,5.2e+04,2.9e+04,5.10e+07,1.875,1.375,N/A.
2022-07-27,2022-07-27,1,None.,The geomagnetic field was unsettled.,099,078,007,008,1.8,4.1e+04,2.9e+04,4.10e+07,1.875,1.75,None.
2022-07-28,2022-07-28,1,None.,The geomagnetic field reached unsettled.,098,053,009,008,1.6,4.5e+04,3.0e+04,3.00e+07,0.25,2.125,None.
2022-07-29,2022-07-29,1,None,The geomagnetic field was unsettled.,093,050,009,008,1.4,5.2e+04,2.9e+04,2.30e+07,2.25,2.125,None.
2022-07-30,2022-07-30,1,None.,The geomagnetic field was quiet.,093,040,006,004,1.2,4.3e+04,3.0e+04,2.10e+07,1.5,1.0,None.
2022-07-31,2022-07-31,1,None.,The geomagnetic field was unsettled.,091,027,008,007,1.1,6.4e+04,3.0e+04,2.60e+07,0.0,1.75,None.
2022-08-01,2022-08-01,1,None.,The geomagnetic field was active,094,039,012,010,1.2,1.8e+05,3.1e+04,8.80e+06,0.0,2.25,None.
2022-08-02,2022-08-02,1,Nonoe.,The geomagnetic field was quiet to unsettled.,095,032,008,008,2.0,2.7e+05,3.3e+04,3.50e+06,0.0,2.125,Did not receive BOU magnetometer data during past 24 hours.
2022-08-03,2022-08-03,4,None.,The geomagnetic field was quiet to unsettled.,098,025,010,010,2.8,2.2e+05,3.3e+04,6.50e+06,2.375,2.25,None
2022-08-04,2022-08-04,6,None.,He geomagnetic field was quiet to unsettled.,100,037,007,009,2.4,1.3e+05,3.2e+04,4.30e+06,2.625,2.25,None
2022-08-05,2022-08-05,9,None.,The geomagnetic field was quiet.,109,052,007,005,3.5,8.9e+04,3.2e+04,5.60e+06,1.625,1.375,None.
2022-08-06,2022-08-06,15,None.,The geomagnetic field was unsettled.,114,069,007,005,4.0,7.5e+04,3.3e+04,1.70e+06,1.5,1.125,None.
2022-08-07,2022-08-07,2,None.,The geomagnetic field was quiet.,116,069,005,003,4.5,1.1e+05,3.3e+04,1.70e+06,1.75,0.625,None.
2022-08-08,2022-08-08,2,None.,The geomagnetic field reached minor storm levels in response to coronal hole influence.,116,087,020,023,4.5,2.5e+05,3.2e+04,2.40e+06,3.375,3.375,None
2022-08-09,2022-08-09,1,None,Minor storm levels were reached.,113,063,021,???,4.2,1.7e+05,3.0e+04,4.60e+07,3.875,4.0,None
2022-08-10,2022-08-10,1,None,Minor storm levels were reached early in the day.,109,058,015,021,3.5,8.1e+04,3.0e+04,2.10e+08,3.375,3.625,None
2022-08-11,2022-08-11,1,None,Levels were mostly quiet to unsettled with one active period observed the second half of the day.,108,060,010,012,2.5,7.8e+04,2.9e+04,3.20e+08,2.75,2.375,None
2022-08-12,2022-08-12,1,None,Levels were quiet to active.,115,058,012,014,2.8,1.5e+05,2.9e+04,4.40e+08,3.0,3.0,None
2022-08-13,2022-08-13,1,None.,The geomagnetic field was quiet to unsettled.,120,097,006,008,3.2,3.7e+04,3.0e+04,2.10e+08,2.0,2.125,None.
2022-08-14,2022-08-14,1,None.,The geomagnetic field was quiet and unsettled.,124,116,010,009,5.5,3.8e+04,3.0e+04,2.50e+08,2.375,2.25,None.
2022-08-15,2022-08-15,2,None.,The geomagnetic field was quiet to unettled.,126,104,009,006,4.3,3.7e+04,3.0e+04,1.20e+08,2.0,1.5,None.
2022-08-16,2022-08-16,10,None,Levels were mostly quiet.,131,092,006,006,6.8,3.1e+06,3.6e+04,2.80e+08,1.375,1.5,None
2022-08-17,2022-08-17,10,None,Levels were quiet.,129,119,005,004,5.8,3.8e+06,3.5e+04,2.60e+08,1.75,1.0,None
2022-08-18,2022-08-18,12,None,Moderate storm levels were observed late in the day.,123,083,022,028,6.2,3.2e+06,3.2e+04,1.20e+08,3.125,3.125,None
2022-08-19,2022-08-19,11,None.,The geomagnetic field ranged from quiet to minor storm levels.,117,083,019,023,7.0,1.8e+06,3.0e+04,4.50e+06,3.625,3.375,None.
2022-08-20,2022-08-20,5,None.,The geomagnetic field ranged from quiet to minor storm levels.,105,074,015,021,5.0,1.8e+06,3.4e+04,5.20e+07,3.125,3.125,None.
2022-08-21,2022-08-21,1,None.,The geomagnetic field was quiet to active.,102,056,016,013,2.5,3.4e+05,3.0e+04,5.90e+07,2.625,2.5,None.
2022-08-22,2022-08-22,1,None.,The geomagnetic field was quiet to active.,097,056,013,015,1.9,1.0e+05,2.8e+04,9.20e+07,2.75,2.75,None.
2022-08-23,2022-08-23,1,None,Geomagnetic activity was quiet to unsettled.,103,044,007,009,3.3,4.8e+04,2.9e+04,1.70e+08,1.875,2.125,None
2022-08-24,2022-08-24,3,None,The geomagnetic field was quiet.,101,052,003,006,2.0,5.1e+04,3.0e+04,2.60e+08,1.125,1.375,None
2022-08-25,2022-08-25,1,None,The geomagnetic field was quiet.,108,046,004,004,2.4,1.3e+05,3.0e+04,1.90e+08,1.25,1.0,None
2022-08-26,2022-08-26,16,None,The geomagnetic field was quiet.,118,094,005,004,5.7,1.3e+05,2.9e+04,1.80e+08,1.0,1.0,None
2022-08-27,2022-08-27,7,None,Field activity was at quiet levels.,119,088,005,004,C1.6,3.2e+05,3.1e+04,1.80e+08,1.5,1.0,None
2022-08-28,2022-08-28,11,None,Field activity was at quiet to active levels.,128,084,011,012,C1.7,7.6e+07,6.7e+05,2.40e+07,2.625,2.5,None
2022-08-29,2022-08-29,5,None,Field activity was at quiet levels.,252,079,007,006,C2.5,1.0e+08,2.0e+05,1.50e+06,2.25,1.5,None
2022-08-30,2022-08-30,6,None,The geomagnetic field was quiet to active.,131,087,013,012,C2.1,1.6e+07,6.7e+04,1.10e+06,2.75,2.625,None
2022-08-31,2022-08-31,4,None,The geomagnetic field was quiet to active.,126,050,013,012,7.6,3.1e+06,3.6e+04,1.50e+06,2.625,2.625,None
2022-09-01,2022-09-01,2,None,Field activity was at quiet to active levels.,113,042,012,011,C1.0,2.0e+05,3.2e+04,2.50e+06,2.75,2.5,None
2022-09-02,2022-09-02,1,None,Field activity was at quiet to active levels.,116,067,009,008,6.4,8.9e+04,3.1e+04,2.00e+06,2.0,1.625,None
2022-09-03,2022-09-03,1,None,Field conditions were at quiet to unsettled levels.,130,071,010,007,7.2,9.3e+04,3.1e+04,3.10e+06,1.875,1.375,None
2022-09-04,2022-09-04,2,None,Field activity ranged from unsettled to minor storm levels.,123,068,023,024,6.5,1.8e+05,3.0e+04,7.10e+06,3.5,3.875,None
2022-09-05,2022-09-05,1,None,Field activity ranged from active to major geomagnetic storm levels.,128,062,033,060,C1.3,1.4e+06,3.0e+04,6.90e+07,4.625,5.5,None
2022-09-06,2022-09-06,2,None,The geomagnetic field was at active to minor storm levels.,130,079,021,035,C1.1,8.5e+05,3.0e+04,2.10e+08,4.0,4.375,None
2022-09-07,2022-09-07,3,None,The geomagnetic field was at unsettled to active levels.,126,056,014,019,8.1,1.2e+05,3.0e+04,2.60e+08,3.625,3.5,None
2022-09-08,2022-09-08,1,None.,"The geomagnetic field was quiet to unsettled, with an isolated minor storm period.",126,073,012,016,6.6,1.2e+05,3.1e+04,5.70e+08,2.75,3.0,None
2022-09-09,2022-09-09,1,None.,The geomagnetic field was unsettled to active.,127,075,017,018,5.3,1.4e+05,3.4e+04,8.80e+08,3.125,3.125,The GOES-16 >2MeV electron fluence reached High levels.
2022-09-10,2022-09-10,2,None.,The geomagnetic field was quiet to active.,126,072,014,014,5.1,1.4e+05,4.2e+04,3.90e+08,2.625,2.625,None.
2022-09-11,2022-09-11,5,None.,The geomagnetic field was quiet to active.,136,122,010,014,5.4,2.6e+05,7.5e+04,3.70e+08,2.625,2.75,None.
2022-09-12,2022-09-12,1,None.,The geomagnetic field was quiet to unsettled.,152,113,009,007,C1.1,3.6e+05,8.2e+04,3.30e+08,2.0,1.875,None.
2022-09-13,2022-09-13,1,"The greater than 10 MeV proton flux was elevated to 6.75 pfu observed at 12/1345 UTC, due to activity on the Suns far side on 08 Sep.",The geomagnetic field was quiet to unsettled.,150,117,009,008,C1.5,4.5e+06,2.8e+05,1.60e+08,2.25,1.875,None
2022-09-14,2022-09-14,2,"The greater than 10 MeV proton flux was elevated but trending toward quiet ambient levels, due to activity on the Suns far side on 08 Sep.",The geomagnetic field was quiet.,154,093,005,004,C1.7,5.0e+05,1.1e+05,2.20e+08,1.625,1.125,None
2022-09-15,2022-09-15,6,"The greater than 10 MeV proton flux remained mildly enhanced, ~1.5 pfu, and was trending towards background levels. A pair of slight enhancements below 3pfu as a CME passed Earth.","The geomagnetic field was quiet to unsettled, with an isolated active period.",144,057,010,009,C1.2,2.4e+06,1.6e+05,3.60e+08,2.25,1.875,None
2022-09-16,2022-09-16,4,None.,The geomagnetic field was quiet to unsettled.,140,071,008,006,C1.0,8.7e+05,1.1e+05,1.10e+07,1.875,1.25,None.
2022-09-17,2022-09-17,5,None.,The geomagnetic field was quiet.,131,064,005,004,9.0,2.4e+06,2.0e+05,8.60e+06,1.625,1.125,None.
2022-09-18,2022-09-18,2,None.,The geomagnetic field was quiet.,132,076,005,004,8.6,4.1e+06,1.7e+05,5.90e+06,1.0,1.125,None.
2022-09-19,2022-09-19,9,None.,Geomagnetic activity ranged from quiet to unsettled levels.,136,051,009,010,8.9,3.0e+06,1.4e+05,8.30e+06,2.625,2.5,None
2022-09-20,2022-09-20,12,None,The geomagnetic field was at quiet to unsettled levels,128,074,007,007,C1.0,1.4e+06,9.3e+04,5.50e+06,2.0,1.75,None
2022-09-21,2022-09-21,5,None,The geomagnetic field was quiet,137,070,006,006,C1.3,6.4e+05,6.2e+04,7.30e+06,2.125,1.5,None
2022-09-22,2022-09-22,2,None,The geomagnetic field was quiet,137,070,004,004,C1.0,2.6e+05,4.4e+04,1.20e+07,1.5,1.125,None
2022-09-23,2022-09-23,1,None,Field conditions were at quiet to unsettled levels.,137,099,005,005,C1.0,3.4e+05,4.4e+04,1.20e+07,1.5,1.25,None
2022-09-24,2022-09-24,7,None,Field conditions were at quiet to unsettled levels.,146,111,012,012,C1.2,2.7e+05,3.6e+04,5.90e+06,2.75,2.75,None
2022-09-25,2022-09-25,1,None,Field conditions were at quiet to active levels.,147,128,010,013,C1.5,5.2e+05,4.1e+04,1.80e+07,3.0,2.75,None
2022-09-26,2022-09-26,6,None,Field conditions were at quiet levels.,135,096,005,006,8.2,4.1e+05,5.2e+04,5.40e+07,1.625,1.75,None
2022-09-27,2022-09-27,1,None.,The geomagnetic field was mostly quiet with an isolated unsettled period.,135,120,005,005,8.4,9.7e+05,5.9e+04,7.60e+07,1.375,1.0,None
2022-09-28,2022-09-28,3,None.,The geomagnetic field was quiet to unsettled with isolated active to Minor storm conditions.,135,110,033,018,8.2,1.1e+07,9.4e+04,1.20e+06,2.875,3.125,None
2022-09-29,2022-09-29,11,None,The geomagnetic field was quiet.,135,072,003,002,8.4,3.0e+06,5.7e+04,1.20e+06,1.0,0.375,None
2022-09-30,2022-09-30,15,None,Field conditions were at quiet levels.,137,056,007,006,C1.6,4.4e+06,3.7e+04,1.10e+06,2.0,1.625,None
2022-10-01,2022-10-01,10,None,Field conditions were at quiet to unsettled levels.,137,074,012,010,C1.6,1.4e+06,3.1e+04,1.30e+06,2.25,2.125,None
2022-10-02,2022-10-02,11,None,Field conditions were at quiet levels.,148,100,002,003,C1.5,3.1e+05,3.1e+04,1.50e+06,0.75,0.625,None
2022-10-03,2022-10-03,6,None,Field activity was at quiet to active levels.,154,102,009,010,C1.4,2.4e+06,3.5e+04,1.30e+06,2.5,2.125,None
2022-10-04,2022-10-04,8,None.,The geomagnetic field ranged from quiet to minor storm levels.,155,144,016,026,C1.7,5.1e+06,4.2e+04,6.20e+06,3.625,3.375,None
2022-10-05,2022-10-05,1,None.,"The geomagnetic field was quiet to unsettled, with isolated active periods.",152,153,013,012,C1.1,2.7e+05,3.0e+04,8.90e+06,2.625,2.5,None
2022-10-06,2022-10-06,1,None,"The geomagnetic field was quiet to unsettled, with an isolated active period.",161,151,011,013,C1.0,1.3e+05,3.0e+04,5.00e+07,2.75,2.75,None
2022-10-07,2022-10-07,1,None,The geomagnetic field was quiet to unsettled with an isolated active period.,156,139,014,015,8.4,7.9e+04,3.1e+04,6.20e+07,3.125,2.875,None
2022-10-08,2022-10-08,2,None,The geomagnetic field was quiet to active.,160,146,012,014,8.6,7.3e+04,3.2e+04,1.10e+08,2.875,2.625,None
2022-10-09,2022-10-09,1,None,The geomagnetic field was quiet to unsettled.,157,137,010,010,7.8,1.3e+05,3.2e+04,1.30e+08,2.375,2.25,None
2022-10-10,2022-10-10,1,None,The geomagnetic field was active.,161,114,018,022,9.9,2.2e+05,3.1e+04,1.10e+08,3.5,3.625,None
2022-10-11,2022-10-11,4,None.,The geomagnetic field was quiet to unsettled.,163,134,008,008,7.1,5.5e+04,3.2e+04,1.50e+08,2.25,1.875,None
2022-10-12,2022-10-12,8,None,The geomagnetic field was quiet to unsettled.,150,072,007,007,7.2,5.3e+04,3.3e+04,2.10e+08,2.0,1.625,None
2022-10-13,2022-10-13,6,None.,The geomagnetic field was mostly quiet with an isolated unsettled period.,141,062,004,005,6.1,7.7e+04,3.3e+04,2.60e+08,1.0,1.375,None
2022-10-14,2022-10-14,3,None.,The geomagnetic field was quiet.,130,057,004,004,5.8,5.3e+04,3.3e+04,1.70e+08,1.5,1.0,None.
2022-10-15,2022-10-15,1,None.,The geomagnetic field reached minor storm levels.,121,051,016,018,5.3,7.5e+04,3.2e+04,3.80e+06,3.125,3.0,None.
2022-10-16,2022-10-16,1,None.,The geomagnetic field reached minor storm levels.,115,050,015,012,4.0,1.1e+05,3.0e+04,1.70e+06,2.75,2.625,None.
2022-10-17,2022-10-17,1,None.,The geomagnetic field reached active levels.,119,059,011,013,5.3,1.1e+05,2.9e+04,1.60e+07,2.5,2.5,None.
2022-10-18,2022-10-18,1,None,The geomagnetic field was at quiet to unsettled levels.,126,084,004,004,6.5,1.5e+05,3.0e+04,3.10e+07,1.125,1.0,None
2022-10-19,2022-10-19,1,None,Levels were quiet to unsettled.,114,050,???,004,5.5,9.5e+05,3.0e+04,3.30e+07,1.25,1.0,None
2022-10-20,2022-10-20,1,None,Levels were quiet.,113,050,122,003,4.6,8.9e+04,2.9e+04,3.40e+07,1.0,0.75,None
2022-10-21,2022-10-21,1,None,Levels were quiet to unsettled.,116,033,???,006,6.0,1.6e+05,2.9e+04,3.50e+07,1.75,1.5,None
2022-10-22,2022-10-22,1,None.,The geomagnetic field was quiet.,109,060,004,003,5.6,2.8e+05,3.0e+04,3.30e+07,1.25,0.875,None.
2022-10-23,2022-10-23,1,None.,The geomagnetic field reached major storm levels due to coronal hole influence.,105,055,087,025,3.6,2.5e+06,2.9e+04,1.90e+06,3.375,3.375,None
2022-10-24,2022-10-24,1,None.,The geomagnetic field reached active levels.,108,065,139,012,2.4,2.0e+05,2.9e+04,1.20e+06,2.625,2.25,None.
2022-10-25,2022-10-25,1,None,The geomagnetic field was quiet to unsettled.,115,046,204,005,3.6,3.9e+05,2.9e+04,1.40e+06,1.5,1.5,None
2022-10-26,2022-10-26,2,None,The geomagnetic field was quiet.,116,072,172,003,3.6,3.8e+05,2.9e+04,2.40e+06,1.25,0.75,None
2022-10-27,2022-10-27,1,None,"The geomagnetic field was quiet with a late, isolated unsettled period.",122,078,083,004,4.3,3.1e+06,2.9e+04,3.70e+06,1.0,1.0,None
2022-10-28,2022-10-28,1,None,Field conditions were at quiet to unsettled levels.,130,072,006,007,6.8,1.4e+05,2.9e+04,1.20e+06,2.125,2.0,None
2022-10-29,2022-10-29,14,None,Field conditions were at quiet to minor storm levels due to positive polarity coronal hole high speed stream effects.,129,087,090,016,5.5,1.1e+05,3.0e+04,1.60e+06,3.0,2.875,None
2022-10-30,2022-10-30,2,None,Field conditions were at quiet to minor storm levels due to positive polarity coronal hole high speed stream.,134,097,094,024,5.8,1.2e+05,3.0e+04,2.50e+07,3.75,3.5,None
2022-10-31,2022-10-31,8,None,Field conditions were at quiet to unsettled levels.,131,068,086,009,5.7,6.8e+04,3.0e+04,1.20e+08,2.625,2.25,None
2022-11-01,2022-11-01,1,None,The geomagnetic field was quiet to unsettled under CH HSS effects.,128,056,108,009,5.4,1.7e+05,3.0e+04,1.60e+08,2.375,2.25,None
2022-11-02,2022-11-02,1,None,The geomagnetic field was quiet to active.,128,063,084,006,4.6,5.5e+04,3.1e+04,6.40e+07,1.75,1.375,None
2022-11-03,2022-11-03,2,None,Levels were mostly unsettled to active.,130,049,???,016,4.5,8.4e+05,3.2e+04,1.10e+08,3.0,3.125,None
2022-11-04,2022-11-04,1,None.,The geomagnetic field was at quiet to major storm levels.,125,065,016,028,4.8,5.4e+05,3.2e+04,4.90e+07,3.5,3.625,None.
2022-11-05,2022-11-05,16,None.,The geomagnetic field was quiet to active.,118,081,012,014,5.6,1.1e+05,3.2e+04,2.10e+08,2.875,2.875,None.
2022-11-06,2022-11-06,9,None.,The geomagnetic field was quiet to unsettled.,131,082,008,009,5.1,9.0e+04,3.3e+04,3.70e+08,2.0,2.125,None.
2022-11-07,2022-11-07,10,None.,The geomagnetic field was quiet.,131,078,003,003,5.7,5.3e+04,3.2e+04,5.00e+08,1.25,0.75,None.
2022-11-08,2022-11-08,9,None,The geomagnetic field was quiet to active with an isolated minor storming period due to a likely transient.,135,080,012,???,6.4,1.1e+06,3.1e+04,2.80e+08,2.5,1.875,None
2022-11-09,2022-11-09,2,None,Levels were unsettled to active.,132,085,008,012,4.3,4.5e+04,3.0e+04,5.50e+06,2.5,2.5,None
2022-11-10,2022-11-10,6,None,Levels were quiet to active.,138,081,008,007,4.3,3.5e+04,3.0e+04,1.60e+07,2.125,1.75,None
2022-11-11,2022-11-11,12,None.,The geomagnetic field was quiet.,139,079,002,001,5.0,3.8e+04,3.1e+04,5.00e+07,0.5,0.25,None.
2022-11-12,2022-11-12,21,None.,The geomagnetic field was quiet to unsettled.,138,057,009,008,5.6,1.5e+05,3.0e+04,2.00e+07,2.25,2.0,None.
2022-11-13,2022-11-13,11,None.,The geomagnetic field was quiet.,138,065,003,003,5.3,4.1e+04,3.1e+04,1.90e+06,1.375,0.75,None.
2022-11-14,2022-11-14,7,None.,The geomagnetic field was quiet.,137,074,006,005,6.9,5.3e+04,3.1e+04,3.40e+06,2.125,1.25,None.
2022-11-15,2022-11-15,1,None,Levels were quiet.,142,077,003,003,C1.0,8.5e+04,3.1e+04,4.90e+06,1.25,0.75,None
2022-11-16,2022-11-16,3,None,Levels were quiet.,134,069,002,002,C1.2,5.9e+04,3.1e+04,6.00e+06,0.875,0.25,None
2022-11-17,2022-11-17,1,None,Levels were quiet.,133,085,002,002,C1.2,4.8e+04,3.0e+04,6.90e+06,0.5,0.375,None
2022-11-18,2022-11-18,2,None,Levels were quiet.,119,064,001,001,C1.1,5.3e+04,3.0e+04,5.30e+06,0.875,0.125,None
2022-11-19,2022-11-19,1,None.,The geomagnetic field was quiet to unsettled.,116,055,005,005,7.5,8.6e+04,3.0e+04,7.70e+06,1.375,1.125,None.
2022-11-20,2022-11-20,4,None.,The geomagnetic field was quiet.,115,059,004,003,6.0,6.3e+04,3.0e+04,1.60e+06,1.375,0.625,None.
2022-11-21,2022-11-21,1,None,The geomagnetic field was quiet.,119,072,003,003,3.9,1.4e+05,3.0e+04,1.70e+06,1.125,0.875,None.
2022-11-22,2022-11-22,1,None,Levels were unsettled to quiet.,117,083,008,007,4.8,2.2e+05,2.9e+04,1.50e+06,2.125,1.625,None
2022-11-23,2022-11-23,6,None,Levels were quiet.,116,061,002,002,5.2,2.1e+05,2.9e+04,1.50e+06,0.875,0.375,None
2022-11-24,2022-11-24,4,None,Levels were quiet.,113,068,001,002,2.6,3.6e+05,2.9e+04,1.70e+06,0.625,0.375,None
2022-11-25,2022-11-25,3,None.,The geomagnetic field was quiet.,110,061,006,004,3.7,3.1e+05,2.9e+04,1.30e+06,1.75,1.125,None.
2022-11-26,2022-11-26,1,None.,The geomagnetic field was quiet to active.,109,055,015,014,3.0,1.5e+05,3.0e+04,1.20e+06,2.75,2.875,None.
2022-11-27,2022-11-27,2,None.,The geomagnetic field was quiet to unsettled.,107,060,012,013,3.0,7.4e+04,2.9e+04,4.70e+06,2.875,2.625,None.
2022-11-28,2022-11-28,1,None.,The geomagnetic field was quiet to active.,107,056,010,014,3.3,1.0e+05,3.0e+04,4.30e+07,2.875,2.75,None.
2022-11-29,2022-11-29,1,None,The geomagnetic field was quiet to minor storm levels.,107,052,018,023,3.8,7.7e+04,2.9e+04,4.90e+06,3.5,3.375,None
2022-11-30,2022-11-30,1,None,The geomagnetic field was quiet to minor storm levels.,108,025,020,025,5.5,1.2e+05,2.9e+04,5.40e+07,3.75,3.75,None
2022-12-01,2022-12-01,3,None,The geomagnetic field was quiet to major storm levels.,111,012,017,023,7.4,1.9e+06,2.9e+04,1.90e+08,3.375,3.5,None
2022-12-02,2022-12-02,5,None,The geomagnetic field was quiet to minor storm levels.,119,049,018,025,5.1,1.1e+06,2.9e+04,1.10e+08,3.625,3.75,None
2022-12-03,2022-12-03,7,None,Field activity was at unsettled to active levels.,124,066,011,015,4.9,6.9e+05,3.2e+04,3.90e+08,2.875,3.125,None
2022-12-04,2022-12-04,8,None,Field conditions were at quiet to unsettled levels.,134,068,007,008,6.8,7.9e+05,3.3e+04,5.70e+08,2.0,1.75,None
2022-12-05,2022-12-05,8,None,Field conditions were at quiet to minor storm levels.,144,093,010,017,6.6,9.6e+05,3.2e+04,3.00e+08,3.125,2.625,None
2022-12-06,2022-12-06,12,None,The geomagnetic field was quiet to unsettled.,150,089,007,006,7.0,1.7e+05,3.2e+04,9.60e+07,1.875,1.5,None
2022-12-07,2022-12-07,1,None,The geomagnetic field was quiet.,144,123,002,002,5.1,6.7e+04,3.3e+04,8.80e+07,1.0,0.5,None
2022-12-08,2022-12-08,15,None,The geomagnetic field was quiet to minor storm levels.,148,107,009,017,5.9,2.2e+06,3.2e+04,5.60e+07,2.375,2.625,None
2022-12-09,2022-12-09,4,None,Field conditions were at quiet to active levels.,143,115,009,008,4.7,4.1e+04,3.2e+04,1.30e+06,2.0,1.625,None
2022-12-10,2022-12-10,5,None,Field activity was at quiet to active levels.,149,116,009,009,7.1,7.3e+04,3.2e+04,1.60e+06,2.0,1.625,None
2022-12-11,2022-12-11,10,None,Field activity was at quiet to unsettled levels.,142,111,006,007,9.1,5.2e+04,3.3e+04,1.80e+06,2.0,1.75,None
2022-12-12,2022-12-12,14,None,Field activity was at quiet to unsettled levels.,148,141,007,007,6.5,4.8e+04,3.3e+04,2.10e+06,2.375,2.0,None
2022-12-13,2022-12-13,12,None,The geomagnetic field was quiet.,151,142,005,004,7.6,4.7e+04,3.2e+04,5.10e+06,1.375,0.875,None
2022-12-14,2022-12-14,24,None,The geomagnetic field was quiet.,153,159,003,003,8.1,4.8e+04,3.2e+04,8.90e+06,1.25,0.625,None
2022-12-15,2022-12-15,21,None,The geomagnetic field was quiet.,165,174,003,003,C1.7,6.0e+04,3.3e+04,1.10e+07,1.125,0.75,None
2022-12-16,2022-12-16,16,None,The geomagnetic field was quiet.,166,140,004,004,C3.0,5.2e+04,3.2e+04,2.40e+06,1.5,1.125,None
2022-12-18,2022-12-18,5,None.,The geomagnetic field was quiet.,155,139,002,002,C1.1,4.6e+04,3.3e+04,2.10e+06,0.0,0.25,None.
2022-12-19,2022-12-19,3,None.,The geomagnetic field was quiet.,156,128,002,003,C1.3,5.7e+04,3.3e+04,2.00e+06,0.875,0.625,None.
2022-12-20,2022-12-20,3,None.,"The geomagentic field was at quiet to unsettled levels, with an isolated active period.",152,132,009,009,C1.3,1.2e+05,3.1e+04,1.10e+06,2.0,2.125,None
2022-12-21,2022-12-21,17,None.,"The geomagnetic field was quiet, with an isolated unsettled period at the end of the day.",146,119,005,005,C1.1,1.2e+05,3.2e+04,1.40e+06,1.5,1.125,None
2022-12-22,2022-12-22,11,None.,The geomagnetic field was quiet to unsettled.,139,103,007,008,C1.0,1.3e+05,3.1e+04,1.30e+06,1.875,2.0,None
2022-12-23,2022-12-23,21,None.,The geomagnetic field was quiet to active.,131,108,007,011,7.6,1.1e+05,3.2e+04,1.60e+06,2.0,2.0,None.
2022-12-24,2022-12-24,1,None.,The geomagnetic field was ranged from quiet to moderate levels.,128,100,019,024,7.1,1.9e+05,3.1e+04,2.00e+06,3.75,3.25,None.
2022-12-25,2022-12-25,3,None.,The geomagnetic field was quiet to minor storm levels.,133,085,015,021,6.6,1.5e+05,3.0e+04,4.20e+07,3.5,3.625,None.
2022-12-26,2022-12-26,4,None.,The geomagnetic field was quiet to active.,???,107,008,010,9.0,8.9e+04,3.1e+04,8.30e+07,2.375,2.375,None.
2022-12-27,2022-12-27,1,None,The geomagnetic field reached minor stomring levels.,M,096,019,026,C1.4,1.0e+06,3.1e+04,7.00e+07,3.0,3.25,Missing data from Penticton.
2022-12-28,2022-12-28,5,None,The geomagnetic field was mostly active with an isolated minor storming period.,???,089,016,027,C1.3,7.3e+05,3.0e+04,3.50e+07,3.625,3.625,Missing F10.7 cm data from Penticton.
2022-12-29,2022-12-29,3,None,The geomagnetic field was quiet.,160,088,004,003,C1.2,7.6e+04,2.9e+04,5.70e+07,1.5,0.75,None
2022-12-30,2022-12-30,5,None,The geomagnetic field was quiet to active.,163,113,008,009,C1.2,1.0e+05,3.0e+04,8.20e+07,2.25,1.75,None
2022-12-31,2022-12-31,8,None.,The geomagnetic field reached minor storm levels.,162,121,022,028,C1.3,3.1e+05,2.9e+04,7.40e+07,3.875,3.75,None.
2023-01-01,2023-01-01,6,None.,The geomagnetic field reached active levels.,165,082,010,013,C1.1,6.8e+04,3.0e+04,6.40e+07,2.75,2.75,None.
2023-01-02,2023-01-02,5,None.,The geomagnetic field was active.,153,094,009,011,8.9,6.1e+04,3.1e+04,1.10e+08,2.5,2.625,None.
2023-01-03,2023-01-03,1,None,The geomagnetic field was quiet to unsettled.,146,094,005,005,6.6,6.9e+04,3.1e+04,1.60e+08,1.5,1.5,None
2023-01-04,2023-01-04,4,None,The geomagnetic field was quiet to unsettled.,149,089,005,005,C1.0,9.1e+04,3.1e+04,1.40e+08,1.5,1.375,None
2023-01-05,2023-01-05,1,None,The geomagnetic field reached minor storming levels.,151,086,017,016,C1.1,6.2e+04,2.8e+04,3.80e+06,2.875,2.75,None
2023-01-06,2023-01-06,1,None.,The geomagnetic field was quiet.,154,103,006,006,C1.0,4.2e+04,2.5e+04,2.70e+06,1.625,1.25,None.
2023-01-07,2023-01-07,3,None.,The geomagnetic field was quiet.,172,101,004,003,C1.1,3.3e+04,2.6e+04,1.80e+06,1.0,0.625,None.
2023-01-08,2023-01-08,1,None.,The geomagnetic field was quiet.,179,104,005,004,C1.3,6.8e+04,2.6e+04,1.70e+06,1.25,1.0,None.
2023-01-09,2023-01-09,5,None.,The geomagnetic field was unsettled.,184,117,007,007,C2.0,1.2e+05,2.6e+04,4.40e+06,1.875,1.75,None.
2023-01-10,2023-01-10,8,None.,The geomagnetic field was mostly quiet with an isolated active period.,191,142,007,006,C2.2,1.4e+05,2.6e+04,3.90e+06,1.75,1.125,None
2023-01-11,2023-01-11,9,None.,The geomagnetic field was mostly quiet with an isolated unsettled period.,193,201,006,006,C2.1,3.5e+06,3.0e+04,6.40e+06,1.625,1.25,None
2023-01-12,2023-01-12,9,None,Quiet,195,183,008,006,C2.1,2.4e+06,2.5e+04,2.60e+06,2.375,1.5,None
2023-01-13,2023-01-13,10,None,Quiet to Unsettled,212,151,008,007,C3.3,8.9e+05,2.5e+04,2.70e+06,1.875,1.875,None
2023-01-14,2023-01-14,16,None,Quiet to Active,209,181,010,010,C2.6,4.8e+06,8.8e+04,5.20e+06,2.125,2.25,None
2023-01-15,2023-01-15,10,None,Quiet to Unsettled,228,170,009,009,C3.1,2.0e+05,2.4e+04,3.30e+06,2.375,2.0,None
2023-01-16,2023-01-16,11,None,Unsettled to Active,234,177,017,023,C3.3,3.8e+05,2.5e+04,6.80e+06,3.375,3.625,None
2023-01-17,2023-01-17,13,None,The geomagnetic field was quiet to unsettled.,228,186,010,010,C2.0,3.3e+05,2.4e+04,1.90e+07,2.375,2.0,None
2023-01-18,2023-01-18,10,None,"The geomagnetic field was mostly quiet with an isolated, late active period.",222,185,005,005,C1.7,2.7e+05,2.4e+04,1.50e+07,1.75,1.125,None
2023-01-19,2023-01-19,8,None,The geomagnetic field was quiet to active.,220,164,011,010,C1.7,5.6e+05,2.3e+04,6.40e+06,2.75,2.125,None
2023-01-20,2023-01-20,17,None,Quiet to Unsettled,219,166,006,006,C1.8,3.4e+05,2.4e+04,2.70e+06,2.0,1.5,None
2023-01-21,2023-01-21,10,None,Quiet to Unsettled,218,197,004,005,C1.7,2.3e+06,3.0e+04,2.40e+06,1.625,1.5,None
2023-01-22,2023-01-22,22,None,Quiet to Active,209,194,011,011,C1.9,7.4e+05,2.4e+04,3.00e+06,2.625,2.5,None
2023-01-23,2023-01-23,10,None,Quiet to Unsettled,199,166,007,008,C2.0,2.3e+05,2.3e+04,7.80e+06,2.25,2.125,None
2023-01-24,2023-01-24,27,None,Levels were quiet to unsettled.,189,144,005,007,C1.8,6.6e+04,2.4e+04,9.30e+06,1.25,1.5,None
2023-01-25,2023-01-25,13,None,Levels were quiet.,180,127,003,???,C1.8,3.9e+04,2.4e+04,1.10e+07,1.625,0.625,None
2023-01-26,2023-01-26,5,None,Field conditions were at quiet to unsettled levels.,172,140,005,006,C2.4,8.2e+04,2.4e+04,1.10e+07,1.625,1.375,None
2023-01-27,2023-01-27,2,None,Quiet to Unsettled,151,104,009,008,???,3.8e+05,2.5e+04,6.20e+06,2.375,2.0,None
2023-01-28,2023-01-28,5,None,Quiet to Unsettled,145,084,006,007,???,1.5e+05,2.5e+04,7.40e+06,2.125,1.875,None
2023-01-29,2023-01-29,1,None,Quiet,138,076,008,007,???,1.9e+05,2.5e+04,1.30e+07,2.25,1.875,None
2023-01-30,2023-01-30,1,None,Quiet,137,080,005,004,???,3.8e+05,2.5e+04,1.90e+07,1.375,1.125,None
2023-01-31,2023-01-31,1,None,Levels were quiet.,136,067,004,004,???,2.2e+06,2.6e+04,2.50e+07,1.5,0.875,X-ray background was not available.
2023-02-01,2023-02-01,1,None,Levels were quiet to unsettled.,137,065,006,008,???,2.8e+05,2.6e+04,2.80e+06,2.25,2.0,X-ray background was not available.
2023-02-02,2023-02-02,1,None,Field activity was at quiet to unsettled levels.,134,089,003,005,???,9.5e+05,2.7e+04,8.60e+06,1.625,1.375,None
2023-02-03,2023-02-03,1,None,Quiet,135,056,002,004,6.3,1.8e+05,2.9e+04,1.50e+06,0.875,1.125,None
2023-02-04,2023-02-04,1,None,Quiet to Unsettled,135,074,006,007,5.5,3.2e+05,2.6e+04,2.20e+06,1.75,1.375,None
2023-02-05,2023-02-05,1,None,Quiet,139,066,005,004,7.7,1.1e+05,2.5e+04,1.20e+06,1.5,1.125,None
2023-02-06,2023-02-06,2,None,Quiet,144,079,003,004,7.9,7.7e+04,2.5e+04,1.40e+06,1.25,1.0,None
2023-02-07,2023-02-07,1,None,Levels were generally unsettled to active.,158,139,013,016,7.4,1.2e+05,2.5e+04,1.10e+06,3.0,3.125,None
2023-02-08,2023-02-08,4,None,Levels were generally quiet to unsettled with isolated active periods.,185,110,012,015,C1.7,2.5e+05,2.5e+04,8.00e+06,2.75,2.875,None
2023-02-09,2023-02-09,11,None,Levels were generally unsettled to active.,192,142,012,???,C1.7,9.3e+05,2.5e+04,6.40e+07,3.125,3.125,Planetary K-index estimated for 21-24 period.
2023-02-10,2023-02-10,22,None,Levels were primarily unsettled to active.,215,150,016,016,C3.2,5.6e+05,2.4e+04,4.20e+07,3.0,3.125,None
2023-02-11,2023-02-11,26,None,Field conditions were at quiet to unsettled levels.,208,190,012,012,C2.3,3.0e+05,2.3e+04,2.50e+07,2.75,2.5,None
2023-02-12,2023-02-12,12,None,Field activity was at quiet to unsettled levels.,210,209,010,009,C2.8,3.2e+05,2.3e+04,4.30e+07,2.375,2.0,None
2023-02-13,2023-02-13,20,None,Field conditions were at quiet levels.,200,197,005,006,C2.4,6.5e+05,2.5e+04,5.30e+07,2.0,1.25,None
2023-02-14,2023-02-14,15,None,Levels were quiet.,189,185,003,004,C2.2,1.6e+06,2.6e+04,1.30e+08,0.75,1.0,Boulder K-indices not available 13/1800-2400 UTC
2023-02-15,2023-02-15,10,None,Levels were quiet to unsettled.,180,206,006,006,C1.7,9.5e+05,2.5e+04,4.90e+07,0.0,1.5,Boulder K-indices were not available.
2023-02-16,2023-02-16,14,None,Conditions reached minor storm levels.,174,140,023,024,C1.9,1.2e+06,2.4e+04,1.30e+06,0.0,3.75,Boulder K indices were not available.
2023-02-17,2023-02-17,4,None,Field conditions were at quiet to moderate storm conditions due to CME effects.,163,101,021,027,C1.1,8.1e+05,2.3e+04,2.10e+06,0.0,3.5,None
2023-02-18,2023-02-18,14,None,Field conditions were at quiet levels.,343,086,004,005,9.5,4.3e+05,2.5e+04,2.70e+06,0.0,1.25,None
2023-02-19,2023-02-19,17,None,Field conditions were at quiet levels.,167,109,005,004,C2.0,2.2e+05,2.6e+04,4.60e+06,0.0,1.125,None
2023-02-20,2023-02-20,14,None,Field activity was at quiet levels.,169,112,004,005,C1.4,1.6e+05,2.5e+04,7.50e+06,0.0,1.25,None
2023-02-21,2023-02-21,4,None.,The geomagnetic field was quiet.,160,135,006,006,C1.3,1.1e+06,2.5e+04,7.70e+06,0.0,1.5,BOU magnetometer has been offline since 17 Feb 2023
2023-02-22,2023-02-22,10,None.,The geomagnetic field was mostly quiet to unsettled with an isolated period of minor storming.,161,106,015,017,C1.3,3.5e+06,2.4e+04,4.00e+06,0.0,2.875,BOU magnetometer has been offline since 17 Feb 2023.
2023-02-23,2023-02-23,6,None.,The geomagnetic field was qyuiet.,152,100,004,005,C1.2,1.5e+06,2.2e+04,3.50e+06,0.0,1.25,BOU magnetometer has been offline since 17 Feb 2023.
2023-02-24,2023-02-24,13,None,The geomagnetic field was unsettled to active.,148,108,016,018,C1.3,8.5e+05,2.1e+04,1.10e+07,0.0,3.25,The BOU magnetometer has been offline since 17 Feb 2023.
2023-02-25,2023-02-25,19,"The greater than 10 MeV proton flux was slightly enhanced following M-class flare activity, but remained below event thresholds. A peak flux of 3 pfu was observed.",The geomagnetic field was quiet.,164,130,004,005,C1.1,2.2e+05,3.4e+04,1.60e+07,0.0,1.25,Boulder magnetometer inoperational.
2023-02-26,2023-02-26,25,The greater than 10 MeV proton flux exceeded minor radiation storm thresholds. A peak flux of 35 pfu was observed at 25/2210 UTC.,The geomagnetic field was quiet to active.,152,129,009,010,C1.0,1.0e+07,4.5e+05,2.10e+07,0.0,2.125,None.
2023-02-27,2023-02-27,19,The greater than 10 MeV proton flux exceeded the 10 pfu event threshold. A peak flux of 58 pfu was observed at 26/0440 UTC.,The geomagnetic field was quiet to minor storm levels.,159,120,018,022,C1.6,1.7e+08,2.8e+06,2.20e+06,0.0,3.125,None.
2023-02-28,2023-02-28,11,None,The geomagnetic field reached Severe storm levels during the period.,161,192,060,109,C1.0,7.1e+07,2.3e+05,2.40e+06,0.0,6.375,The BOU magnetometer has been offline since 13 Feb 2023.
2023-03-01,2023-03-01,21,None.,The geomagnetic field ranged from quiet to major storm levels.,161,100,019,024,C1.1,7.4e+06,3.7e+04,3.80e+07,0.0,3.5,The BOU magnetometer has been offline since 13 Feb 2023.
2023-03-02,2023-03-02,13,None.,The geomagnetic field was quiet.,162,105,006,005,C1.2,2.1e+06,2.3e+04,1.80e+08,0.0,1.25,The BOU magnetometer has been offline since 13 Feb 2023.
2023-03-03,2023-03-03,10,None.,The geomagnetic field was quiet to unsettled.,169,103,008,007,C1.6,1.7e+06,2.2e+04,1.20e+08,0.0,1.625,None.
2023-03-04,2023-03-04,25,None.,The geomagnetic field was quiet to active.,175,133,016,019,C1.9,1.8e+05,2.2e+04,4.40e+07,0.0,3.25,None.
2023-03-05,2023-03-05,21,None.,The geomagnetic field was quiet to unsettled.,182,122,010,012,C2.0,3.1e+05,2.2e+04,9.00e+07,0.0,2.625,None.
2023-03-06,2023-03-06,5,None.,The geomagnetic field was unsettled and active.,180,137,017,019,C1.7,5.5e+05,2.2e+04,2.10e+08,0.0,3.375,None.
2023-03-07,2023-03-07,8,None,The geomagnetic field reached acive levels,188,173,011,012,C1.6,1.6e+05,2.2e+04,1.60e+08,0.0,2.5,None
2023-03-08,2023-03-08,5,None,The geomagnetic field was quiet to unsettled,180,191,007,009,C1.1,8.7e+04,2.2e+04,1.50e+08,2.25,2.25,None
2023-03-09,2023-03-09,4,None,The geomagnetic field was quiet to unsettled,182,146,006,008,C1.1,6.3e+04,2.3e+04,2.00e+08,2.125,1.875,None
2023-03-10,2023-03-10,2,None,The geomagnetic field reached minor storming levels according to the AF planetary,179,155,014,016,C1.0,9.0e+04,2.2e+04,7.10e+07,2.875,3.0,None
2023-03-11,2023-03-11,1,None.,The geomagnetic field reached active levels.,171,135,010,011,C1.0,2.1e+05,2.3e+04,4.20e+07,2.0,2.375,None.
2023-03-12,2023-03-12,3,None.,The geomagnetic field was quiet.,157,126,005,005,8.2,1.0e+05,2.3e+04,2.10e+07,1.375,1.125,None.
2023-03-13,2023-03-13,1,None.,The geomagnetic field was unsettled.,150,135,006,007,6.8,7.3e+04,2.3e+04,1.40e+07,1.875,1.75,None.
2023-03-14,2023-03-14,1,The 10 MeV proton flux measured at GOES-16 exceeded 10 pfu on 13 Mar 2023 at 0745 UTC. The flux peaked just above 13 pfu on 13 Mar 2023 at 0910 UTC. The event concluded on 13 Mar 2023 at 2359 UTC.,Levels were quiet.,143,087,002,003,5.6,7.7e+05,4.9e+05,1.10e+07,1.0,0.75,None
2023-03-15,2023-03-15,1,None,Field conditions were at quiet to active conditions.,139,097,012,014,5.9,2.1e+08,7.8e+05,7.10e+06,3.0,2.875,None
2023-03-16,2023-03-16,1,None,Field activity was at quiet to minor storm levels.,136,096,019,022,5.6,2.9e+08,4.5e+05,1.20e+06,3.375,3.125,None
2023-03-17,2023-03-17,1,None.,The geomagnetic field reached active levels.,135,084,006,007,6.1,5.3e+06,5.4e+04,1.90e+06,1.75,1.625,None.
2023-03-18,2023-03-18,4,None.,The geomagnetic field was unsettled.,134,058,007,006,8.4,1.1e+06,4.7e+04,2.90e+06,2.0,1.5,None.
2023-03-19,2023-03-19,5,None.,The geomagnetic field was unsettled.,140,035,006,010,8.7,5.9e+05,5.1e+04,2.90e+06,1.5,2.25,None.
2023-03-20,2023-03-20,1,None.,The geomagnetic field was quiet and unsettled.,143,073,008,007,9.5,1.7e+06,8.6e+04,5.40e+06,2.5,2.0,None.
2023-03-21,2023-03-21,2,None,The geomagnetic field was quiet to active.,156,075,010,012,C1.0,4.2e+06,1.1e+05,7.40e+06,2.0,1.875,None
2023-03-22,2023-03-22,5,None,The geomagnetic field was quiet to unsettled.,152,070,008,008,9.0,3.2e+06,7.6e+04,7.60e+06,2.375,2.0,None
2023-03-23,2023-03-23,7,None,The geomagnetic field was quiet to active levels.,159,081,014,016,7.9,1.4e+06,4.1e+04,1.40e+07,3.375,2.875,None
2023-03-24,2023-03-24,7,None,The geomagnetic field reached severe levels.,151,073,028,048,5.9,1.2e+06,2.6e+04,3.50e+06,3.875,4.125,None
2023-03-25,2023-03-25,5,None,Quiet to Severe (K8) geomagnetic storming,158,108,040,072,6.8,1.4e+06,2.1e+04,1.50e+06,4.75,4.75,None
2023-03-26,2023-03-26,7,None,Quiet to Unsettled,160,105,012,012,7.0,2.8e+05,2.2e+04,2.30e+07,2.625,2.5,None
2023-03-27,2023-03-27,7,None,Quiet,159,125,006,007,7.4,1.0e+05,2.2e+04,3.70e+07,2.0,1.625,None
2023-03-28,2023-03-28,2,None,The geomagnetic field was quiet.,158,128,002,003,9.6,3.8e+04,2.2e+04,9.20e+07,0.875,0.875,None
2023-03-29,2023-03-29,3,None,The geomagnetic field was quiet.,159,114,004,005,9.7,6.5e+04,2.2e+04,8.20e+07,1.625,1.625,None
2023-03-30,2023-03-30,3,None,The geomagnetic field was quiet.,148,135,004,005,8.7,5.7e+04,2.2e+04,1.80e+08,1.625,1.25,None
2023-03-31,2023-03-31,1,None,Quiet to Active,140,099,011,013,7.5,2.6e+05,2.3e+04,3.10e+07,2.875,2.75,None
2023-04-01,2023-04-01,1,None,Quiet to Active,129,061,017,016,6.5,8.8e+04,2.1e+04,3.10e+07,2.25,2.875,None
2023-04-02,2023-04-02,1,None,Quiet to Unsettled,125,023,???,009,5.9,8.5e+04,2.1e+04,1.20e+08,0.0,2.125,None
2023-04-03,2023-04-03,1,None,Quiet to Active,127,054,013,014,4.2,4.5e+04,2.1e+04,4.30e+07,3.0,2.5,None
2023-04-04,2023-04-04,1,None,The geomagnetic field reached active levels.,134,056,011,011,5.0,5.0e+04,2.1e+04,1.30e+08,2.625,2.375,None
2023-04-05,2023-04-05,2,None,"The geomagnetic field was quiet to unsettled with an early, isolated active period.",136,044,010,011,5.0,4.3e+04,2.2e+04,8.10e+07,2.625,2.375,None
2023-04-06,2023-04-06,2,None,The geomagnetic field was quiet to unsettled.,137,037,009,010,6.9,4.9e+04,2.2e+04,9.20e+07,3.0,2.25,None
2023-04-07,2023-04-07,5,None,The geomagnetic field was quiet to unsettled.,137,033,007,008,7.3,6.7e+04,2.2e+04,1.30e+08,2.125,1.875,None
2023-04-08,2023-04-08,2,None.,The geomagnetic field was quiet to unsettled.,136,038,007,007,7.5,2.6e+04,2.2e+04,3.50e+07,2.125,1.625,None.
2023-04-09,2023-04-09,4,None.,The geomagnetic field was quiet.,136,049,005,004,7.7,2.6e+04,2.2e+04,7.70e+07,1.25,1.0,None.
2023-04-10,2023-04-10,2,None.,The geomagnetic field was quiet.,140,052,005,005,9.4,8.6e+04,2.3e+04,6.50e+07,1.375,1.125,None.
2023-04-11,2023-04-11,1,None,"The geogmagnetic field was quiet to unsettled with an early, isolated active period.",140,092,011,012,7.7,4.3e+05,2.2e+04,1.80e+06,2.625,2.75,None
2023-04-12,2023-04-12,1,None,The geomagnetic field was quiet with an isolated unsettled period.,143,103,006,005,7.0,6.0e+04,2.2e+04,1.60e+06,1.75,1.125,None
2023-04-13,2023-04-13,1,None,The geomagnetic field was quiet.,154,127,004,004,C1.0,3.8e+04,2.3e+04,1.50e+06,1.25,1.0,None
2023-04-14,2023-04-14,1,None.,The geomagnetic field was quiet to unsettled.,160,154,005,004,C1.3,4.0e+04,2.4e+04,1.70e+06,1.625,1.25,None.
2023-04-15,2023-04-15,10,None.,The geomagnetic field was quiet to unsettled.,171,153,010,007,C1.5,3.5e+04,2.3e+04,1.60e+06,1.75,1.5,None.
2023-04-16,2023-04-16,1,None.,The geomagnetic field was quiet to unsettled. Boulder K at 0000-0300 UTC is a bad value.,176,151,008,007,C1.4,3.5e+04,2.3e+04,1.30e+06,2.625,1.875,None.
2023-04-17,2023-04-17,1,None.,The geomagnetic field was quiet.,178,155,004,005,C1.2,3.3e+04,2.3e+04,1.30e+06,1.625,1.5,None.
2023-04-18,2023-04-18,3,None,The geomagnetic field was at quiet levels,167,162,006,005,C1.2,3.8e+04,2.3e+04,1.40e+06,1.5,1.375,None
2023-04-19,2023-04-19,11,None,The geomagnetic field reached minor storm levels,153,140,009,013,C1.0,3.4e+05,2.2e+04,1.50e+06,2.25,2.25,None
2023-04-20,2023-04-20,12,None,The geomagnetic field reached active levels,147,113,009,012,C1.0,6.2e+04,2.2e+04,1.40e+06,2.625,2.375,None
2023-04-21,2023-04-21,8,None,The geomagnetic field was at quiet levels,147,097,005,004,C1.0,6.8e+04,2.2e+04,1.40e+06,1.375,1.125,None
2023-04-22,2023-04-22,13,None,Field conditions were at quiet to unsettled levels.,151,114,008,009,6.5,4.3e+04,2.3e+04,1.40e+06,2.375,2.0,None
2023-04-23,2023-04-23,10,None,Field activity was at quiet to unsettled levels.,141,087,006,007,7.7,4.5e+06,8.2e+04,2.50e+06,1.875,1.625,None
2023-04-24,2023-04-24,2,None,Field conditions reached extreme levels (G=5) due to CME effects from the 21 April full-halo CME.,135,086,032,082,6.1,2.0e+08,1.9e+05,1.50e+06,3.5,4.5,None
2023-04-25,2023-04-25,1,The 10 MeV proton flux was elevated but below 10 pfu. The flux returned to near-background levels by midday.,A severe magnetic storm was observed early in the day with CME activity.,134,088,039,072,5.4,1.4e+07,2.6e+04,9.40e+06,4.5,5.125,None
2023-04-26,2023-04-26,1,None,Levels were quiet to unsettled.,131,087,007,008,6.1,1.1e+06,2.2e+04,1.30e+07,2.125,1.75,None
2023-04-27,2023-04-27,1,None,Levels were unsettled to active with CH HSS activity.,137,081,012,014,6.5,9.9e+05,2.2e+04,1.10e+08,3.125,2.875,None
2023-04-28,2023-04-28,1,None,Field conditions were at unsettled to G1 (Minor) storm levels.,141,136,020,025,???,????,????,????,3.375,3.75,None
2023-04-29,2023-04-29,8,None,Field activity has been at quiet to minor storm levels.,150,111,016,022,6.9,1.9e+05,2.2e+04,1.40e+08,3.0,3.375,None
2023-04-30,2023-04-30,10,None,Field conditions were at unsettled to active levels.,156,082,018,021,C1.4,3.7e+05,2.2e+04,4.00e+08,3.25,3.625,None
2023-05-01,2023-05-01,6,None,Field conditions were at quiet to unsettled levels.,154,105,008,010,C1.0,1.2e+05,2.3e+04,2.50e+08,2.375,2.25,None
2023-05-02,2023-05-02,4,None.,"The geomagnetic field was quiet to unsettled, with an isolated active period.",148,087,008,010,C1.3,6.1e+04,2.3e+04,4.70e+08,2.25,2.0,None
2023-05-03,2023-05-03,1,None,The geomagnetic activity was quiet to unsettled.,157,134,009,010,C1.0,5.6e+04,2.3e+04,2.40e+08,2.5,2.375,None
2023-05-04,2023-05-04,8,None,The geomagnetic field was quiet.,156,143,004,004,C1.2,4.6e+04,2.3e+04,3.40e+08,1.375,1.125,None
2023-05-05,2023-05-05,4,None.,The geomagnetic field was quiet.,162,139,007,006,C1.5,6.2e+04,2.3e+04,2.50e+08,1.875,1.5,None.
2023-05-06,2023-05-06,9,None.,The geomagnetic field was quiet.,162,090,004,005,C1.2,1.3e+05,2.3e+04,2.50e+08,1.5,1.375,None.
2023-05-07,2023-05-07,14,None.,The geomagnetic field ranged from quiet to moderate geomagnetic storm levels.,152,099,021,028,8.8,4.9e+05,2.3e+04,7.70e+06,3.5,3.75,None.
2023-05-08,2023-05-08,12,None.,The geomagnetic field was quiet to active.,157,099,008,010,7.3,1.3e+06,2.2e+04,1.50e+06,2.75,2.375,None.
2023-05-09,2023-05-09,19,10 MeV Proton integral flux above 10 pfu expected.,The geomagnetic field reach minor storm levels before returning to quiet to unsettled conditions.,172,103,013,015,C1.3,1.1e+08,8.3e+05,1.30e+06,2.75,2.75,None
2023-05-10,2023-05-10,16,A Greater than 10 MeV at 10 pfu event is in progress.,The geomagnetic field was quiet to active.,180,151,011,013,C1.5,2.9e+08,1.3e+06,1.00e+07,2.375,2.375,None
2023-05-11,2023-05-11,9,A greater than 10 MeV at 10 pfu event is in progress.,The geomagnetic field was reached minor storm levels.,170,154,019,022,C1.3,1.4e+08,3.0e+06,6.70e+06,3.125,3.375,None
2023-05-12,2023-05-12,9,A greater than 10 MeV proton event ended at 11/0405 UTC.,The geomagnetic field was quiet and unsettled.,163,152,010,???,C1.1,9.0e+07,4.5e+05,1.50e+07,2.375,2.0,None.
2023-05-13,2023-05-13,2,None.,The geomagnetic field was quiet to minor geomagnetic storm levels.,149,134,015,017,C1.0,1.5e+07,1.9e+04,1.20e+07,3.25,3.125,None.
2023-05-14,2023-05-14,1,None.,The geomagnetic field was quiet to active.,144,120,012,011,9.9,1.2e+06,1.9e+04,6.80e+06,2.75,2.25,None.
2023-05-15,2023-05-15,1,None.,The geomagnetic field was quiet and unsettled.,140,109,009,008,7.8,2.4e+05,2.0e+04,3.30e+06,2.0,1.75,None.
2023-05-16,2023-05-16,1,Noone.,The geomagnetic field was quiet to unsettled.,135,103,006,006,9.5,8.4e+04,2.1e+04,2.90e+06,1.75,1.5,None
2023-05-17,2023-05-17,4,"The greater than 10 MeV Proton flux levels were slightly elevated, but still near background levels.",The geomagnetic field was quiet to unsettled.,134,106,010,009,7.8,6.8e+04,2.5e+04,2.20e+06,2.25,2.0,None
2023-05-18,2023-05-18,4,None.,The geomagnetic field was quiet.,138,106,005,004,C1.0,1.7e+05,4.3e+04,2.70e+06,1.625,0.875,None.
2023-05-19,2023-05-19,6,None.,The geomagnetic field was quiet.,151,121,008,004,C1.5,7.8e+04,3.6e+04,2.40e+06,1.0,0.875,None.
2023-05-20,2023-05-20,5,None.,The geomagnetic field reached active levels,165,155,010,008,C1.8,7.1e+04,2.5e+04,4.00e+06,0.0,1.5,Boulder mag missing values.
2023-05-21,2023-05-21,8,None.,The geomagnetic field reached major storm levels.,170,138,026,???,C2.3,5.1e+04,2.2e+04,1.10e+06,4.0,3.75,None.
2023-05-22,2023-05-22,10,None.,The geomagnetic field reached major storm levels.,163,140,019,026,C1.9,4.9e+04,2.2e+04,1.50e+07,3.0,3.25,None.
2023-05-23,2023-05-23,4,None.,The geomagnetic field was unsettled to active.,162,097,017,023,C1.5,5.2e+04,2.2e+04,2.20e+07,3.625,3.5,None
2023-05-24,2023-05-24,21,None.,The geomagnetic field was quiet to unsettled.,155,130,011,012,C1.2,4.4e+04,2.2e+04,4.40e+07,2.625,2.375,None
2023-05-25,2023-05-25,16,None.,The geomagnetic field was quiet to unsettled.,164,153,010,010,C1.0,3.9e+04,2.3e+04,1.20e+08,2.375,2.375,None
2023-05-26,2023-05-26,10,None.,The geomagnetic field was unsettled.,152,121,011,010,8.7,4.1e+04,2.3e+04,1.40e+08,2.625,2.5,None.
2023-05-27,2023-05-27,12,None.,The geomagnetic field was unsettled.,149,127,006,006,6.4,3.4e+04,2.3e+04,2.00e+08,1.875,1.625,None.
2023-05-28,2023-05-28,19,None.,The geomagnetic field was quiet.,157,125,005,006,8.5,3.2e+04,2.4e+04,2.60e+08,1.875,1.5,None.
2023-05-29,2023-05-29,4,None.,The geomagnetic field reached active levels.,151,119,011,013,8.3,4.8e+04,2.4e+04,2.30e+07,2.875,2.625,None.
2023-05-30,2023-05-30,4,None,The geomagnetic field was quiet.,154,153,005,005,9.2,3.1e+04,2.4e+04,7.20e+06,1.375,1.5,None
2023-05-31,2023-05-31,6,None,The geomagnetic field was quiet.,162,144,006,005,C1.3,3.4e+04,2.3e+04,1.60e+07,1.375,1.125,None
2023-06-01,2023-06-01,7,None,The geomagnetic field was quiet to unsettled.,161,147,011,009,C1.8,3.9e+04,2.3e+04,1.00e+07,2.125,2.125,None
2023-06-02,2023-06-02,19,None,The geomagnetic field was quiet to active.,164,143,014,013,C1.5,3.1e+05,2.3e+04,3.70e+06,2.875,2.75,None
2023-06-03,2023-06-03,7,None.,The geomagnetic field was quiet.,162,147,008,005,C1.3,7.1e+05,2.3e+04,4.10e+06,1.875,1.25,None.
2023-06-04,2023-06-04,3,None,Quiet,165,112,005,005,C1.4,2.2e+05,2.2e+04,8.50e+06,1.375,1.25,None
2023-06-05,2023-06-05,2,None,Quiet to Active,168,110,011,010,C1.5,1.2e+05,2.2e+04,2.80e+06,2.25,2.125,None
2023-06-06,2023-06-06,4,None,The geomagnetic field was quiet.,169,151,006,005,C1.4,4.2e+04,2.1e+04,1.40e+06,1.625,1.25,None
2023-06-07,2023-06-07,5,None,The geomagnetic field was quiet to unsettled.,172,133,010,007,C1.2,3.5e+04,2.2e+04,1.50e+06,2.25,1.625,None
2023-06-08,2023-06-08,7,None,The geomagnetic field was quiet.,167,177,006,005,C1.2,2.7e+04,2.2e+04,1.40e+06,1.5,1.25,None
2023-06-09,2023-06-09,2,None,Quiet,169,149,006,005,9.7,2.8e+04,2.1e+04,1.70e+06,1.875,1.375,None
2023-06-10,2023-06-10,1,None,Quiet,164,152,006,004,9.6,2.7e+04,2.2e+04,2.70e+06,1.25,1.0,None
2023-06-11,2023-06-11,1,None,Quiet,161,116,004,005,7.7,2.9e+04,2.1e+04,1.50e+06,1.625,1.25,None
2023-06-12,2023-06-12,1,None,Quiet to Unsettled,154,116,010,010,8.5,3.8e+04,2.2e+04,1.50e+06,2.5,2.375,None
2023-06-13,2023-06-13,2,None,The geomagnetic field was quiet to unsettled.,146,116,008,006,C1.1,3.8e+04,2.2e+04,1.80e+06,1.875,1.5,None
2023-06-14,2023-06-14,4,None,The geomagnetic field was quiet.,146,098,008,006,C1.0,4.4e+04,2.2e+04,2.00e+06,2.25,1.875,None
2023-06-15,2023-06-15,1,None,The geomagnetic field was quiet.,144,107,005,004,C1.1,3.8e+04,2.2e+04,3.40e+06,1.5,0.875,None
2023-06-16,2023-06-16,19,None.,The geomagnetic field was at quiet to major storm levels.,153,112,017,026,C1.1,5.4e+04,2.2e+04,1.90e+06,3.0,3.0,None.
2023-06-17,2023-06-17,3,None.,The geomagnetic field was at unsettled to major storm levels.,157,120,024,036,C1.2,2.6e+05,2.1e+04,8.40e+06,4.0,4.0,None.
2023-06-18,2023-06-18,1,None.,The geomagnetic field was quiet to unsettled.,158,110,008,008,C1.1,3.1e+04,2.2e+04,6.10e+07,2.25,2.125,None.
2023-06-19,2023-06-19,4,None.,The geomagnetic field was quiet to unsettled.,164,133,012,010,C1.2,3.9e+04,2.2e+04,1.10e+08,2.375,2.25,None.
2023-06-20,2023-06-20,2,None,Field activity was at quiet to active levels.,169,181,009,010,C1.2,3.4e+04,2.2e+04,5.60e+07,2.625,2.375,None
2023-06-21,2023-06-21,5,None,Field activity was at quiet to unsettled levels.,180,155,013,009,C1.8,5.9e+04,2.2e+04,6.80e+07,2.375,2.25,None
2023-06-22,2023-06-22,4,None,The geomagnetic field was quiet to unsettled.,176,190,009,008,C1.6,3.0e+04,2.3e+04,3.60e+07,2.25,1.75,None
2023-06-23,2023-06-23,6,None.,The geomagnetic field was quiet to unsettled.,173,176,008,010,C1.4,5.3e+04,2.3e+04,6.10e+07,2.25,2.25,None.
2023-06-24,2023-06-24,2,None.,The geomagnetic field was quiet to unsettled.,170,194,009,010,C1.0,5.1e+04,2.3e+04,3.00e+07,2.25,2.125,None.
2023-06-25,2023-06-25,2,None.,The geomagnetic field was at quiet to minor storm levels.,161,200,016,017,C1.0,8.5e+04,2.2e+04,2.30e+07,2.875,3.0,None.
2023-06-26,2023-06-26,5,None.,The geomagnetic field was at quiet to minor storm levels.,155,180,010,015,9.1,7.5e+04,2.2e+04,1.20e+07,2.75,2.5,None.
2023-06-27,2023-06-27,1,None,Activity was at quiet to unsettled levels.,158,158,011,011,8.9,4.6e+04,2.1e+04,1.70e+07,2.875,2.5,None
2023-06-28,2023-06-28,5,None,The geomagnetic field was at quiet to unsettled levels.,151,141,007,010,9.4,3.7e+04,2.1e+04,6.20e+07,2.625,2.375,None
2023-06-29,2023-06-29,6,None,Levels were mostly quiet with an isolated unsettled period early in the day.,155,141,008,008,9.8,3.5e+04,2.2e+04,1.10e+08,2.125,1.75,None
2023-06-30,2023-06-30,1,None,Levels were quiet to active.,162,112,013,018,C1.0,1.2e+05,2.1e+04,6.20e+07,3.125,3.25,None
2023-07-01,2023-07-01,1,None,Field activity was at quiet to unsettled levels.,159,087,008,009,C1.2,8.9e+04,2.1e+04,9.40e+07,2.25,2.125,None
2023-07-02,2023-07-02,5,None,Field activity was at quiet levels.,166,119,006,005,C1.4,6.4e+04,2.1e+04,1.30e+08,1.25,1.25,None
2023-07-03,2023-07-03,2,None,Field conditions were at quiet levels.,170,126,008,005,C1.4,8.2e+04,2.1e+04,1.20e+08,1.625,1.5,None
2023-07-04,2023-07-04,7,None,The geomagnetic filed was quiet.,173,117,007,005,C2.0,6.8e+04,2.1e+04,1.50e+08,1.75,1.25,None
2023-07-05,2023-07-05,6,None,The geomagnetic field was quiet.,167,121,005,005,C1.3,4.3e+04,2.1e+04,1.50e+08,1.625,1.375,None
2023-07-06,2023-07-06,2,None,The geomagnetic field was quiet to unsettled.,154,101,009,008,C1.6,1.6e+05,2.1e+04,1.40e+08,2.0,1.875,None
2023-07-07,2023-07-07,2,None,Field conditions were at quiet to unsettled levels.,158,149,011,011,C1.3,6.1e+04,2.0e+04,1.60e+07,2.625,2.5,None
2023-07-08,2023-07-08,6,None,Field activity was at unsettled to active levels.,161,167,016,019,C1.2,8.9e+04,2.0e+04,1.30e+07,3.25,3.375,None
2023-07-09,2023-07-09,2,None,Field activity was at quiet to active levels.,161,197,006,008,C1.0,4.2e+04,2.1e+04,3.10e+07,2.25,1.75,None
2023-07-10,2023-07-10,5,None,???,179,183,004,004,C1.3,2.8e+04,2.1e+04,4.20e+07,1.375,1.125,None
2023-07-11,2023-07-11,13,"The greater than 10 MeV flux values were slightly elevated to 1 pfu, but well below alert thresholds.",The geomagnetic field was quiet.,191,181,006,005,C1.9,2.5e+05,3.0e+04,4.10e+07,1.875,1.5,None
2023-07-12,2023-07-12,14,None,The geomagnetic field was quiet to unsettled.,214,227,008,008,C2.6,2.7e+06,2.2e+04,2.00e+07,1.875,2.125,None
2023-07-13,2023-07-13,14,None.,The geomagnetic field was quiet.,193,219,006,007,C2.7,1.1e+06,2.1e+04,1.50e+07,2.0,1.625,None
2023-07-14,2023-07-14,8,None.,The geomagnetic field was quiet to unsettled.,203,146,009,007,C2.9,3.2e+05,2.2e+04,8.80e+06,2.125,1.625,None
2023-07-15,2023-07-15,18,None.,The geomagnetic field was quiet to active.,181,141,017,022,C1.3,6.3e+05,2.3e+04,1.80e+06,3.25,3.375,None.
2023-07-16,2023-07-16,24,None.,The geomagnetic field was quiet to unsettled.,179,096,009,008,C1.2,2.3e+05,2.8e+04,1.20e+06,2.375,2.125,None.
2023-07-17,2023-07-17,24,"The greater than 10 MeV proton event that began at 16/0635Z, reached a peak flux of 18 pfu at 16/0735Z, and ended at 16/0910Z.",The geomagnetic field was quiet to active.,184,099,013,010,C1.3,2.0e+06,2.7e+05,1.30e+06,2.0,1.875,None.
2023-07-18,2023-07-18,20,The greater than 10 MeV proton levels are elevated.,The geomagnetic field reach minor storm levels.,180,149,019,023,C1.5,1.2e+06,5.1e+04,1.20e+06,3.375,3.5,None
2023-07-19,2023-07-19,16,Greater than 10 MeV Proton event is in progress.,The geomagnetic field was quiet to active.,219,142,016,012,C2.1,1.3e+08,1.7e+07,2.60e+07,3.0,2.5,None
2023-07-20,2023-07-20,8,Greater than 10 MeV proton event in progress.,The geomagnetic field was quiet.,189,141,007,004,C1.5,4.4e+07,3.0e+06,5.50e+07,1.625,1.125,None
2023-07-21,2023-07-21,1,"The greater than 10 MeV proton event that began at 18/1730 UTC and reached a peak of 620 pfu at 18/0615 UTC, ended at 20/0610 UTC.",The geomagnetic field was quiet to active.,184,131,010,011,C1.1,3.6e+07,5.5e+05,5.60e+07,2.25,2.0,None.
2023-07-22,2023-07-22,12,None.,The geomagnetic field ranged from quiet to minor storm levels.,173,121,011,014,C1.0,1.3e+07,8.4e+04,6.60e+06,2.875,2.625,None.
2023-07-23,2023-07-23,13,None.,The geomagnetic field was quiet and active.,174,103,009,008,C1.2,8.7e+05,2.6e+04,2.60e+06,2.375,2.125,None.
2023-07-24,2023-07-24,3,None.,The geomagnetic field was quiet and unsettled,173,117,005,007,C1.4,3.5e+05,2.5e+04,4.20e+06,0.625,1.625,None.
2023-07-25,2023-07-25,3,None,The geomagnetic field was at quiet to unsettled levels,165,141,008,006,C1.0,7.2e+05,8.5e+04,8.00e+06,1.75,1.375,Proton flux was elevated but remained below S1 threshold
2023-07-26,2023-07-26,7,None,The geomagnetic field reached minor storm levels,169,137,012,014,C1.2,1.2e+07,1.3e+05,5.80e+06,2.375,2.25,None
2023-07-27,2023-07-27,9,None,The geomagnetic field reached minor storm levels,167,147,023,024,C1.9,2.0e+06,2.6e+04,5.30e+06,3.5,3.5,None
2023-07-28,2023-07-28,6,None,The geomagnetic field was at quiet levels,165,154,007,006,C1.8,2.3e+05,2.0e+04,1.50e+07,2.125,1.625,None
2023-07-29,2023-07-29,18,The GOES-16 greater than 10 MeV proton flux exceed 10 pfu beginning at 28/0020 UTC. The enhancement was associated with an M4.1 flare at 28/1558 UTC from around the Suns NW limb.,The geomagnetic field reached unsettled conditions.,168,148,005,006,C1.6,4.7e+05,1.3e+05,2.80e+07,1.5,1.5,None.
2023-07-30,2023-07-30,19,"The GOES-16 greater than 10 MeV flux reached a peak of 154 pfu at 29/0920 UTC and while in decline, remains above warning thresholds.",The geomagnetic field was unsettled.,179,147,008,008,C1.4,5.2e+07,6.5e+06,2.70e+07,2.0,1.875,None.
2023-07-31,2023-07-31,13,The GOES-16 greater than 10 MeV proton flux decreased below 10 pfu at 30/1630 UTC.,The geomagnetic field reached unsettled levels.,174,139,018,???,C1.3,3.0e+07,1.7e+06,1.50e+07,2.375,2.125,None.
2023-08-01,2023-08-01,15,10 MeV protons began to return to near back-ground levels.,The geomagnetic field was quiet.,177,197,008,008,C1.5,4.9e+06,1.4e+05,2.20e+07,2.0,2.0,None
2023-08-02,2023-08-02,10,None,The geomagnetic field was quiet to unsettled.,175,160,009,009,C2.3,4.7e+06,4.2e+04,3.30e+07,2.375,2.25,None
2023-08-03,2023-08-03,12,None,The geomagnetic field was quiet to active.,173,135,010,013,C2.2,9.9e+05,1.8e+04,1.30e+06,2.5,2.75,None
2023-08-04,2023-08-04,7,None.,The geomagnetic field reached unsettled levels.,163,124,???,008,C1.5,4.6e+05,1.8e+04,1.10e+06,1.75,2.0,Magnetometer data from the USGS not available for 21-24Z synoptic period due to technical issues at the DOI server site.
2023-08-05,2023-08-05,10,None.,The geomagnetic field reachec acgie levels.,171,122,???,013,C1.5,3.5e+05,1.8e+04,1.40e+06,0.0,2.5,USGS magnetometers continue to have technical issues.
2023-08-06,2023-08-06,10,The GOES-16 greater than 10 MeV proton flux reached a peak of 18.5 pfu at 05/1745Z due to CME activity associated with a long-duration M1.6/1n flare at 05/0718Z from Region 3386.,The geomagnetic field reached major storm levels in response to the onset of CME influence associated with activity on the Sun over 01-02 Aug.,176,100,024,030,C1.8,4.2e+06,6.8e+05,1.20e+06,3.25,3.625,USGS magnetometer data remains affected by technical issues.
2023-08-07,2023-08-07,2,The GOES-16 greater than 10 MeV proton flux reached a peak of 17.7 pfu at 06/0200Z. And steadily decline to near background levels (3 pfu) by the end of the day.,The geomagnetic field was quiet.,174,097,004,004,C1.3,6.4e+06,6.0e+05,1.50e+06,1.125,1.0,None
2023-08-08,2023-08-08,4,None,The geomagnetic field was quiet to active.,170,101,011,012,C1.4,2.0e+07,2.0e+05,1.10e+06,2.375,2.375,None
2023-08-09,2023-08-09,2,The GOES-16 greater than 10 MeV proton flux reached a peak flux of 45.1 pfu at T17 20 00Z and remains elevated.,The geomagnetic field ranged from quiet to active levels.,159,115,007,010,C1.0,2.1e+07,2.5e+06,2.20e+07,2.0,1.75,None
2023-08-10,2023-08-10,3,The greater than 10 MeV proton flux exceeded 10 pfu this period.,The geomagnetic field was quiet and unsettled.,153,103,008,009,9.1,2.1e+07,2.0e+06,4.60e+07,1.375,2.375,None.
2023-08-11,2023-08-11,4,The greater than 10 MeV proton event that began 08 Aug ended at 10/0950 UTC.,The geomagnetic field was quiet and unsettled.,156,083,008,008,9.6,1.3e+07,7.4e+05,3.50e+07,2.375,2.125,None.
2023-08-12,2023-08-12,2,None.,The geomagnetic field was quiet.,153,105,006,005,C1.2,9.9e+05,7.7e+04,4.80e+07,1.75,1.375,None.
2023-08-13,2023-08-13,2,None.,The geomagnetic field was quiet and unsettled.,148,061,010,008,9.3,3.6e+05,3.5e+04,4.20e+07,2.25,2.125,None.
2023-08-14,2023-08-14,5,None.,The geomagnetic field was quiet.,150,089,007,006,7.9,1.7e+05,2.4e+04,5.90e+07,1.875,1.5,None.
2023-08-15,2023-08-15,3,None,The geomagnetic field was quiet to unsettled.,154,085,006,006,8.9,1.2e+05,1.9e+04,4.80e+07,1.375,1.25,None
2023-08-16,2023-08-16,1,None,The geomagnetic field was quiet.,158,107,007,004,9.1,1.4e+05,1.9e+04,2.20e+07,1.5,1.0,None
2023-08-17,2023-08-17,2,None.,The geomagnetic field was quiet to unsettled with an isolated period of minor storming.,160,140,010,012,8.6,3.0e+05,1.9e+04,1.20e+07,2.5,2.25,None
2023-08-18,2023-08-18,10,None.,The geomagnetic field was quiet to unsettled.,152,135,010,007,8.0,1.5e+05,2.0e+04,1.30e+06,2.25,1.875,None
2023-08-19,2023-08-19,1,None.,The geomagnetic field was quiet to unsettled.,151,112,014,012,6.8,2.8e+05,1.9e+04,1.50e+06,2.625,2.75,None
2023-08-20,2023-08-20,6,None.,The geomagnetic field was quiet and active.,151,104,008,010,6.6,9.6e+04,1.8e+04,2.70e+06,2.0,2.125,None.
2023-08-21,2023-08-21,7,None,The geomagnetid field was quiet to unsettled.,146,093,012,011,7.0,4.8e+04,1.8e+04,1.30e+06,2.375,2.25,None
2023-08-22,2023-08-22,6,None,The geomagnetic field was quiet to unsettled.,149,102,010,010,9.0,6.5e+04,1.8e+04,4.80e+06,2.0,2.375,None
2023-08-23,2023-08-23,9,None,The geomagnetic field was quiet to unsettled.,151,096,012,008,8.4,3.2e+04,1.8e+04,8.10e+06,2.0,1.875,None
2023-08-24,2023-08-24,3,None,The geomagnetic field was quiet.,147,099,005,004,8.2,3.2e+04,1.8e+04,1.20e+07,1.5,1.125,None
2023-08-25,2023-08-25,1,None.,The geomagnetic field reached unsettled levels.,144,086,009,008,6.7,6.8e+04,1.8e+04,1.10e+07,1.875,1.875,None.
2023-08-26,2023-08-26,4,None.,The geomagnetic field was quiet.,139,077,007,004,5.1,2.7e+04,1.8e+04,3.40e+06,1.125,1.125,None.
2023-08-27,2023-08-27,8,None.,The geomagnetic field reached unsettled levels.,139,075,009,007,5.1,5.5e+04,1.8e+04,5.50e+06,2.125,2.0,None.
2023-08-28,2023-08-28,3,None,The geomagnetic field reached unsettled.,142,069,013,010,6.2,3.8e+04,1.8e+04,3.90e+06,2.75,2.375,None
2023-08-29,2023-08-29,5,None,The geomagnetic field was quiet.,142,068,008,008,5.9,3.1e+04,1.8e+04,5.50e+06,2.375,2.125,None
2023-08-30,2023-08-30,1,None,The geomagnetic field was at quiet levels.,142,082,007,005,5.8,3.5e+04,1.8e+04,2.60e+06,1.625,1.5,None
2023-08-31,2023-08-31,3,None,The geomagnetic field was quiet.,139,094,009,006,6.0,5.8e+04,1.8e+04,1.50e+06,1.75,1.25,None
2023-09-01,2023-09-01,1,None.,The geomagnetic field was quiet.,140,077,008,006,6.0,2.3e+05,1.8e+04,1.20e+06,2.25,1.625,None.
2023-09-02,2023-09-02,1,"The greater than 10 MeV proton event began at 01/0430 UTC, reached a  peak flux of 25.8 pfu at 01/0610 UTC, and ended at 01/2010 UTC.",The geomagnetic field was quiet to unsettled.,136,083,015,012,6.0,2.4e+07,9.9e+05,1.30e+06,2.875,2.75,None.
2023-09-03,2023-09-03,3,None.,The geomagnetic field was at unsettled to minor storm levels.,131,077,025,038,6.3,2.0e+07,1.6e+05,5.00e+06,4.125,4.375,None.
2023-09-04,2023-09-04,3,None.,The geomagnetic field was at quiet to major storm levels.,131,079,028,025,7.0,9.2e+05,2.7e+04,1.90e+07,3.25,3.625,None.
2023-09-05,2023-09-05,1,None,The geomagnetic field was at quiet to unsettled levels.,136,100,014,008,7.9,8.9e+05,2.5e+04,1.70e+07,2.0,2.0,None
2023-09-06,2023-09-06,8,None,The geomagnetic field was at quiet to active levels with minor CME influence.,143,121,014,011,7.7,3.8e+05,2.0e+04,4.00e+07,1.875,2.25,None
2023-09-07,2023-09-07,1,None,Levels were quiet to unsettled.,147,131,010,008,7.3,3.9e+05,2.7e+04,1.20e+07,2.0,1.75,None
2023-09-08,2023-09-08,2,None,Field conditions were at quiet to unsettled levels.,161,135,011,006,8.8,1.9e+05,2.2e+04,1.30e+07,1.375,1.75,None
2023-09-09,2023-09-09,9,None,Field conditions were at quiet to unsettled levels.,161,123,008,006,C1.0,9.3e+04,1.9e+04,2.40e+07,1.625,1.25,None
2023-09-10,2023-09-10,4,None,Field conditions were at quiet to unsettled levels.,161,119,012,008,C1.0,4.8e+05,1.9e+04,4.80e+06,1.75,1.875,None
2023-09-11,2023-09-11,1,None,Field conditions were at quiet levels.,164,167,006,003,C1.1,2.3e+05,2.0e+04,2.40e+06,1.125,0.75,None
2023-09-12,2023-09-12,9,None,Conditions were quiet.,176,173,008,007,C1.5,2.4e+05,1.8e+04,2.70e+06,1.875,2.0,None
2023-09-13,2023-09-13,9,None,Conditions reached major geomagnetic storm levels with the arrival of a CME.,154,141,017,025,C1.4,6.0e+05,1.8e+04,2.80e+06,2.75,3.25,None
2023-09-14,2023-09-14,2,None,Conditions reached minor geomagnetic storm levels early in the day.,143,109,017,018,7.8,4.5e+05,2.0e+04,1.30e+06,3.0,3.375,None
2023-09-15,2023-09-15,4,None,Field conditions were at quiet to minor storm levels.,145,110,013,024,C1.2,1.0e+06,2.4e+04,6.20e+06,2.875,3.625,None
2023-09-16,2023-09-16,5,None,Quiet to active levels were observed during the period.,139,096,007,011,C1.0,2.8e+06,1.9e+04,3.90e+06,2.0,2.375,None
2023-09-17,2023-09-17,4,None,Field levels were at quiet to active levels.,140,088,005,010,C1.0,4.5e+05,1.8e+04,6.50e+06,1.5,2.125,None
2023-09-18,2023-09-18,2,None,Field conditions were at unsettled to active levels.,145,094,014,020,9.2,1.5e+07,2.3e+04,2.50e+06,3.0,3.375,None
2023-09-19,2023-09-19,1,None.,The geomagnetic field reached severe storm levels.,155,139,021,041,C1.0,4.2e+07,3.9e+04,7.80e+06,3.375,4.125,None
2023-09-20,2023-09-20,4,None.,The geomagnetic field reached Major storm levels.,166,143,038,???,C1.2,5.4e+05,1.7e+04,3.30e+07,3.875,2.375,None
2023-09-21,2023-09-21,12,None,The geomagnetic field was at unsettled to active levels.,156,159,015,020,9.4,1.2e+05,1.7e+04,7.10e+07,3.125,3.625,None
2023-09-22,2023-09-22,11,None.,The geomagnetic field was quiet to active.,168,159,010,014,C1.1,8.3e+04,1.7e+04,2.80e+07,2.125,2.625,None
2023-09-23,2023-09-23,26,None.,The geomagnetic field was quiet and unsettled.,176,184,007,010,C1.6,9.0e+04,1.7e+04,8.00e+07,2.25,2.25,None.
2023-09-24,2023-09-24,9,None.,The geomagnetic field was quiet and unsettled.,173,198,009,013,C1.2,1.1e+05,1.9e+04,7.60e+07,2.625,2.625,None.
2023-09-25,2023-09-25,11,None.,The geomagnetic field reached moderate geomagnetic storm levels due to the passage of a CME.,174,172,017,024,C1.5,2.9e+07,4.5e+04,1.40e+07,3.0,3.25,None.
2023-09-26,2023-09-26,9,None.,The geomagnetic field was at unsettled to minor storm levels.,170,164,015,021,C1.5,2.8e+07,2.5e+04,1.10e+06,3.125,3.25,None
2023-09-27,2023-09-27,3,None.,The geomagnetic field ranged from unsettled to major storm levels.,165,179,026,032,C1.2,4.0e+06,1.8e+04,1.10e+07,3.75,4.125,None
2023-09-28,2023-09-28,5,None.,The geomagnetic field was quiet to unsettled with an isolated active period.,156,138,012,015,C1.0,2.0e+06,1.8e+04,7.40e+07,2.75,2.75,None
2023-09-29,2023-09-29,1,None.,The geomagnetic field was quiet and unsettled.,148,109,005,009,C1.0,2.3e+05,1.8e+04,5.10e+07,1.5,1.875,None.
2023-09-30,2023-09-30,1,None.,The geomagnetic field was quiet to active.,155,102,013,???,C1.0,5.0e+05,1.8e+04,8.90e+07,2.375,1.375,None.
2023-10-01,2023-10-01,7,None.,The geomagnetic field was quiet to active.,159,106,011,014,C1.3,7.5e+04,1.8e+04,7.50e+07,2.375,2.75,None.
2023-10-02,2023-10-02,7,None.,The geomagnetic field was quiet to active.,161,136,009,012,C1.3,3.7e+04,1.9e+04,1.20e+07,2.125,2.625,None.
2023-10-03,2023-10-03,9,None,Levels were quiet to unsettled.,158,146,010,013,C1.1,2.8e+04,1.9e+04,1.50e+07,2.25,2.5,None
2023-10-04,2023-10-04,4,None,Conditions were at quiet to unsettled levels.,154,150,006,009,8.8,4.1e+04,1.9e+04,2.10e+07,1.875,2.125,None
2023-10-05,2023-10-05,2,None,Conditions were at quiet to unsettled levels.,155,151,008,011,7.4,4.2e+04,1.9e+04,2.60e+06,2.375,2.5,None
2023-10-06,2023-10-06,1,None,Conditions reached minor storm levels for one period and were otherwise quiet to unsettled.,156,179,011,017,8.5,2.0e+06,2.0e+04,8.20e+06,2.875,2.875,None
2023-10-07,2023-10-07,1,None.,The geomagnetic field was at quiet to unsettled levels.,155,138,007,009,8.5,8.2e+05,1.8e+04,1.10e+07,2.0,2.25,None.
2023-10-08,2023-10-08,2,None.,The geomagnetic field was quiet.,157,145,???,004,9.8,5.8e+04,1.8e+04,1.20e+07,1.125,1.25,Ap from Fred unavailable
2023-10-09,2023-10-09,2,None.,The geomagnetic field was unsettled.,157,149,???,009,9.5,8.9e+04,1.8e+04,5.10e+06,2.25,2.375,Fred Ap unavailable.
2023-10-10,2023-10-10,1,None,Levels were mostly quiet.,166,129,???,008,C1.1,4.5e+04,1.8e+04,3.40e+06,2.125,2.0,None
2023-10-11,2023-10-11,3,None,Levels were quiet.,164,120,???,004,C1.2,2.6e+04,1.9e+04,1.40e+06,1.625,1.0,None
2023-10-12,2023-10-12,2,None,Levels were quiet.,158,149,003,003,C1.0,2.5e+04,1.8e+04,3.90e+06,1.125,0.875,None
2023-10-13,2023-10-13,1,None.,The geomagnetic field was quiet.,157,126,003,002,C1.4,3.0e+04,1.9e+04,5.50e+06,0.875,0.375,None.
2023-10-14,2023-10-14,1,None.,The geomagnetic field reached active levels.,149,091,011,012,8.1,4.2e+05,1.9e+04,2.20e+06,2.75,2.5,None.
2023-10-15,2023-10-15,4,None.,The geomagnetic field was quiet,148,100,006,005,6.2,6.7e+05,1.9e+04,1.20e+06,1.75,1.25,None.
2023-10-16,2023-10-16,1,None.,The geomagnetic field was quiet.,145,092,002,001,5.7,2.2e+05,1.9e+04,1.60e+06,0.75,0.25,None.
2023-10-17,2023-10-17,1,None.,The geomagnetic field was quiet.,144,106,003,003,6.2,2.6e+05,1.9e+04,1.60e+06,0.625,0.625,None
2023-10-18,2023-10-18,1,None.,The geomagnetic field was quiet.,137,057,002,002,5.8,4.1e+05,1.9e+04,2.10e+06,0.75,0.25,None
2023-10-19,2023-10-19,1,None.,The geomagnetic field was quiet to unsettled.,135,054,008,008,4.8,2.4e+05,1.8e+04,1.70e+06,2.0,1.875,None
2023-10-20,2023-10-20,1,None.,The geomagnetic field was quiet to unsettled.,129,039,008,010,4.9,9.7e+04,1.8e+04,1.30e+06,2.375,2.25,None
2023-10-21,2023-10-21,1,None.,The geomagnetic field was quiet to unsettled.,126,056,008,008,4.4,3.4e+05,2.0e+04,1.90e+06,2.125,2.125,None.
2023-10-22,2023-10-22,1,None,The goemagnetic field reached minor geomagnetic storm levels.,123,065,013,021,4.1,2.7e+05,1.8e+04,1.20e+06,3.0,3.25,None
2023-10-23,2023-10-23,1,None.,The geomagnetic field was quiet to active.,119,048,007,010,4.4,1.2e+05,1.8e+04,1.80e+06,1.875,2.25,None.
2023-10-24,2023-10-24,1,None.,The geomagnetic field was quiet.,122,025,002,003,5.5,3.0e+04,1.8e+04,2.80e+06,0.875,0.75,None
2023-10-25,2023-10-25,1,None.,The geomagnetic field was quiet.,121,034,002,003,6.2,3.3e+04,1.9e+04,5.30e+06,0.875,0.625,None
2023-10-26,2023-10-26,1,None.,The geomagnetic field was quiet.,126,026,003,002,5.4,3.5e+04,1.9e+04,7.20e+06,0.875,0.625,None
2023-10-27,2023-10-27,2,None.,The geomagnetic field reached minor storm levels.,126,057,018,023,5.9,5.6e+04,1.8e+04,1.30e+06,3.375,3.375,None.
2023-10-28,2023-10-28,1,None.,The geomagnetic field was quiet to active.,128,066,009,010,6.2,2.5e+04,1.9e+04,6.90e+06,2.0,2.125,None.
2023-10-29,2023-10-29,1,None.,The geomagnetic field was quiet to active.,128,070,013,016,5.0,8.1e+04,1.9e+04,2.70e+06,2.875,3.0,None.
2023-10-30,2023-10-30,1,None.,The geomagnetic field ranged from unsettled to minor storm levels.,135,061,021,026,5.8,3.3e+05,1.9e+04,3.30e+07,3.625,3.75,None.
2023-10-31,2023-10-31,2,None,The geomagnetic field was quiet to unsettled.,140,062,010,010,7.0,9.0e+05,1.9e+04,8.00e+07,2.375,2.375,None
2023-11-01,2023-11-01,2,None,The geomagnetic field was quiet to unsettled.,147,116,006,009,7.7,6.0e+05,1.8e+04,6.80e+07,2.25,2.125,None
2023-11-02,2023-11-02,4,None,The geomagnetic field was quiet to unsettled.,159,105,006,006,C1.5,5.1e+05,1.8e+04,8.50e+07,2.0,1.875,None
2023-11-03,2023-11-03,16,None.,The geomagnetic field was quiet to unsettled.,158,113,004,006,C1.4,2.7e+05,1.8e+04,1.10e+08,1.875,1.375,None
2023-11-04,2023-11-04,1,None.,The geomagnetic field was quiet.,156,106,003,003,9.1,5.1e+05,2.5e+04,1.30e+08,0.875,0.75,None
2023-11-05,2023-11-05,1,None,Field conditions were at quiet to minor storm levels.,155,095,012,012,9.3,3.4e+06,2.3e+04,1.60e+08,1.875,1.875,None
2023-11-06,2023-11-06,4,None,Field conditions were at quiet to strong geomagetic levels due to effects from multiple CMEs.,155,081,030,075,9.6,1.9e+07,2.1e+04,1.10e+06,4.0,4.625,None
2023-11-07,2023-11-07,2,None,The geomagnetic field reached G2 (Moderate) storming levels between 06/0300-0600 UTC and was primarily at active to G1 (Minor) there after due to CME effects from the 03 Nov filament eruption.,146,067,027,036,9.2,7.4e+05,1.7e+04,1.60e+06,4.125,4.375,None
2023-11-08,2023-11-08,5,None,"The geomagnetic field was primarily unsettled to active with an early, isolated G1 (Minor) storming period.",145,074,011,015,7.1,9.8e+05,1.7e+04,4.60e+07,2.875,2.75,None
2023-11-09,2023-11-09,1,None,"The geomagnetic field was primarily unsettled to active, with isolated quiet periods, under negative polarity CH HSS effects.",146,092,015,014,7.8,1.4e+06,1.7e+04,4.80e+07,3.0,2.875,None
2023-11-10,2023-11-10,4,None.,The geomagnetic field was quiet to unsettled.,139,093,008,009,6.9,6.3e+05,3.7e+04,9.90e+07,2.25,2.125,None.
2023-11-11,2023-11-11,2,None.,The geomagnetic field was quiet to unsettled.,144,093,007,007,7.6,7.7e+06,8.2e+04,1.60e+08,2.125,1.875,None.
2023-11-12,2023-11-12,7,None.,The geomagnetic field was quiet.,142,085,004,003,7.4,2.8e+06,2.2e+04,2.30e+08,1.125,0.75,None.
2023-11-13,2023-11-13,2,None.,The geomagnetic field was quiet to active.,137,078,010,008,8.4,5.2e+06,1.8e+04,1.30e+08,2.125,1.625,None.
2023-11-14,2023-11-14,1,None,Conditions reached minor storm levels the first period of the UTC day with residual CME influences.,134,085,015,015,7.4,1.8e+05,1.7e+04,3.70e+06,2.625,2.625,None
2023-11-15,2023-11-15,3,None,Levels were mostly quiet.,124,086,005,005,9.4,9.3e+04,1.7e+04,2.30e+06,1.25,1.25,None
2023-11-16,2023-11-16,1,None,Conditions were mostly at quiet to unsettled levels with an isolated active period.,119,041,011,011,8.9,9.4e+04,1.7e+04,3.00e+06,2.5,2.375,None
2023-11-17,2023-11-17,3,None,Levels were quiet.,118,028,007,007,8.6,4.4e+04,1.7e+04,7.20e+06,1.75,1.625,None
2023-11-18,2023-11-18,1,None,Field activity was at quiet levels.,120,026,003,003,7.1,3.6e+04,1.8e+04,1.10e+07,1.125,0.75,None
2023-11-19,2023-11-19,3,None,Field conditions were at quiet levels.,127,039,002,002,C1.5,1.5e+05,1.8e+04,1.30e+07,0.75,0.5,None
2023-11-20,2023-11-20,1,None,Field conditions were at quiet levels.,140,051,003,002,C1.6,1.1e+05,1.9e+04,5.90e+06,1.125,0.375,None
2023-11-21,2023-11-21,1,None,The geomagnetic field was quiet.,157,127,004,004,C1.5,3.2e+05,1.8e+04,7.20e+06,1.25,1.125,None
2023-11-22,2023-11-22,1,None,The geomanetic field was primarily unsettled to active.,172,138,015,018,C1.7,5.7e+05,1.8e+04,1.80e+06,3.125,2.875,None
2023-11-23,2023-11-23,5,None,The geomagnetic field reached minor storming levels under positive polarity CH HSS effects.,190,174,017,024,C2.7,1.7e+05,1.8e+04,3.40e+06,3.375,3.75,None
2023-11-24,2023-11-24,5,None,Field conditions were at quiet to unsettled levels.,194,176,004,006,C2.3,2.3e+04,1.9e+04,2.60e+07,1.875,1.5,None
2023-11-25,2023-11-25,5,None,Field conditions were at quiet levels.,178,184,005,005,C1.2,1.5e+05,1.9e+04,3.70e+07,1.375,1.375,None
2023-11-26,2023-11-26,6,None,Field activity was at quiet to moderate (G2) storm levels.,176,179,018,030,C1.1,9.6e+05,1.8e+04,1.90e+06,3.875,3.875,None
2023-11-27,2023-11-27,7,None,Field conditions were at quiet to active levels.,180,169,???,009,C1.0,1.2e+05,1.8e+04,1.50e+06,2.625,2.0,None
2023-11-28,2023-11-28,13,None,The geomagnetic field was quiet.,187,159,002,005,C1.1,8.3e+04,1.8e+04,2.40e+06,1.625,1.375,None
2023-11-29,2023-11-29,12,None.,The geomagnetic field was quiet.,182,130,006,006,C1.1,9.3e+04,1.8e+04,3.70e+06,2.0,1.5,None
2023-11-30,2023-11-30,9,None.,The geomagnetic field was quiet.,171,164,005,004,C1.2,1.1e+05,1.8e+04,1.10e+07,1.75,1.125,None
2023-12-01,2023-12-01,2,None,The geomagnetic field was quiet.,167,138,004,004,C1.0,1.3e+05,1.8e+04,1.40e+07,1.75,1.125,None
2023-12-02,2023-12-02,4,None.,The geomagnetic field reached G3 (Strong) storm levels.,162,140,030,059,C1.2,6.6e+06,1.8e+04,1.80e+06,4.25,4.875,None.
2023-12-03,2023-12-03,1,None.,The geomagnetic field ranged from quiet to minor storm levels.,148,092,011,010,C1.1,3.8e+05,1.6e+04,1.10e+06,2.25,1.625,None.
2023-12-04,2023-12-04,1,None.,The geomagnetic field was quiet and unsettled.,139,107,010,008,9.6,8.1e+05,1.7e+04,1.30e+06,2.375,2.0,None.
2023-12-05,2023-12-05,1,None.,The geomagnetic field was quiet.,138,113,009,006,7.1,1.8e+05,1.7e+04,1.50e+06,2.0,1.625,None.
2023-12-06,2023-12-06,3,None,The geomagnetic field was quiet to unsettled under negative polarity CH HSS effects.,142,133,009,010,9.7,1.0e+05,1.7e+04,2.20e+06,2.75,2.375,None
2023-12-07,2023-12-07,3,None,The geomagnetic field was quiet to unsettled.,130,125,007,008,6.3,5.4e+04,1.8e+04,2.50e+07,2.625,2.0,None
2023-12-08,2023-12-08,2,None.,The geomagnetic field was quiet.,135,121,004,004,8.3,9.6e+04,1.8e+04,4.10e+07,1.375,0.75,None.
2023-12-09,2023-12-09,1,None.,The geomagnetic field was quiet.,133,125,004,003,9.6,1.2e+05,1.8e+04,6.60e+07,1.0,0.625,None.
2023-12-10,2023-12-10,4,None,The geomagnetic field was quiet,128,125,002,001,9.6,6.8e+04,1.8e+04,5.00e+07,0.5,0.25,None
2023-12-11,2023-12-11,3,None.,The geomagnetic field was quiet.,127,120,004,003,7.6,8.5e+04,1.8e+04,4.00e+07,0.0,0.875,None.
2023-12-12,2023-12-12,1,None,The geomagnetic field was at quiet levels,126,087,003,002,6.2,2.6e+05,1.8e+04,4.80e+07,0.0,0.625,"The last 3 synoptic periods for Boulder were 1, 0 , 0 No data for the rest of the periods"
2023-12-13,2023-12-13,8,None,The geomagnetic field reached minor storm levels,126,080,008,011,7.0,4.9e+05,1.7e+04,1.50e+07,2.25,2.0,None
2023-12-14,2023-12-14,6,None,Field conditions were at quiet to unsettled levels.,135,114,007,008,9.6,4.2e+04,1.7e+04,1.40e+06,2.0,1.75,None
2023-12-15,2023-12-15,13,None,The geomagnetic field reached active levels,155,126,013,013,C1.4,1.4e+05,2.2e+04,1.20e+06,2.875,2.5,None
2023-12-16,2023-12-16,2,The greater than 10 MeV Proton flux at GOES-16 reached 12pfu at the end of the UT day.,The  geomagnetic field reached active levels in response to transient influence.,144,130,008,011,C1.3,1.7e+07,2.3e+05,4.00e+06,2.125,2.125,None.
2023-12-17,2023-12-17,2,The GOES-16 greater than 10 MeV proton flux reached a peak of 13pfu at 16/0155Z.,The geomagnetic field reached active levels.,149,163,010,011,C1.2,4.5e+07,2.0e+05,2.60e+06,2.375,2.375,None.
2023-12-18,2023-12-18,1,None.,The geomagnetic field reached severe storm levels due to CME influence.,155,129,032,044,C1.3,8.3e+06,3.7e+04,1.30e+06,4.125,4.25,None.
2023-12-19,2023-12-19,1,None,The geomagnetic field reached minor storm levels,161,137,016,020,C1.6,1.0e+06,1.8e+04,1.20e+06,3.5,3.375,None
2023-12-20,2023-12-20,1,None,The geomagnetic field reached active levels,179,144,010,008,C1.5,3.8e+04,1.7e+04,1.50e+06,2.25,1.875,None
2023-12-21,2023-12-21,10,None,Field conditions were at quiet to active levels.,195,133,007,009,C1.6,3.3e+04,1.7e+04,1.90e+07,2.375,2.0,None
2023-12-22,2023-12-22,5,None.,The geomagNetic field was quiet.,194,138,003,004,C1.3,3.2e+04,1.8e+04,6.30e+07,1.5,1.0,None.
2023-12-23,2023-12-23,4,None.,The geomagnetic field was quiet.,187,157,003,002,C1.2,2.9e+04,1.8e+04,8.70e+07,1.0,0.5,None.
2023-12-24,2023-12-24,11,None.,The geomagnetic field reached unsettled levels.,174,123,005,006,C1.0,4.4e+04,1.8e+04,4.00e+07,1.625,1.125,None.
2023-12-25,2023-12-25,11,None.,The geomagnetic field reached unsettled.,183,113,007,007,C1.2,2.2e+04,1.8e+04,3.20e+06,2.125,1.75,None.
2023-12-26,2023-12-26,8,None,The geomagnetic field was quiet.,167,098,002,002,C1.0,3.8e+04,2.1e+04,3.10e+06,1.0,0.25,None
2023-12-27,2023-12-27,5,None,The geomagnetic field was quiet.,154,094,004,004,7.7,4.6e+05,2.6e+04,4.80e+06,1.625,0.875,None
2023-12-28,2023-12-28,1,None,The geomagnetic field was quiet.,149,078,004,003,7.6,6.7e+05,2.1e+04,9.40e+06,1.375,0.625,None
2023-12-29,2023-12-29,1,None,Field activity was at quiet levels.,147,083,002,001,7.5,3.8e+05,2.0e+04,1.10e+07,1.0,0.25,None
2023-12-30,2023-12-30,1,None,Field conditions were at quiet levels.,143,092,006,005,7.7,6.8e+05,1.8e+04,6.90e+06,1.875,1.25,None
2023-12-31,2023-12-31,1,None,Field conditions were at quiet levels.,140,048,004,003,9.9,1.8e+05,1.8e+04,5.40e+06,1.5,0.75,None
2024-01-01,2024-01-01,5,None,Field conditions were at quiet levels.,146,055,002,002,C1.1,6.8e+05,2.2e+04,4.20e+06,1.375,0.5,None
2024-01-02,2024-01-02,2,"The greater than 10 MeV proton flux at geosynchronous orbit was slightly elevated, but below the 10pfu threshold.",The geomagnetic rfield ranged from quiet to active levels.,136,044,006,007,9.6,2.8e+07,8.1e+04,2.70e+06,1.625,1.625,None
2024-01-03,2024-01-03,1,None.,The geomagnetic field ranged from quiet to unsettled levels.,142,059,008,006,7.7,1.7e+07,1.4e+05,1.30e+06,2.0,1.75,None
2024-01-04,2024-01-04,1,The 10 MeV proton flux at geosynchronous orbit reached 12.4 pfu.,The geomagnetic field ranged from quiet to unsettled levels.,140,063,008,008,7.0,8.6e+06,6.6e+05,2.80e+06,2.25,1.0,None
2024-01-05,2024-01-05,2,None,Field conditions were at quiet levels.,126,064,005,004,8.6,2.5e+07,1.3e+06,1.60e+06,1.375,0.75,None
2024-01-06,2024-01-06,1,None,Field activity was at quiet levels.,153,121,004,004,9.6,1.9e+07,5.6e+05,2.10e+06,1.25,1.125,None
2024-01-07,2024-01-07,2,None,Field conditions were at quiet levels.,159,149,002,001,C1.1,4.5e+06,2.3e+05,2.30e+06,0.875,0.25,None
2024-01-08,2024-01-08,1,None,Field conditions were at quiet levels.,167,171,003,001,C1.1,6.5e+06,1.1e+05,3.40e+06,0.75,0.25,None
2024-01-09,2024-01-09,2,None,The geomagnetic field was quiet.,176,152,004,002,C1.2,5.5e+06,5.9e+04,2.80e+06,1.0,0.625,None
2024-01-10,2024-01-10,1,None,The geomagnetic field was quiet to unsettled.,176,183,005,004,C1.2,2.4e+06,3.3e+04,1.70e+06,1.625,0.875,None
2024-01-11,2024-01-11,4,None,The geomagnetic field was quiet.,186,183,007,006,C2.0,9.9e+05,2.5e+04,1.30e+06,1.875,1.625,None
2024-01-12,2024-01-12,8,None,The geomagnetic field was quiet.,193,151,004,005,C2.0,3.6e+05,2.1e+04,1.70e+06,1.75,1.375,None
2024-01-13,2024-01-13,10,None.,The geomagnetic field was quiet.,186,188,004,003,C1.7,1.8e+05,1.9e+04,2.30e+06,1.25,0.75,None.
2024-01-14,2024-01-14,3,None.,The geomagnetic field was quiet.,185,191,003,001,C1.4,2.0e+05,1.8e+04,3.00e+06,1.0,0.125,None.
2024-01-15,2024-01-15,8,None.,The geomagnetic field was quiet.,188,183,005,006,C1.4,3.6e+05,2.1e+04,2.00e+06,1.875,1.5,None.
2024-01-16,2024-01-16,9,None,The geomagnetic field was quiet.,183,150,004,004,C1.1,5.0e+05,2.1e+04,1.40e+06,1.75,0.875,None
2024-01-17,2024-01-17,15,None,The geomagnetic field was quiet to unsettled.,180,150,004,003,9.3,1.7e+05,2.0e+04,1.10e+06,1.375,0.75,None
2024-01-18,2024-01-18,13,None,The geomagnetic field was quiet.,174,158,003,002,C1.2,1.3e+05,1.8e+04,1.40e+06,1.25,0.375,None
2024-01-19,2024-01-19,2,None.,The geomagnetic field was quiet to unsettled.,162,113,004,006,9.2,1.1e+05,1.8e+04,1.10e+06,1.75,1.5,None.
2024-01-20,2024-01-20,2,None.,The geomagnetic field was quiet.,157,137,005,006,7.3,7.0e+04,1.8e+04,1.10e+06,1.625,1.5,None.
2024-01-21,2024-01-21,2,None.,The geomagnetic field was quiet.,166,144,004,006,7.5,6.3e+04,1.8e+04,1.40e+06,1.875,1.5,None.
2024-01-22,2024-01-22,2,None.,The geomagnetic field was quiet to unsettled.,179,150,005,006,C1.3,1.1e+05,1.8e+04,1.20e+06,1.75,1.375,None.
2024-01-23,2024-01-23,7,None,Levels became unsettled after 18Z.,196,139,006,007,C1.9,9.8e+07,2.2e+05,1.90e+06,1.875,1.625,None
2024-01-24,2024-01-24,12,None,Levels were quiet.,180,123,005,005,C2.1,9.8e+07,4.5e+04,1.40e+06,1.875,1.625,None
2024-01-25,2024-01-25,4,None,Levels were quiet to unsettled.,172,108,007,007,C1.5,1.4e+07,2.0e+04,1.20e+06,2.25,1.625,None
2024-01-26,2024-01-26,1,None,Levels were quiet.,161,101,004,004,C1.0,5.9e+06,1.8e+04,1.20e+06,1.375,0.875,None
2024-01-27,2024-01-27,1,None,Field conditions were at quiet levels.,157,097,004,003,C1.0,1.8e+06,1.8e+04,1.10e+06,1.25,0.875,None
2024-01-28,2024-01-28,1,None,The geomagnetic field was at quiet levels.,148,052,004,004,C1.0,7.4e+05,1.8e+04,1.20e+06,1.75,1.0,None
2024-01-29,2024-01-29,1,None,Field conditions were at quiet to unsettled levels.,141,075,005,006,9.7,1.3e+06,1.8e+04,1.20e+06,1.75,1.25,None
2024-01-30,2024-01-30,5,A proton event is in progress. Levels are expected to continue to abate over the next 24 hours.,Levels were quiet.,140,048,007,006,C1.4,2.5e+07,2.8e+06,1.20e+06,1.875,1.5,None
2024-01-31,2024-01-31,2,Levels were below 10 pfu and the event has concluded.,Conditions were at quiet to unsettled levels.,135,053,008,006,8.4,1.7e+07,5.0e+05,1.70e+06,2.125,1.625,None
2024-02-01,2024-02-01,1,None,Levels were quiet.,136,075,007,005,7.7,2.7e+06,1.3e+05,2.90e+06,1.75,1.125,None
2024-02-02,2024-02-02,1,None,Field conditions were at quiet levels.,137,113,004,004,7.6,9.4e+05,6.3e+04,5.20e+06,1.5,1.125,None
2024-02-03,2024-02-03,4,None,Field conditions were at quiet levels.,143,131,003,002,9.8,5.3e+05,5.6e+04,5.80e+06,1.25,0.5,None
2024-02-04,2024-02-04,1,None,Field activity was at quiet levels.,156,123,002,002,C1.7,6.2e+05,3.7e+04,7.00e+06,1.0,0.25,None
2024-02-05,2024-02-05,8,None,Field activity was at quiet levels.,170,138,005,004,C2.2,6.1e+05,2.4e+04,2.60e+06,1.5,0.875,None
2024-02-06,2024-02-06,2,None,The geomagnetic field was quiet to unsettled,173,152,006,005,C2.2,5.3e+05,2.0e+04,1.60e+06,1.375,1.25,None
2024-02-07,2024-02-07,4,None,The geomagnetic field was quiet,190,175,008,006,C1.8,4.0e+05,3.6e+04,1.30e+06,1.75,1.375,None
2024-02-08,2024-02-08,4,None,The geomagnetic field was quiet,188,164,003,003,C1.4,3.5e+05,2.1e+04,1.20e+06,1.25,0.625,None
2024-02-09,2024-02-09,7,None,The geomagnetic field was quiet to unsettled.,185,149,005,004,C1.6,7.3e+05,2.0e+04,1.00e+06,1.375,0.875,None
2024-02-10,2024-02-10,4,"A proton event is in progress. The greater than 10 MeV proton flux exceeded 10 pfu at 09/1530 UTC, and exceeded 100 pfu at 09/1815 UTC.",The geomagnetic field was quiet and unsettled.,183,105,004,004,C1.1,5.7e+06,2.6e+06,1.60e+06,1.375,0.875,None.
2024-02-11,2024-02-11,6,A 10 MeV proton event is in progress with S1-S2 levels observed.,The geomagnetic field was quiet.,194,146,004,004,C1.6,3.8e+07,1.1e+07,1.80e+06,1.5,0.875,None.
2024-02-12,2024-02-12,3,The 10 MeV proton flux decreased below 10 pfu this period.,The geomagnetic field was quiet to active.,180,144,012,009,C1.5,3.6e+07,2.6e+06,1.60e+06,2.75,2.0,None.
2024-02-13,2024-02-13,7,A 10 MeV proton event is in progress and is expected to last through 13/1800Z.,Levels were quiet.,208,153,004,004,C1.7,1.3e+07,4.0e+06,2.60e+06,1.125,0.75,None
2024-02-14,2024-02-14,4,A proton event remains in progress and is expected to last through 14/1200Z.,Levels were mostly quiet.,195,122,008,007,C1.4,2.7e+07,5.3e+06,2.00e+06,2.0,1.875,None
2024-02-15,2024-02-15,4,A proton event is in progress and is expected to continue through 15/1200Z.,Levels were quiet.,184,123,006,004,C1.5,1.5e+07,1.7e+06,1.30e+06,1.625,1.0,None
2024-02-16,2024-02-16,4,None.,The geomagnetic field was quiet.,178,151,003,003,C1.5,5.7e+06,4.9e+05,1.50e+06,1.375,0.625,None.
2024-02-17,2024-02-17,4,None.,The geomagnetic field was quiet.,169,097,003,003,C1.2,4.1e+06,3.0e+05,1.50e+06,1.125,0.75,None.
2024-02-18,2024-02-18,2,None.,The geomagnetic field was quiet.,170,100,004,003,C1.6,2.3e+06,1.5e+05,1.20e+06,1.25,0.875,None.
2024-02-19,2024-02-19,2,None.,The geomagnetic field was quiet.,157,084,004,005,C1.2,1.1e+06,8.2e+04,9.40e+05,1.125,1.125,None.
2024-02-20,2024-02-20,5,None,The geomagnetic field was quiet.,152,064,001,001,C1.1,6.7e+05,5.5e+04,1.10e+06,0.75,0.125,None
2024-02-21,2024-02-21,2,None,The geomagnetic field was quiet to unsetttled.,153,050,005,006,C1.1,1.4e+06,4.1e+04,1.10e+06,1.75,1.5,None
2024-02-22,2024-02-22,4,None,The geomagnetic field was quiet.,170,045,003,002,C1.0,1.8e+06,2.7e+04,1.00e+06,0.0,0.625,None
2024-02-23,2024-02-23,10,None,The geomagnetic field was quiet.,173,046,006,005,C1.7,1.1e+06,2.4e+04,1.10e+06,1.75,1.5,None
2024-02-24,2024-02-24,10,None.,The geomagnetic field was quiet.,173,116,002,002,C2.6,1.7e+06,2.6e+04,1.00e+06,0.875,0.625,None.
2024-02-25,2024-02-25,7,None.,The geomagnetic field was quiet.,179,106,006,004,C1.6,3.3e+06,2.4e+04,9.70e+05,1.375,1.25,None.
2024-02-26,2024-02-26,2,None.,The geomagnetic field was unsettled.,181,114,014,010,C1.4,4.8e+05,1.8e+04,8.60e+05,2.75,2.375,None.
2024-02-27,2024-02-27,1,None,The geomagnetic field was quiet to unsettled.,172,133,010,008,9.5,6.6e+05,1.8e+04,1.00e+06,2.625,2.125,None
2024-02-28,2024-02-28,5,None,"The geomagnetic field was predominantly quiet with an early, isolated minor storming period.",168,103,009,011,7.5,4.8e+05,1.7e+04,1.20e+06,2.25,2.125,None
2024-02-29,2024-02-29,3,None,The geomagnetic field was quiet.,180,127,005,004,C1.1,5.0e+05,1.7e+04,1.50e+06,1.5,1.125,None
2024-03-01,2024-03-01,2,None.,The geomagnetic field was quiet.,164,107,004,003,9.9,6.2e+05,1.7e+04,1.60e+06,1.375,0.75,None.
2024-03-02,2024-03-02,1,None.,The geomagnetic field was unsettled.,153,120,009,009,C1.1,8.5e+05,1.7e+04,1.30e+06,2.375,2.125,None.
2024-03-03,2024-03-03,2,None.,The geomagnetic field was quiet.,152,091,003,004,C1.2,5.5e+05,1.7e+04,3.50e+06,1.25,1.0,None.
2024-03-04,2024-03-04,1,None.,The geomagnetic field reached moderate storm levels due to CME influence.,146,090,020,034,9.2,5.2e+05,1.7e+04,3.20e+06,2.875,3.125,None.
2024-03-05,2024-03-05,1,None,The geomagnetic field was quiet.,140,113,008,007,7.3,3.5e+04,1.7e+04,1.00e+06,2.125,1.625,None
2024-03-06,2024-03-06,1,None,The geomagnetic field was quiet.,142,121,007,005,6.4,3.2e+04,1.7e+04,1.20e+06,1.875,1.25,None
2024-03-07,2024-03-07,1,None,"The geomagnetic field was quiet with an early, isolated unsettled period.",136,105,005,005,5.9,3.4e+04,1.7e+04,1.40e+06,1.75,1.375,None
2024-03-08,2024-03-08,1,None,The geomagnetic field was quie to unsettled.,137,099,008,008,5.9,5.8e+04,1.7e+04,1.90e+06,2.5,2.25,None
2024-03-09,2024-03-09,2,None.,The geomagnetic field was quiet to unsettled.,129,091,009,008,4.4,3.9e+04,1.7e+04,1.60e+06,2.25,2.0,None.
2024-03-10,2024-03-10,1,None.,The geomagnetic field was quiet to unsettled.,135,099,011,010,5.8,9.7e+04,1.7e+04,1.20e+07,2.5,2.375,None.
2024-03-11,2024-03-11,3,None.,The geomagnetic field was quiet to unsettled.,127,077,006,008,4.5,8.4e+05,2.0e+04,2.40e+07,1.75,1.75,None.
2024-03-12,2024-03-12,1,None,The geomagnetic field was quiet.,127,056,004,005,4.4,1.4e+06,2.0e+04,5.00e+07,1.5,1.5,None
2024-03-13,2024-03-13,1,None,"The geomagnetic field was quiet with an early, isolated unsettled period.",131,068,004,005,4.8,5.8e+05,1.8e+04,2.50e+07,1.75,1.375,None
2024-03-14,2024-03-14,1,None,The geomagnetic field was quiet to unsettled.,128,086,007,010,4.7,1.7e+05,1.8e+04,6.30e+06,2.25,2.125,None
2024-03-15,2024-03-15,1,None.,The geomagnetic field was quiet to unsettled.,127,088,007,007,8.0,9.6e+04,1.8e+04,3.80e+06,1.5,1.75,None.
2024-03-16,2024-03-16,1,The greater than 10 MeV proton flux reached 10 pfu at 15/2050 UTC.,The geomagnetic field was quiet to unsettled.,129,049,008,007,C1.0,2.0e+06,3.8e+05,4.70e+06,1.75,1.5,None.
2024-03-17,2024-03-17,3,"The greater than 10 MeV proton flux event that began at 15/2050 UTC and reached a peak flux of 16 pfu at 16/0635 UTC, ended at 16/1505 UTC.",The geomagnetic field was quiet.,144,067,003,003,C1.0,4.9e+06,8.8e+05,5.20e+06,0.875,0.75,None.
2024-03-18,2024-03-18,1,None.,The geomagnetic field was quiet.,151,086,002,003,C1.6,4.6e+06,1.7e+05,6.00e+06,1.25,0.625,None.
2024-03-19,2024-03-19,3,None.,The geomagnetic field was quiet to unsettled.,177,127,005,005,C1.3,7.9e+06,9.2e+04,8.70e+06,1.625,1.125,None.
2024-03-20,2024-03-20,2,None.,The geomagnetic field was quiet to unsettled.,169,123,007,007,C1.3,3.7e+05,2.8e+04,1.00e+06,2.5,1.875,None.
2024-03-21,2024-03-21,2,None.,The geomagnetic field was quiet to unsettled.,176,120,003,005,C1.4,2.3e+05,2.1e+04,1.20e+06,1.5,1.375,None.
2024-03-22,2024-03-22,4,None,The geomagnetic field reached Major storm levels.,197,141,020,027,C1.7,1.2e+05,1.8e+04,9.80e+05,3.625,3.625,None
2024-03-23,2024-03-23,2,None,The geomagnetic field was quiet to unsettled.,198,171,010,009,C2.2,7.0e+04,1.8e+04,9.20e+05,2.375,2.0,None
2024-03-24,2024-03-24,16,S2 (Moderate) solar radiation levels were reached with a peak flux of 956 pfu reached at 23/1820 UTC.,The geomagnetic field primarily ranged from active to G2 (Moderate) geomagnetic storm levels.,209,146,025,033,C4.3,1.2e+08,1.5e+07,1.40e+06,3.875,4.125,None
2024-03-25,2024-03-25,17,The 10 MeV proton event that began on the 23rd continued.  Peak flux at GOES 18 was 725pfu at 1235 UTC.,"The geomagnetic field reached severe (G4, Kp=8o) levels.",195,145,043,093,C2.7,1.1e+09,2.6e+07,1.60e+06,4.625,5.125,None
2024-03-26,2024-03-26,14,The greater than 10 MeV proton flux at geostationary orbit reached a peak flux of 54.3pfu at 25/0135 UTC and ended the UT day at 4.76 pfu. This nears the end of the enhacement that originated from an X1.1 flare from Region 3614 on 21 Mar.,The geomagnetic field reached major storm levels in response to waning effects from a CME that left the Sun on 21 Mar.,190,163,017,017,C1.7,1.3e+08,1.7e+06,1.10e+06,3.0,3.125,None.
2024-03-27,2024-03-27,15,The greater than 10 MeV protons were elevated but in a declining trend. A peak of 6 pfu was observed at 26/0245Z.,The geomagnetic field was at quiet to unsettled levels.,178,149,011,009,C1.8,1.9e+07,3.1e+05,2.10e+06,2.5,2.125,None.
2024-03-28,2024-03-28,8,None.,The geomagnetic field was at quiet to unsettled levels.,175,114,007,005,C2.2,9.4e+06,1.4e+05,3.60e+06,1.875,1.5,None
2024-03-29,2024-03-29,10,None,Field conditions were at quiet to unsettled levels.,173,101,006,006,C2.3,8.8e+06,6.7e+04,5.50e+06,2.125,1.625,None
2024-03-30,2024-03-30,2,None,Field conditions were at quiet levels.,167,079,004,005,C2.4,4.9e+06,3.8e+04,6.20e+06,1.5,1.125,None
2024-03-31,2024-03-31,1,None,Field conditions were at quiet levels.,140,060,004,003,C1.9,4.3e+06,2.5e+04,1.20e+07,1.375,0.75,None
2024-04-01,2024-04-01,1,None,Field activity was at quiet to unsettled levels.,134,050,008,008,C1.4,1.5e+06,2.0e+04,1.90e+06,2.125,1.875,None
2024-04-02,2024-04-02,1,None.,The geomagnetic field was quiet to unsettled.,125,050,009,008,8.6,7.7e+05,1.8e+04,2.00e+06,2.5,2.125,None
2024-04-03,2024-04-03,1,None,The geomagnetic field was at quiet to unsettled levels,113,035,007,007,4.7,5.6e+05,1.7e+04,2.60e+06,1.875,1.75,None
2024-04-04,2024-04-04,1,None,The geomagnetic field was at quiet levels,112,045,010,005,3.2,3.9e+05,1.6e+04,3.10e+06,1.75,1.25,None
2024-04-05,2024-04-05,1,None,The geomagnetic field reached unsettled levels,114,047,033,009,3.3,6.7e+05,1.6e+04,2.60e+06,2.25,2.125,None
2024-04-06,2024-04-06,1,None.,The geomagnetic field was quiet and unsettled.,121,081,010,011,4.3,5.4e+05,1.6e+04,6.70e+06,2.5,2.5,None.
2024-04-07,2024-04-07,1,None.,The geomagnetic field was quiet and unsettled.,123,071,008,009,4.0,1.2e+05,1.6e+04,6.50e+06,2.5,2.25,None.
2024-04-08,2024-04-08,1,None.,The geomagnetic field was quiet.,125,079,005,005,3.5,9.4e+04,1.6e+04,1.10e+07,1.375,1.375,None.
2024-04-09,2024-04-09,1,None.,The geomagnetic field was quiet to unsettled.,125,079,008,008,3.4,5.0e+04,1.6e+04,1.90e+06,1.75,1.875,None
2024-04-10,2024-04-10,1,None.,The geomagnetic field was at quiet to unsettled levels.,124,064,010,010,3.8,1.9e+05,1.6e+04,8.30e+06,2.5,2.125,None
2024-04-11,2024-04-11,1,None.,The geomagnetic field was mostly quiet with an isolated unsettled period.,131,054,007,006,6.1,2.4e+05,1.6e+04,1.10e+07,2.0,1.625,None
2024-04-12,2024-04-12,3,None.,The geomagnetic field was quiet.,144,081,006,004,9.3,2.1e+05,1.6e+04,7.00e+06,2.0,1.125,None.
2024-04-13,2024-04-13,4,None.,The geomagnetic field was quiet.,152,083,006,004,C1.5,1.7e+05,1.6e+04,1.10e+07,1.625,1.0,None.
2024-04-14,2024-04-14,4,None.,The geomagnetic field was quiet.,161,115,006,004,C1.2,1.8e+05,1.7e+04,1.60e+07,1.75,1.375,None.
2024-04-15,2024-04-15,4,None.,The geomagnetic field was quiet.,178,152,005,004,C1.6,2.3e+05,1.6e+04,1.40e+07,1.75,1.0,None.
2024-04-16,2024-04-16,11,None,The geomagnetic field reached unsettled levels,192,193,007,007,C1.5,1.7e+06,1.6e+04,7.40e+06,1.875,1.625,None
2024-04-17,2024-04-17,1,None,The geomagnetic field reached minor storm levels,199,176,017,030,C1.6,3.8e+06,1.5e+04,9.40e+05,3.625,4.0,None
2024-04-18,2024-04-18,6,None,The geomagnetic field reached unsettled levels,217,199,008,007,C1.9,9.0e+05,1.5e+04,9.10e+05,2.0,1.625,None
2024-04-19,2024-04-19,8,None,The geomagnetic field was at quiet levels,227,247,005,004,C2.7,3.4e+05,1.6e+04,1.30e+06,1.625,0.875,None
2024-04-20,2024-04-20,14,None.,The geomagnetic field reached severe storm levels due to CME activity.,213,243,021,046,C2.3,8.8e+05,1.5e+04,1.00e+06,3.875,4.25,None.
2024-04-21,2024-04-21,6,None.,The geomagnetic field reached active levels.,210,240,010,012,C1.7,1.9e+05,1.6e+04,1.50e+06,2.625,2.625,None.
2024-04-22,2024-04-22,7,None.,The geomagnetic field reached active levels.,217,283,014,018,C2.1,2.9e+05,1.5e+04,8.50e+06,2.875,3.375,None.
2024-04-23,2024-04-23,10,None,The gemagnetic field was quiet to unsettled,227,283,???,008,C3.3,9.7e+04,1.6e+04,1.60e+07,2.5,2.0,None
2024-04-24,2024-04-24,5,None,The geomagnetic field was quiet to unsettled,219,282,009,007,C3.0,6.4e+04,1.6e+04,3.10e+07,2.125,2.0,None
2024-04-25,2024-04-25,7,None,The geomagnetic field was quiet,199,283,004,004,C2.6,2.3e+05,1.7e+04,4.40e+07,1.25,1.0,None
2024-04-26,2024-04-26,13,None.,The geomagnetic field was quiet.,167,196,003,002,C1.6,2.0e+05,1.8e+04,7.20e+07,1.125,0.5,None.
2024-04-27,2024-04-27,3,None.,The geomagnetic field reached minor storm levels.,153,154,011,017,C2.0,2.1e+05,1.7e+04,3.50e+06,2.625,2.875,None.
2024-04-28,2024-04-28,3,None.,The geomagnetic field reached active levels.,153,126,012,012,C1.8,9.1e+04,1.7e+04,1.70e+06,2.5,2.5,None.
2024-04-29,2024-04-29,1,None.,The geomagnetic field reached active levels.,140,119,007,007,C1.3,1.1e+05,1.8e+04,4.50e+06,2.0,1.625,None.
2024-04-30,2024-04-30,17,None,The geomagnetic field was quiet.,138,088,007,006,C1.2,7.9e+05,1.8e+04,6.20e+06,1.875,1.375,None
2024-05-01,2024-05-01,6,None,The geomagnetic field was quiet to active.,130,085,010,014,9.4,5.2e+05,1.8e+04,9.70e+06,2.5,2.375,None
2024-05-02,2024-05-02,5,None,The geomagnetic field was quiet.,135,104,010,010,9.0,1.6e+05,1.8e+04,1.20e+06,2.25,2.125,None
2024-05-03,2024-05-03,6,None,The geomagnetic field reached strong levels with a Kp of 7m observed during the 1500-1800 UTC periods on 02 May. This was likely due to CME effects.,142,125,024,056,C1.1,3.4e+06,1.8e+04,1.20e+06,3.875,4.25,None
2024-05-04,2024-05-04,12,None.,The geomagnetic field was quiet to active.,156,121,016,012,C1.6,9.3e+05,1.8e+04,1.10e+06,2.25,2.625,None.
2024-05-05,2024-05-05,10,None.,The geomagnetic field was quiet.,167,136,005,006,C2.3,7.8e+05,1.8e+04,1.30e+06,1.375,1.5,None.
2024-05-06,2024-05-06,25,None.,The geomagnetic field was quiet to active.,177,152,012,010,C2.7,1.1e+06,1.8e+04,2.10e+06,2.5,2.25,None.
2024-05-07,2024-05-07,9,None,The geomagnetic field was quiet to active under combined CME and positive polarity CH HSS effects.,171,148,013,014,C2.4,3.3e+05,1.8e+04,1.40e+06,2.625,2.625,None
2024-05-08,2024-05-08,25,None,The geomagnetic field was quiet.,204,144,006,???,C3.8,6.8e+04,1.8e+04,1.70e+06,2.25,0.875,None
2024-05-09,2024-05-09,19,None,The geomagnetic field was quiet with an isolated unsettled period.,227,142,010,006,C6.1,8.9e+04,1.9e+04,2.70e+06,1.75,1.5,None
2024-05-10,2024-05-10,30,None,The geomagnetic field was quiet.,233,170,007,005,C5.1,1.5e+06,3.8e+04,4.60e+06,1.875,1.125,None
2024-05-11,2024-05-11,29,S1 (Minor) solar radiation storms began at 10/1305 UTC and the S2 (Moderate) threshold was reached with a peak flux of 149 pfu at 10/1515 UTC.,The geomagnetic field reached G5 (Severe) geomagnetic storming levels.,223,156,080,157,C5.2,4.9e+08,1.2e+06,2.10e+06,4.625,5.0,None
2024-05-12,2024-05-12,15,10 Mev protons reached a peak flux of 116 pfu at 11/0910 UTC and the 100 MeV protons reached a peak flux of 7.78 pfu at 11/0715 UTC.,The geomagnetic field reached G5 (Extreme) storm levels with multiple periods of G4 (Severe) and G3 (Strong) storming periods.,214,148,175,???,C5.7,1.8e+08,5.0e+06,2.30e+06,7.375,8.625,None
2024-05-13,2024-05-13,17,None,The geomagnetic field reached severe levels.,222,186,031,054,C4.9,1.6e+08,1.3e+06,4.50e+06,4.375,4.625,None
2024-05-14,2024-05-14,8,None,Field conditions were at unsettled to G2 (Moderate) levels.,215,207,024,032,C3.9,1.6e+07,1.6e+06,2.40e+07,4.125,3.875,None
2024-05-15,2024-05-15,9,None,Field activity was at quiet to unsettled levels.,220,185,008,007,C4.8,2.8e+07,5.7e+06,5.20e+07,2.125,1.875,None
2024-05-16,2024-05-16,9,None,Field conditions were at quiet to unsettled levels.,216,173,010,010,C3.4,2.8e+07,2.2e+06,6.30e+07,2.375,2.25,None
2024-05-17,2024-05-17,1,None,Field activity was at quiet to G2 (Moderate) levels this period.,207,208,019,028,C2.2,3.1e+07,1.0e+06,7.30e+06,3.25,3.625,None
2024-05-18,2024-05-18,9,None,Conditions were at quiet to G2 (Moderate) storm levels.,204,168,016,028,C1.8,1.4e+07,3.2e+05,2.90e+06,3.0,3.375,None
2024-05-19,2024-05-19,3,None,The geomagnetic field was quiet to active.,194,166,014,015,C1.5,1.5e+07,6.6e+04,2.90e+06,2.5,3.125,None
2024-05-20,2024-05-20,21,None,The geomagnetic field was quiet to unsettled.,201,154,010,009,C1.6,7.0e+06,4.4e+04,9.70e+06,2.375,2.25,None
2024-05-21,2024-05-21,13,None.,The geomagnetic field was quiet to unsettled.,200,124,010,008,C1.4,2.9e+06,3.1e+04,1.30e+07,2.5,2.25,None.
2024-05-22,2024-05-22,21,None.,The geomagnetic field was quiet to unsettled.,191,146,008,007,C1.5,1.2e+06,2.2e+04,2.30e+07,2.0,1.875,None.
2024-05-23,2024-05-23,6,None.,The geomagnetic field was quiet.,196,120,005,005,C2.0,1.2e+06,1.9e+04,7.10e+06,1.25,1.375,None.
2024-05-24,2024-05-24,5,None.,"The geomagnetic field was quiet to unstettled, with an isolated active period.",176,130,010,011,C2.5,1.1e+06,1.9e+04,1.20e+07,2.375,2.375,None
2024-05-25,2024-05-25,3,None.,The geomagnetic field was quiet to unsettled.,163,100,011,011,C1.5,4.9e+05,1.8e+04,4.00e+06,2.375,2.25,None
2024-05-26,2024-05-26,1,None,Field conditions were at quiet to unsettled conditions.,152,106,006,006,C1.2,2.1e+05,1.7e+04,3.70e+06,1.75,1.625,None
2024-05-27,2024-05-27,1,None,Field conditions were at quiet to active levels.,156,148,010,010,C1.4,1.2e+05,1.6e+04,5.90e+06,2.375,2.25,None
2024-05-28,2024-05-28,3,None.,The geomagnetic field was at quiet to unsettled levels.,170,116,009,009,C2.4,1.8e+05,1.6e+04,6.10e+06,2.375,2.125,None
2024-05-29,2024-05-29,1,None,The geomagnetic field was quiet to unsettled.,166,141,007,006,C2.6,1.9e+05,1.6e+04,7.50e+06,1.875,1.5,None
2024-05-30,2024-05-30,9,None,"The geomagnetic field was quiet to unsettled, with an isolated active period.",171,131,010,009,C3.6,2.5e+05,1.6e+04,7.90e+06,2.0,1.875,None
2024-05-31,2024-05-31,1,None.,The geomagnetic field was quiet to unsettled.,175,144,010,009,C1.8,1.7e+06,1.7e+04,6.60e+06,2.125,1.875,None
2024-06-01,2024-06-01,2,None.,The geomagnetic field ranged from quiet to minor storm levels.,179,135,014,012,C1.5,1.2e+06,1.6e+04,1.80e+06,2.5,2.5,None.
2024-06-02,2024-06-02,7,None.,The geomagnetic field was quiet.,188,194,006,006,C1.8,3.1e+05,1.5e+04,3.00e+06,1.5,1.375,None.
2024-06-03,2024-06-03,3,None.,The geomagnetic field was quiet and unsettled.,180,186,005,006,C1.9,3.1e+05,1.5e+04,3.60e+06,1.125,1.5,None.
2024-06-04,2024-06-04,5,None,The geomagnetic field was mostly quiet with an isolated actvie period.,186,208,013,009,C1.8,1.0e+06,1.5e+04,1.20e+06,2.25,2.125,None
2024-06-05,2024-06-05,4,None.,The geomagnetic field was mostly quiet to unsettled.,192,224,008,007,C2.0,7.7e+05,1.5e+04,1.20e+06,2.0,1.625,None
2024-06-06,2024-06-06,2,None.,The geomagnetic field was mostly quiet with an isolated unsettled period.,195,193,010,007,C2.2,5.9e+05,1.5e+04,1.50e+06,2.375,1.875,None
2024-06-07,2024-06-07,1,None.,The geomagnetic field was quiet.,191,149,007,006,C2.6,2.5e+05,1.5e+04,1.50e+06,2.125,1.5,None.
2024-06-08,2024-06-08,2,None.,The geomagnetic field ranged from quiet to minor storm levels.,184,150,020,022,C2.9,2.0e+05,1.5e+04,1.40e+06,3.125,3.125,None.
2024-06-09,2024-06-09,11,"The greater than 10 MeV proton flux reached 10 pfu beginning at 08/0255 UTC, and reached a peak flux of 1,030 pfu at 08/0800 UTC.",The geomagnetic field ranged from quiet to active levels.,190,143,015,013,C3.2,8.0e+07,2.7e+07,1.90e+06,2.875,2.625,None.
2024-06-10,2024-06-10,5,The greater than 10 MeV proton flux exceeded 10 pfu through 09/2135 UTC.,The geomagnetic field was quiet.,181,148,006,005,C1.9,7.2e+07,2.6e+06,1.20e+06,1.5,1.5,None.
2024-06-11,2024-06-11,10,"The greater than 10 MeV proton event that began at 08/0255z, reached a maximum of 1,030 pfu at 08/0800z, ended at 09/2140z.",The geomagnetic field was at quiet to minor storm levels.,178,146,011,012,C2.3,4.6e+07,3.8e+05,1.10e+06,1.875,2.0,None.
2024-06-12,2024-06-12,2,None.,The geomagnetic field was quiet to active.,165,095,013,013,C1.7,6.0e+06,1.0e+05,1.10e+06,2.375,2.625,None.
2024-06-13,2024-06-13,3,"The greater than 10 MeV proton flux was elevated near 7 to 9 pfu, but has yet to cross the 10 pfu threshold.",The geomagnetic field was quiet.,165,145,006,006,C1.4,5.2e+06,5.7e+05,1.20e+06,1.75,1.375,None.
2024-06-14,2024-06-14,2,None.,The geomagnetic field was quiet.,170,124,005,003,C1.4,5.8e+06,4.2e+05,1.20e+06,1.125,0.875,None.
2024-06-15,2024-06-15,8,None.,The geomagnetic field reached unsettled levels.,169,117,008,006,C1.7,4.2e+06,1.1e+05,1.20e+06,1.625,1.625,None.
2024-06-16,2024-06-16,5,None.,The geomagnetic field reached minor storm levels.,171,134,018,020,C1.9,3.9e+06,2.3e+04,1.00e+06,3.0,3.375,None.
2024-06-17,2024-06-17,1,None.,The geomagnetic field reached active levels.,167,152,009,013,C1.4,2.1e+06,1.6e+04,1.00e+06,2.0,2.625,None.
2024-06-18,2024-06-18,6,None.,The geomagnetic field was quiet to active.,180,171,011,011,C1.3,2.7e+05,1.5e+04,9.20e+05,2.625,2.5,None.
2024-06-19,2024-06-19,4,None.,The geomagnetic field was quiet to unsettled.,193,150,011,010,C1.6,2.8e+05,1.7e+04,1.80e+06,2.75,2.375,None.
2024-06-20,2024-06-20,4,None.,The geomagnetic field was quiet to unsettled.,196,181,009,010,C2.4,3.2e+05,1.7e+04,9.70e+06,1.25,2.125,None.
2024-06-21,2024-06-21,3,None.,The geomagnetic field was unsettled.,203,138,008,008,C2.2,1.0e+05,1.7e+04,1.70e+07,1.875,1.875,None.
2024-06-22,2024-06-22,5,None.,The geomagnetic field was quiet.,197,133,004,006,C2.5,9.8e+04,1.8e+04,2.30e+07,1.125,1.625,None.
2024-06-23,2024-06-23,6,None.,The geomagnetic field was quiet.,196,139,006,004,C2.7,1.6e+05,1.8e+04,2.60e+07,1.375,1.0,None.
2024-06-24,2024-06-24,6,None.,The geomagnetic field reached unsettled levels.,196,176,012,010,C2.7,2.3e+05,1.7e+04,3.20e+06,2.5,2.375,None.
2024-06-25,2024-06-25,6,None,The geomagnetic field was quiet.,199,141,007,006,C3.9,1.6e+05,1.9e+04,1.40e+06,2.125,1.5,None
2024-06-26,2024-06-26,3,None,The geomagnetic field was mostly quiet with an isolated unsettled period.,194,129,009,009,C2.5,3.7e+06,1.9e+04,1.20e+06,2.625,2.125,None
2024-06-27,2024-06-27,7,None,The geomagnetic field was quiet to unsettled.,181,135,008,009,C1.5,1.9e+06,1.8e+04,1.20e+06,2.25,2.25,None
2024-06-28,2024-06-28,7,None,The geomagnetic field was at quiet to unsettled levels.,183,146,011,009,C1.2,1.5e+06,1.7e+04,1.10e+06,2.75,2.0,None
2024-06-29,2024-06-29,1,None,The geomagnetic field reached severe levels,181,162,032,066,C1.2,1.4e+06,1.7e+04,1.00e+06,5.0,5.125,None
2024-06-30,2024-06-30,4,None,The geomagnetic field reached active levels,186,205,011,014,C1.1,2.0e+05,1.7e+04,1.00e+06,3.25,2.875,None
2024-07-01,2024-07-01,1,None,The geomagnetic field reached unsettled levels,174,199,010,011,C1.1,7.4e+05,1.9e+04,1.20e+06,3.0,2.375,None
2024-07-02,2024-07-02,1,None,Field conditions were at quiet levels.,171,192,005,???,C1.2,1.6e+05,1.8e+04,5.50e+06,2.5,1.75,None
2024-07-03,2024-07-03,1,None,The geomagnetic field was at quiet levels,164,192,006,005,C1.1,9.9e+04,1.9e+04,1.80e+07,2.375,1.25,None
2024-07-04,2024-07-04,1,None,The geomagnetic field was at quiet levels,167,182,006,006,C1.2,1.9e+05,2.0e+04,3.80e+07,2.875,1.375,None
2024-07-05,2024-07-05,2,None,The geomagnetic field reached unsettled levels,173,113,010,011,C1.4,3.9e+05,1.9e+04,9.60e+06,0.0,2.375,Boulder K values are being withheld due to a recent maintenance issue
2024-07-06,2024-07-06,1,None,The geomagnetic field was quiet to unsettled,166,111,010,010,C1.6,1.9e+05,1.8e+04,1.60e+06,0.0,2.125,Boulder magnetometer data is still suspect due to recent hardware replacement
2024-07-07,2024-07-07,4,None,The geomagnetic field was quiet.,166,132,004,005,C1.8,1.2e+05,1.8e+04,2.20e+06,0.375,1.25,Disregard Boulder K values UFN
2024-07-08,2024-07-08,8,None,The geomagnetic field reached unsettled levels,171,119,007,008,C2.8,1.4e+05,1.8e+04,2.10e+06,0.0,2.0,Disregard Boulder K values UFN
2024-07-09,2024-07-09,8,None,Field conditions were at quiet to unsettled levels.,169,090,011,???,C2.2,1.1e+05,1.8e+04,2.20e+06,0.0,2.125,None
2024-07-10,2024-07-10,4,None,Field conditions were at quiet levels.,180,143,008,???,C1.9,8.4e+04,1.8e+04,2.00e+06,0.0,1.5,None
2024-07-11,2024-07-11,5,None,Field conditions were at quiet to unsettled levels.,214,190,008,007,C2.7,6.7e+04,1.8e+04,1.90e+06,0.0,1.625,None
2024-07-12,2024-07-12,8,None,Field conditions were at quiet to unsettled levels.,205,188,007,007,C1.9,1.5e+05,1.9e+04,2.20e+06,0.0,2.0,None
2024-07-13,2024-07-13,4,None,Field conditions were at quiet levels.,210,162,???,006,C1.8,8.7e+04,2.0e+04,1.40e+06,0.0,1.5,None
2024-07-14,2024-07-14,11,None,Field conditions were at quiet levels.,238,214,006,005,C2.1,1.6e+05,1.9e+04,1.50e+06,0.0,1.25,None
2024-07-15,2024-07-15,11,None,Field conditions were at quiet levels.,234,217,009,005,C3.3,2.4e+05,1.9e+04,1.50e+06,0.0,1.5,None
2024-07-16,2024-07-16,5,None.,The geomagnetic field reached active levels.,233,205,008,008,C2.7,2.7e+05,2.0e+04,1.10e+06,0.0,1.5,None.
2024-07-17,2024-07-17,6,None.,The geomagnetic field was at quiet to unsettled levels.,242,250,012,010,C2.9,4.8e+05,2.1e+04,1.00e+06,0.0,2.375,Boulder magnetometer is currently reporting unreliable values.
2024-07-18,2024-07-18,5,None.,The geomagnetic field was quiet,224,275,007,007,C2.3,3.0e+05,2.0e+04,1.00e+06,0.0,1.75,Boulder magnetometer still not functioning correctly.
2024-07-19,2024-07-19,4,None.,The geomagnetic field was quiet to unsettled.,209,276,004,006,C2.2,2.0e+05,2.0e+04,1.00e+06,1.125,1.375,None.
2024-07-20,2024-07-20,6,None,The geomagnetic field was quiet.,202,269,005,006,C2.0,2.5e+05,1.9e+04,9.30e+05,0.0,1.625,BOU magnetometer experiencing issues.
2024-07-21,2024-07-21,7,None.,The geomagnetic field was quiet.,207,212,008,007,C1.9,1.8e+05,1.9e+04,9.90e+05,0.0,1.625,None.
2024-07-22,2024-07-22,13,None.,The geomagnetic field was quiet.,198,200,009,004,C2.3,1.7e+05,1.9e+04,1.00e+06,0.0,1.0,None.
2024-07-23,2024-07-23,13,None.,Geomagnetic field was quiet to unsettled,185,173,009,008,C2.2,5.3e+05,2.2e+04,9.60e+05,0.0,2.125,None.
2024-07-24,2024-07-24,5,"The 10 MeV proton flux crossed threshold at 23/0300, peaked at 23/1040, reaching a maximum of 24.8 pfu and ended at 23/2350. The 100 MeV crossed threshold at 23/0205, reached a maximum 1.63 pfu 23/0430, and ended at 23/1510.",Quiet to Active.,176,167,008,007,C1.5,5.6e+06,1.4e+06,1.20e+06,0.0,1.75,None.
2024-07-25,2024-07-25,3,None.,The geomagnetic field was quiet.,175,160,008,006,C1.3,9.0e+06,1.0e+05,1.10e+06,0.0,1.875,None.
2024-07-26,2024-07-26,4,None.,The geomagnetic field was quiet to active.,167,171,009,009,C1.3,5.1e+06,2.2e+04,1.10e+06,0.0,1.875,None.
2024-07-27,2024-07-27,9,None.,The geomagnetic field reached moderate storm levels.,176,181,023,027,C1.5,1.4e+06,1.6e+04,9.70e+05,0.0,3.625,None.
2024-07-28,2024-07-28,19,None.,The geomagnetic field was quiet to active.,204,178,014,016,C1.8,1.0e+06,1.6e+04,3.40e+06,0.0,3.0,None.
2024-07-29,2024-07-29,17,None.,The geomagnetic field was quiet and unsettled.,214,189,008,007,C3.1,5.8e+05,1.7e+04,7.40e+06,0.0,1.875,None.
2024-07-30,2024-07-30,18,None.,The geomagnetic field was quiet to unsettled.,223,211,007,007,C2.4,4.5e+06,1.7e+04,2.60e+07,3.375,2.0,BOU magnetometer data bad/missing.
2024-07-31,2024-07-31,10,None.,The geomagnetic field started the period at active levels before decreasing to quiet to unsettled conditions.,220,261,018,021,C3.0,5.8e+06,1.6e+04,1.40e+06,1.125,3.25,BOU data missing or corrupted.
2024-08-01,2024-08-01,19,None.,The geomagnetic field ranged from quiet to minor storm levels.,235,271,013,019,C4.8,1.3e+06,1.5e+04,1.10e+06,0.0,2.875,BOU magnetometer values are missing or corrupt.
2024-08-02,2024-08-02,13,None.,The geomagnetic field ranged from quiet to minor storm levels due to CME activity.,234,260,022,022,C6.1,1.4e+06,1.7e+04,1.20e+06,0.0,3.25,None.
2024-08-03,2024-08-03,20,None.,The geomagnetic field was quiet and unsettled.,247,232,009,???,C5.3,2.7e+06,1.7e+04,1.00e+06,0.0,1.875,None.
2024-08-04,2024-08-04,14,None.,The geomagnetic field was quiet and unsettled.,245,217,009,009,C3.1,1.2e+06,1.6e+04,1.20e+06,0.5,2.125,None.
2024-08-05,2024-08-05,7,None.,The geomagnetic field ranged from quiet to strong storm levels as a result of CME influences.,241,194,028,???,C3.2,1.5e+06,1.6e+04,8.80e+05,2.125,4.125,None.
2024-08-06,2024-08-06,14,"Protons flux was slightly elevated above background due to an eruptive event on the Suns farside, but remains well event thredhold.",The geomagnetic field was at quiet to unsettled levels.,247,189,010,010,C3.2,1.6e+06,7.2e+04,9.10e+05,2.625,2.5,None.
2024-08-07,2024-08-07,16,None.,The geomagnetic field was quiet.,270,222,008,006,C2.9,1.5e+06,8.0e+04,1.30e+06,2.125,1.5,None.
2024-08-08,2024-08-08,17,None.,The geomagnetic field was quiet to unsettled.,303,242,008,007,C3.0,1.6e+06,1.8e+04,1.40e+06,2.25,1.75,None.
2024-08-09,2024-08-09,18,None.,The geomagnetic field was quiet to unsettled.,336,326,011,008,C4.6,1.8e+06,1.7e+04,1.50e+06,2.25,2.125,None.
2024-08-10,2024-08-10,13,None.,The geomagnetic field was at quiet to unsettled conditions.,306,382,009,007,C4.1,1.5e+06,1.7e+04,1.70e+06,1.875,1.875,Exceptionally high 10 cm flux and SSN.
2024-08-11,2024-08-11,5,None.,The geomagnetic field was quiet to unsettled.,291,234,008,007,C4.8,1.1e+06,1.7e+04,1.60e+06,2.125,1.5,None.
2024-08-12,2024-08-12,5,None.,The geomagnetic field reached minor storm levels due to a passing CME.,282,194,023,028,C3.1,5.6e+05,1.6e+04,1.10e+06,3.75,4.125,None.
2024-08-13,2024-08-13,13,None.,The geomagnetic field was at minor to severe storm levels.,272,245,051,123,C2.9,1.0e+06,1.5e+04,1.00e+06,5.75,6.625,None.
2024-08-14,2024-08-14,9,None.,The geomagnetic field was quiet to active.,260,199,012,014,C3.9,3.0e+04,1.6e+04,1.10e+06,2.625,2.5,None.
2024-08-15,2024-08-15,6,None.,The geomagnetic field was quiet to active.,248,194,011,014,C4.2,4.5e+05,1.6e+04,2.70e+06,3.0,2.75,None.
2024-08-16,2024-08-16,1,None.,The geomagnetic field was at quiet to unsettled levels.,227,164,006,006,C3.1,8.4e+05,1.7e+04,5.30e+06,2.0,1.625,None.
2024-08-17,2024-08-17,2,None.,The geomagnetic field was at quiet to unsettled levels.,225,169,011,010,C2.9,5.9e+05,1.7e+04,1.60e+06,2.125,2.25,None.
2024-08-18,2024-08-18,8,None.,The geomagnetic field reached severe storm levels in response to the arrival of a CME that left the Sun on 14 Aug.,230,170,024,047,C3.1,3.2e+05,1.7e+04,3.00e+06,3.125,3.5,None.
2024-08-19,2024-08-19,8,None.,The geomagnetic field reached active levels.,231,170,015,015,C3.1,1.4e+05,1.7e+04,9.00e+05,3.0,3.0,None.
2024-08-20,2024-08-20,9,None.,The geomagnetic field was at quiet to unsettled levels.,239,213,011,010,C2.9,5.2e+04,1.7e+04,8.20e+05,2.0,2.125,None.
2024-08-21,2024-08-21,6,None,The geomagnetic field was quiet to unsettled.,244,200,009,011,C3.0,3.5e+04,1.7e+04,1.10e+06,2.125,2.375,None
2024-08-22,2024-08-22,6,None,The geomagnetic field was quiet.,239,176,008,008,C2.5,3.3e+04,1.8e+04,1.70e+06,2.0,2.125,None
2024-08-23,2024-08-23,6,None,The geomagnetic field was quiet,231,175,011,010,C2.4,3.1e+04,1.8e+04,9.30e+05,2.875,2.5,None
2024-08-24,2024-08-24,16,None,Field activity was at quiet to unsettled levels.,242,180,008,008,C2.9,3.3e+04,1.7e+04,1.30e+06,2.25,2.0,None
2024-08-25,2024-08-25,11,None,Field activity was at quiet to active levels.,232,172,012,012,C2.1,5.6e+04,1.7e+04,1.70e+06,2.75,2.625,None
2024-08-26,2024-08-26,2,None,Field levels were at quiet levels.,233,178,008,006,C1.9,3.7e+04,1.8e+04,3.70e+06,2.0,1.5,None
2024-08-27,2024-08-27,5,None.,The geomagnetic field was quiet.,232,202,004,004,C2.2,3.4e+04,1.7e+04,3.30e+06,1.25,1.125,None.
2024-08-28,2024-08-28,3,None.,The geomagnetic field was quiet to unsettled.,221,170,011,009,C2.2,1.1e+05,1.7e+04,3.90e+06,2.625,2.25,None.
2024-08-29,2024-08-29,3,None.,The geomagnetic field was at quiet to major storm levels.,212,163,030,026,C2.4,9.8e+05,1.8e+04,9.10e+05,3.5,3.5,None.
2024-08-30,2024-08-30,2,None.,The geomagnetic field was quiet.,204,124,005,006,C2.3,3.6e+05,1.7e+04,1.10e+06,1.75,1.625,None.
2024-08-31,2024-08-31,12,None.,The geomagnetic field ranged from quiet to minor storm conditions.,214,143,016,018,C2.6,4.1e+05,1.7e+04,1.10e+06,2.875,3.0,None.
2024-09-01,2024-09-01,9,None.,The geomagnetic field ranged from quiet to minor storm levels.,232,180,019,027,C3.1,8.4e+05,1.7e+04,2.50e+06,3.75,3.625,None.
2024-09-03,2024-09-03,5,"The greater than 10 MeV proton flux became enhanced following solar activity from the East limb on 01 Sep, and reached a peak of 5 pfu, but remained below event thresholds.",The geomagnetic field was quiet and unsettled.,238,200,007,008,C4.1,7.7e+05,2.5e+05,3.40e+06,0.0,2.0,None.
2024-09-05,2024-09-05,6,None,The geomagnetic field reached minor storm levels,262,151,016,013,C3.2,2.6e+07,3.3e+05,2.60e+07,2.625,2.25,None
2024-09-06,2024-09-06,9,None,The geomagnetic field was at quiet levels,241,167,008,006,C3.2,9.2e+07,1.8e+05,3.60e+06,2.125,1.625,None
2024-09-07,2024-09-07,6,None,The geomagnetic field was quiet to unsettled,249,188,008,007,C2.4,3.7e+07,1.2e+05,2.80e+06,1.875,1.625,None
2024-09-08,2024-09-08,2,None,Field conditions were at quiet levels.,222,179,009,006,C2.7,1.4e+07,8.5e+04,4.80e+06,1.875,1.5,None
2024-09-09,2024-09-09,3,None,Field conditions were at quiet levels.,228,176,019,006,C2.0,8.7e+06,6.2e+04,3.40e+06,2.125,1.75,None
2024-09-10,2024-09-10,10,None,Field conditions were at quiet to unsettled levels.,215,213,009,009,C3.0,5.4e+07,8.0e+05,1.30e+06,2.5,2.125,None
2024-09-11,2024-09-11,8,None,Field conditions were at quiet to unsettled levels.,205,147,007,006,C2.6,6.1e+07,5.5e+05,1.50e+06,1.875,1.625,None
2024-09-12,2024-09-12,10,None.,Field conditions were at quiet to unsettled levels.,207,179,008,007,C3.1,1.5e+07,6.5e+04,2.50e+06,2.125,1.75,None
2024-09-13,2024-09-13,10,None.,Field conditions reached Strong levels.,201,160,036,078,C4.9,7.9e+06,4.5e+04,1.00e+06,4.5,5.125,None.
2024-09-14,2024-09-14,19,None,Field conditions were at unsettled to minor storm levels.,186,127,022,031,C5.2,2.5e+06,4.5e+04,1.80e+07,3.875,4.25,None
2024-09-15,2024-09-15,4,None,Field conditions were at quiet to G1 (Minor) storm conditions due to residual CME effects.,172,136,022,023,C2.5,2.0e+06,6.6e+04,2.40e+07,3.5,3.5,None
2024-09-16,2024-09-16,1,None,Field conditions were at quiet to G1 (Minor) storm conditions.,173,068,016,020,C1.4,3.2e+06,3.4e+05,5.80e+07,3.125,3.375,None
2024-09-17,2024-09-17,2,None,Field conditions were at quiet to active levels.,170,103,019,023,C1.3,3.9e+06,3.2e+05,4.30e+07,3.625,3.375,None
2024-09-18,2024-09-18,1,"The greater than 10 MeV proton flux levels increased above the S1 (Minor) threshold at 17/0735 UTC, reached a peak flux of 33 pfu at 17/1050 UTC and crossed below threshold at 17/1615 UTC.",The geomagnetic field was at active to severe storm levels due to 14 Sep 2024 CME effects.,165,140,039,064,C1.1,9.5e+07,8.4e+05,1.00e+07,4.625,5.25,None
2024-09-19,2024-09-19,1,None,Geomagnetic activity was quiet to active.,163,106,010,009,C1.0,5.4e+07,1.6e+05,9.00e+06,2.25,2.125,None
2024-09-20,2024-09-20,1,None.,The geomagnetic field ranged from quiet to minor storm levels.,161,109,015,021,C1.0,3.4e+07,2.0e+04,2.50e+07,2.875,3.25,None.
2024-09-21,2024-09-21,2,None.,The geomagnetic field was quiet and unsettled.,154,113,006,005,9.3,7.9e+06,1.5e+04,5.60e+07,1.75,1.375,None.
2024-09-22,2024-09-22,1,None.,The geomagnetic field was quiet.,158,117,006,006,C1.0,7.1e+06,1.5e+04,6.10e+07,1.75,1.625,None.
2024-09-23,2024-09-23,3,None.,The geomagnetic field was quiet and unsettled.,163,114,003,006,C1.3,3.0e+06,1.5e+04,1.10e+08,1.125,1.375,None.
2024-09-24,2024-09-24,2,None,The geomagnetic field was at quiet to active levels.,167,224,009,012,C1.4,2.1e+06,1.5e+04,4.40e+07,2.125,2.25,None
2024-09-25,2024-09-25,2,None,The geomagnetic field was at quiet to minor storm levels due to residual CME effects.,172,123,012,018,C1.4,1.0e+06,1.5e+04,2.20e+06,1.75,3.125,None
2024-09-26,2024-09-26,1,None,The geomagnetic field was at active to minor storm levels due to CH HSS influence.,174,160,024,034,C1.7,8.7e+06,1.5e+04,8.50e+06,4.125,4.25,None
2024-09-27,2024-09-27,1,None,Field conditions were at quiet to minor storm levels due to residual CH HSS effects.,181,189,011,013,C1.8,1.6e+07,1.5e+04,3.60e+07,2.5,2.625,None
2024-09-28,2024-09-28,2,None.,The geomagnetic field was quiet and unsettled.,186,122,005,008,C2.3,5.3e+06,1.5e+04,7.00e+06,2.0,1.875,None.
2024-09-29,2024-09-29,1,None.,The geomagnetic field was quiet and unsettled.,195,148,005,007,C1.8,1.6e+06,1.5e+04,9.20e+06,1.875,1.625,None.
2024-09-30,2024-09-30,4,None.,The geomagnetic field was quiet and unsettled.,197,154,017,015,C1.8,2.1e+06,1.5e+04,8.10e+06,3.25,2.875,None.
2024-10-01,2024-10-01,1,None,The geomagnetic field reached active levels,214,150,009,009,C2.0,6.3e+06,1.5e+04,4.40e+06,2.125,2.0,None
2024-10-02,2024-10-02,5,None,The geomagnetic field was at quiet levels,245,196,005,006,C2.7,5.9e+05,1.5e+04,4.10e+06,1.875,1.5,None
2024-10-03,2024-10-03,8,None,The geomagnetic field was at quiet levels,275,194,006,006,C3.4,2.8e+05,1.5e+04,6.10e+06,1.875,1.375,None
2024-10-04,2024-10-04,22,None,The geomagnetic field was at quiet to unsettled levels,312,229,008,007,C6.1,2.7e+05,1.5e+04,5.40e+06,2.0,1.625,None
2024-10-05,2024-10-05,28,None,The geomagnetic field was quiet to unsettled.,291,180,006,008,C4.6,1.8e+05,1.6e+04,2.10e+06,2.0,1.75,None
2024-10-06,2024-10-06,11,None.,The geomagnetic field was at quiet levels.,277,173,008,005,C5.0,2.9e+05,1.6e+04,2.40e+06,1.75,1.125,None
2024-10-07,2024-10-07,22,None,The geomagnetic field ranged from quiet to active levels.,265,167,013,012,C3.8,7.9e+05,1.4e+04,5.80e+06,2.625,2.375,None
2024-10-08,2024-10-08,12,None,The geomagnetic field reached major storm levels. K=7,277,164,033,053,C3.7,1.2e+06,1.5e+04,1.90e+06,4.125,5.0,None
2024-10-09,2024-10-09,10,None,The geomagnetic field reached strong storm levels. K=7,225,165,029,053,C2.7,7.6e+06,6.2e+04,1.20e+06,4.75,5.0,None
2024-10-10,2024-10-10,26,None,The geomagnetic field reached minor storm levels,220,107,015,022,C3.6,2.2e+08,4.9e+07,9.50e+06,3.625,3.5,None
2024-10-11,2024-10-11,24,A greater than 10 MeV @ 10 pfu proton event occurred and is ongoing.,The geomagnetic field reached severe levels.,216,150,050,155,C3.2,2.2e+09,6.0e+07,1.10e+07,4.125,4.5,None
2024-10-12,2024-10-12,18,None.,The geomagnetic field reached severe levels.,214,130,068,112,C1.8,5.9e+07,3.6e+05,5.20e+06,5.875,6.125,None
2024-10-13,2024-10-13,14,None.,The geomagnetic field reached active levels.,214,095,016,016,C2.0,1.7e+07,3.2e+04,1.10e+07,2.5,2.875,Boulder K-indice missing for the 21-24Z synoptic period.
2024-10-14,2024-10-14,10,None,The geomagnetic field was at quiet levels,195,108,003,004,C1.5,1.4e+07,1.6e+04,1.40e+07,1.25,1.125,None
2024-10-15,2024-10-15,13,None.,The geomagnetic field was quiet to unsettled.,182,146,006,007,C1.4,8.9e+06,1.5e+04,2.30e+07,1.875,1.625,None.
2024-10-16,2024-10-16,25,None.,The geomagnetic field was quiet to active.,172,141,009,014,C1.7,2.1e+06,1.5e+04,9.20e+06,2.75,2.875,None.
2024-10-17,2024-10-17,11,None.,The geomagnetic field was quiet to active.,168,135,011,014,C1.4,7.5e+05,1.5e+04,1.60e+07,3.0,2.875,None.
2024-10-18,2024-10-18,10,None.,The geomagnetic field was quiet to unsettled.,174,146,007,006,C1.5,1.9e+05,1.4e+04,1.30e+07,2.25,1.625,None.
2024-10-19,2024-10-19,10,None.,The geomagnetic field reached active levels.,165,132,010,011,C1.3,3.6e+05,1.4e+04,1.30e+07,2.625,2.375,None.
2024-10-20,2024-10-20,4,None,The geomagnetic field reached minor storm levels due to a positive polarity CH HSS.,162,101,015,022,C1.4,2.9e+05,1.4e+04,2.10e+06,3.25,3.875,None.
2024-10-21,2024-10-21,5,None.,The geomagnetic field was quiet.,162,113,006,006,C2.4,7.8e+04,1.4e+04,3.40e+06,1.875,1.5,None.
2024-10-22,2024-10-22,5,None.,The geomagnetic field was quiet.,164,168,003,004,C2.8,1.9e+05,1.4e+04,6.20e+06,1.625,0.75,None.
2024-10-23,2024-10-23,3,None.,The geomagnetic field was quiet to unsettled.,176,130,007,008,C2.4,1.6e+05,1.5e+04,3.20e+06,2.0,2.0,None.
2024-10-24,2024-10-24,2,None.,The geomagnetic field was quiet to unsettled.,185,104,007,007,C2.0,7.5e+04,1.6e+04,1.10e+06,2.5,1.75,None.
2024-10-25,2024-10-25,10,None.,The geomagnetic field reached minor storm levels.,197,138,010,012,C2.1,2.3e+05,1.8e+04,1.60e+06,2.25,2.375,None.
2024-10-26,2024-10-26,6,The greater than 10 MeV proton flux was elevated slightly above background levels in reponse to an X-flare event from Region 3869 on 24 Apr.,The geomagnetic field was quiet.,209,157,002,002,C1.8,4.7e+05,2.9e+04,1.70e+06,0.875,0.5,None.
2024-10-27,2024-10-27,9,The greater than 10 MeV protons were elevated above background following the X3.3 flare on 24 Oct and were further elevated due to contirbutions from the X1.8 on 26 Oct.,The geomagnetic field reached minor storm levels due to arrival of a CME that left the Sun on 24 Oct.,238,181,011,011,C3.6,1.5e+07,7.5e+05,3.30e+06,2.5,1.875,None
2024-10-28,2024-10-28,6,The greater than 10 MeV protons were elevated with a peak of 273 pfu at 1535 UT.,Geomag conditions were quite to unsettled.,246,198,008,008,C3.2,4.3e+08,1.2e+07,1.60e+06,2.25,2.0,None.
2024-10-29,2024-10-29,8,The greater than 10 MeV protons were elevated with a peak of 364 pfu at 1350 UT.,The geomagnetic field minor storm levels due to the arrival of a CME that left the Sun on 26 Oct.,255,288,011,013,C2.7,1.1e+09,2.3e+07,1.70e+06,2.875,2.625,None.
2024-10-30,2024-10-30,1,"The greater than 10 MeV proton flux that exceeded the S2 (Moderate) levels at 27/0835 UTC, reached a peak of 364 pfu at 28/1350 UTC, ended at 29/1510 UTC. Levels are currently above the S1 (Minor) threshold.",The geomagnetic field was quiet to active.,266,220,010,011,C2.2,4.1e+08,1.1e+07,2.00e+06,2.625,2.375,None.
2024-10-31,2024-10-31,4,The greater than 10 MeV proton event above 10 pfu is still in progress. Levels are currently near 31 pfu.,The geomagnetic field was quiet to unsettled.,270,200,010,011,C2.8,1.3e+08,4.1e+06,4.70e+06,2.625,2.625,None.
2024-11-01,2024-11-01,12,The greater than 10 MeV proton flux continued above the 10 pfu threshold.,The geomagnetic field was quiet to unsettled.,270,187,008,007,C3.0,3.0e+07,1.8e+06,7.30e+06,1.875,1.375,None.
2024-11-02,2024-11-02,11,None,Field conditions were at quiet levels.,256,210,006,004,C2.9,2.4e+07,7.2e+05,4.70e+06,1.625,1.0,None
2024-11-03,2024-11-03,7,None,Field conditions were at quiet to active levels.,251,242,009,012,C2.9,1.3e+07,3.1e+05,2.70e+06,2.25,2.125,None
2024-11-04,2024-11-04,13,None,Field conditions were at quiet to unsettled levels.,241,220,008,008,C3.3,6.1e+06,1.3e+05,1.20e+06,1.75,1.375,None
2024-11-05,2024-11-05,18,None,Field activity was at quiet to active levels.,242,191,011,012,C3.6,1.8e+06,4.9e+04,1.60e+06,2.75,2.25,None
2024-11-06,2024-11-06,10,None,Field conditions were at quiet to unsettled levels.,245,149,010,009,C4.0,6.5e+05,1.4e+04,1.80e+06,2.625,2.125,None
2024-11-07,2024-11-07,21,None,The geomagnetic field was quiet to unsettled,260,155,009,008,C4.6,3.3e+06,1.4e+04,1.90e+06,2.25,2.125,None
2024-11-08,2024-11-08,36,None,Field conditions were at quiet to unsettled levels.,239,164,007,007,C3.0,2.8e+06,1.4e+04,1.50e+07,2.125,1.75,None
2024-11-09,2024-11-09,16,None.,Geomagnetic levels were quiet to active.,231,167,007,010,C2.2,3.2e+06,1.4e+04,1.00e+06,2.25,1.875,None.
2024-11-10,2024-11-10,14,None.,Geomagnetic levels reached moderate storming conditions.,221,176,024,036,C2.3,1.0e+06,1.4e+04,1.20e+06,3.75,4.25,None.
2024-11-11,2024-11-11,11,None.,The geomagnetic field reached minor storming conditions.,231,121,015,025,C1.9,2.1e+05,1.4e+04,1.50e+06,1.375,3.75,None.
2024-11-12,2024-11-12,8,None,The geomagnetic field was quiet to unsettled,182,138,007,009,C1.3,8.8e+04,1.4e+04,8.20e+06,0.0,2.0,Boulder Kp is not available
2024-11-13,2024-11-13,2,None,The gemagnetic field was quiet,172,116,004,005,C1.3,4.8e+04,1.4e+04,1.60e+07,0.0,1.25,Boulder mag data is not available
2024-11-14,2024-11-14,5,None,The geomagnetic field was at quiet to unsettled levels,150,109,005,006,C1.0,7.3e+05,1.4e+04,1.80e+07,1.75,1.5,None
2024-11-15,2024-11-15,1,None,The geomagnetic field reached active levels,147,096,010,012,C1.0,2.0e+05,1.5e+04,3.80e+06,2.25,2.25,None
2024-11-16,2024-11-16,6,None,Field activity was at quiet to unsettled levels.,149,071,010,012,C1.4,8.6e+04,1.5e+04,5.00e+06,2.75,2.625,None
2024-11-17,2024-11-17,9,None,Field conditions were at quiet to unsettled levels.,140,071,008,007,C1.4,5.6e+04,1.5e+04,1.10e+07,2.125,1.625,None
2024-11-18,2024-11-18,16,None,Field conditions were at quiet to unsettled levels.,146,117,006,007,C1.0,7.2e+04,1.5e+04,1.70e+07,2.0,1.75,None
2024-11-19,2024-11-19,17,None.,The geomagnetic field was quiet.,165,118,003,003,C1.5,3.4e+04,1.5e+04,1.30e+07,1.375,0.75,None.
2024-11-20,2024-11-20,2,None.,The geomagnetic field was quiet to active.,157,109,006,010,C1.3,5.6e+04,1.5e+04,1.30e+07,2.0,1.875,None.
2024-11-21,2024-11-21,4,None.,The geomagnetic field was quiet to unsettled.,163,113,008,007,C1.5,4.4e+04,1.4e+04,1.90e+06,2.0,1.75,None.
2024-11-22,2024-11-22,2,None,Field conditions were at quiet to unsettled levels.,166,148,005,007,C1.7,6.7e+05,6.3e+05,1.30e+06,1.875,1.875,None
2024-11-23,2024-11-23,9,"The greater than 10 MeV proton flux reasched S2 (Moderate) levels, with a peak value of 125 pfu at 22/0355 UTC, and decreased below the S1 (Minor) threshold at 22/1845 UTC. The greater than 100 MeV proton flux reached a peak value of 7 pfu at 21/2010 UTC, but have since decreased well below the 1 pfu SWPC warning threshold.",The geomagnetic field was quiet to unsettled.,179,170,010,008,C1.9,2.0e+07,4.2e+06,2.30e+06,2.125,1.75,None.
2024-11-24,2024-11-24,8,None.,Field conditions were at quiet to unsettled levels.,200,156,007,007,C1.7,2.6e+06,1.7e+04,1.60e+06,1.875,1.75,None.
2024-11-25,2024-11-25,11,None.,Geomagnetic field was at quiet to active levels.,203,164,007,005,C2.3,1.7e+05,1.6e+04,2.00e+06,1.875,1.125,None.
2024-11-26,2024-11-26,21,None.,The geomagnetic field was quiet to unsettled.,220,140,009,009,C2.9,6.9e+04,1.6e+04,1.10e+06,2.75,2.375,None
2024-11-27,2024-11-27,19,None,The geomagnetic field reached unsettled levels,222,163,006,004,C2.0,3.4e+04,1.5e+04,1.60e+06,1.75,1.0,None
2024-11-28,2024-11-28,20,None,The geomagnetic field was at quiet levels,225,141,003,002,C1.8,5.2e+04,1.5e+04,2.00e+06,1.25,0.625,None
2024-11-29,2024-11-29,23,None,The geomagnetic field was at quiet levels,214,149,003,002,C1.8,8.9e+04,1.5e+04,1.30e+06,1.375,0.5,None
2024-11-30,2024-11-30,9,None.,The geomagnetic field was quiet.,220,162,006,006,C1.5,3.8e+05,1.4e+04,1.60e+06,2.0,1.5,None.
2024-12-01,2024-12-01,4,None.,The geomagnetic field ranged from quiet to active levels.,204,103,009,006,C1.6,1.2e+05,1.3e+04,1.10e+06,2.25,1.375,None.
2024-12-02,2024-12-02,9,None.,The geomagnetic field was quiet.,186,083,006,005,C1.4,2.7e+05,1.4e+04,1.10e+06,1.875,1.25,None
2024-12-03,2024-12-03,16,None,The geomagnetic field was at quiet levels,185,113,006,004,C1.5,1.4e+05,1.4e+04,1.10e+06,1.75,1.0,None
2024-12-04,2024-12-04,9,None,The geomagnetic field reached active levels,185,126,010,010,C1.3,2.0e+05,1.4e+04,1.60e+06,2.625,2.0,None
2024-12-05,2024-12-05,6,None,The geomagnetic field was quiet,175,105,005,005,C1.8,1.3e+05,1.4e+04,1.10e+06,1.875,1.25,None
2024-12-06,2024-12-06,5,None.,The geomagnetic field was quiet.,175,101,005,004,C1.6,1.0e+05,1.4e+04,1.60e+06,1.75,1.125,None.
2024-12-07,2024-12-07,9,None.,The geomagnetic field was quiet.,178,103,004,004,C1.7,7.8e+04,1.4e+04,1.90e+06,1.625,0.875,None.
2024-12-08,2024-12-08,14,None.,The geomagnetic field was quiet.,183,091,005,004,C1.6,1.1e+05,1.4e+04,1.70e+06,1.625,1.0,None.
2024-12-09,2024-12-09,7,None.,The geomagnetic field was quiet and unsettled.,178,103,004,007,C1.5,1.6e+05,1.4e+04,1.40e+06,1.5,1.5,None.
2024-12-10,2024-12-10,4,None.,The geomagnetic field was quiet to active.,173,094,012,017,C1.2,2.6e+05,1.5e+04,1.10e+06,3.0,3.125,None.
2024-12-11,2024-12-11,16,None.,The geomagnetic field was quiet.,172,125,007,006,C1.2,4.5e+04,1.4e+04,7.40e+06,1.875,1.75,None.
2024-12-12,2024-12-12,13,None.,The geomagnetic field was quiet.,161,114,004,004,C1.1,3.6e+04,1.4e+04,2.30e+07,1.375,1.0,None.
2024-12-13,2024-12-13,6,None.,The geomagnetic field was quiet.,161,091,004,003,C1.1,3.1e+04,1.4e+04,3.90e+07,1.375,0.625,None.
2024-12-14,2024-12-14,5,None,The geomagnetic field was quiet.,164,082,002,003,C1.1,3.1e+04,1.4e+04,2.60e+07,1.125,0.75,None
2024-12-15,2024-12-15,8,None.,The geomagnetic field ranged from quiet to active levels.,171,086,008,011,C1.1,7.9e+04,1.4e+04,7.10e+06,2.25,2.25,None
2024-12-16,2024-12-16,7,None,The geomagnetic field was quiet to unsettled.,172,097,009,010,C1.4,9.4e+05,1.4e+04,1.20e+06,2.5,2.375,None
2024-12-17,2024-12-17,2,None.,The geomagneic field was quiet to unsettled with an isolated active period.,167,090,011,014,C1.3,2.1e+06,1.6e+04,1.30e+06,2.75,2.75,None
2024-12-18,2024-12-18,5,None.,The geomagnetic field was unsettled to active with isolated periods of minor storming.,170,088,020,025,C1.3,1.5e+07,1.9e+04,1.30e+06,3.625,3.75,None
2024-12-19,2024-12-19,1,None.,The geomagnetic field was quiet to unsettled.,174,082,012,012,C1.7,1.3e+06,1.6e+04,5.50e+06,2.5,2.375,None.
2024-12-20,2024-12-20,6,None,The geomagnetic field was quiet to active.,175,096,009,008,C2.0,2.8e+05,1.8e+04,1.10e+07,2.0,1.75,None
2024-12-21,2024-12-21,6,None,Field activity was at quiet to unsettled levels.,184,148,010,011,C1.6,2.4e+05,2.8e+04,1.00e+07,2.375,2.125,None
2024-12-22,2024-12-22,7,None.,The geomagnetic field was quiet to unsettled.,195,152,013,012,C2.0,4.8e+05,2.1e+05,2.10e+07,3.0,2.625,None.
2024-12-23,2024-12-23,7,None.,The geomagnetic field was quiet to unsettled.,223,176,015,011,C2.2,9.4e+05,3.4e+05,2.40e+07,2.625,2.25,None.
2024-12-24,2024-12-24,6,Protons were elevated but remained below threshold.,The geomagnetic field was Active to Unsettled.,238,199,011,010,C2.7,9.6e+05,2.5e+05,4.30e+07,2.375,2.125,None
2024-12-25,2024-12-25,7,Protons remain slightly elevated but well below threshold.,The geomagnetic field was quiet to active.,259,219,009,008,C3.1,5.5e+05,1.5e+05,2.70e+07,2.0,2.0,None.
2024-12-26,2024-12-26,7,Protons remain slightly elevated but well below threshold.,The geomagnetic field has been quiet.,253,218,005,004,C2.6,5.8e+05,1.1e+05,2.90e+07,1.625,0.875,None.
2024-12-27,2024-12-27,3,Protons continue to trend down towards background levels.,Geomagnetic field has been quiet.,256,211,003,001,C2.0,5.1e+05,6.8e+04,3.40e+07,0.5,0.25,None.
2024-12-28,2024-12-28,7,None.,The geomagnetic field was quiet.,259,233,003,002,C2.9,7.6e+05,4.3e+04,2.80e+07,1.0,0.5,None.
2024-12-29,2024-12-29,4,None,Field conditions were at quiet levels.,260,213,004,003,C3.6,9.0e+05,3.0e+04,1.80e+07,1.375,0.875,None
2024-12-30,2024-12-30,31,None,Field activity was at quiet levels.,255,209,005,004,C6.4,1.0e+06,2.4e+04,7.00e+06,1.75,0.875,None
2024-12-31,2024-12-31,22,None,The geomagnetic field was quiet,224,183,007,005,C3.7,2.4e+06,2.4e+04,3.20e+06,1.875,1.25,None
2025-01-01,2025-01-01,6,None,The geomagnetic field reached active levels,218,162,010,012,C3.1,2.7e+07,2.4e+04,4.70e+06,2.375,1.875,None
2025-01-02,2025-01-02,7,None,The geomagnetic field reached extreme storm levels,219,149,048,126,C3.4,6.3e+06,1.6e+04,1.10e+06,5.125,5.875,AF planetary K indices reached 9
2025-01-03,2025-01-03,5,None,Field conditions reached minor storm (G1-Minor) levels due to continued CME effects.,212,173,014,023,C2.7,7.6e+05,1.3e+04,4.80e+06,3.375,3.5,None
2025-01-04,2025-01-04,7,None,Field conditions were at quiet to unsettled levels.,200,190,007,006,C1.9,2.0e+05,1.3e+04,2.80e+06,2.0,1.375,None
2025-01-05,2025-01-05,8,None,Field conditions were at quiet to G2 (Moderate) storm levels due to CME effects.,209,193,021,039,C2.7,5.6e+05,1.4e+05,3.00e+06,4.125,4.375,None
2025-01-06,2025-01-06,5,"10 MeV protons reached 10 pfu levels at 04/2255 UTC, peak levels of 20 pfu at 05/0055 UTC and ended at 05/0940 UTC.",Field activity was at unsettled to active levels.,169,178,012,016,C1.8,9.0e+06,8.8e+05,1.90e+07,3.5,2.75,None
2025-01-07,2025-01-07,5,None.,The geomagnetic field was quiet to unsettled.,172,154,013,014,C1.3,1.9e+06,9.6e+04,5.80e+07,3.0,2.875,None.
2025-01-08,2025-01-08,3,None.,The geomagnetic field was quiet to unsettled.,168,113,008,008,C1.1,7.1e+05,2.6e+04,8.90e+07,2.125,2.125,None.
2025-01-09,2025-01-09,2,None,The geomagnetic field was quiet,160,113,006,005,9.0,3.4e+05,1.7e+04,6.80e+07,1.625,1.25,None
2025-01-10,2025-01-10,8,None,The geomagnetic field reached active levels,162,126,009,009,9.8,1.5e+05,1.5e+04,4.10e+07,2.375,1.875,None
2025-01-11,2025-01-11,14,None.,The geomagnetic field was quiet to unsettled.,157,105,011,010,9.1,7.6e+04,1.5e+04,3.90e+06,2.875,2.25,None.
2025-01-12,2025-01-12,24,None.,The geomagnetic field was at quiet to unsettled levels.,156,082,005,005,8.6,4.2e+04,1.5e+04,4.60e+06,1.75,1.375,None.
2025-01-13,2025-01-13,5,None.,The geomagnetic field was quiet.,158,099,006,005,9.9,1.4e+05,1.5e+04,1.10e+07,1.875,1.375,None.
2025-01-14,2025-01-14,1,None.,The geomagnetic field was mostly quiet with an isolated unsettled period.,160,100,009,008,C1.2,1.1e+05,1.4e+04,2.60e+06,2.375,1.75,None
2025-01-15,2025-01-15,8,None,Geomagnetic activity was quiet.,166,106,010,007,C1.4,1.2e+05,1.5e+04,7.30e+06,2.125,1.875,None
2025-01-16,2025-01-16,5,None.,The geomagnetic field was quiet to unsettled.,174,102,011,013,C1.5,4.1e+05,1.5e+04,1.40e+07,3.0,2.75,None
2025-01-17,2025-01-17,15,None.,The geomagnetic field reached active levels.,208,105,011,012,C2.0,1.2e+05,1.5e+04,1.40e+07,2.375,2.375,None.
2025-01-18,2025-01-18,44,None.,The geomagnetic field was at unsettled to active levels due to coronal hole influence.,227,149,014,017,C2.4,1.6e+05,1.5e+04,1.20e+07,3.25,3.125,None.
2025-01-19,2025-01-19,24,None,The geomagnetic field was quiet.,222,128,008,006,C1.7,2.8e+05,1.5e+04,2.20e+07,2.25,1.875,None
2025-01-20,2025-01-20,6,None.,The geomagnetic field was quiet to unsettled.,234,143,009,010,C1.5,5.2e+05,1.5e+04,2.30e+07,2.625,2.625,None.
2025-01-21,2025-01-21,3,None.,The geomagnetic field was unsettled to active.,230,277,013,015,C1.9,3.8e+05,1.5e+04,3.10e+07,3.0,2.875,None.
2025-01-22,2025-01-22,12,None.,The geomagnetic field was quiet to unsettled.,225,251,006,006,C1.6,1.7e+05,1.5e+04,3.30e+07,2.25,1.625,"Penticton outage, noon flux is estimated."
2025-01-23,2025-01-23,8,None.,The geomagnetic filed was quiet to unsettled.,214,158,007,008,C1.6,9.3e+04,1.5e+04,4.90e+07,2.125,1.75,None.
2025-01-24,2025-01-24,23,None.,The geomagnetic field was quiet to unsettled.,215,169,007,008,C1.8,2.0e+05,1.7e+04,5.50e+07,2.0,1.75,None.
2025-01-25,2025-01-25,25,None,Field conditions were at quiet levels.,205,131,006,004,C2.3,8.9e+04,1.6e+04,2.80e+07,1.75,1.125,None
2025-01-26,2025-01-26,9,None,Field conditions were at quiet levels.,182,131,002,002,C1.6,8.6e+04,1.6e+04,3.10e+07,0.75,0.5,None
2025-01-27,2025-01-27,10,None,Field conditions were at quiet levels.,171,140,002,001,C1.5,1.1e+05,1.6e+04,4.00e+07,0.625,0.25,None
2025-01-28,2025-01-28,5,None.,The geomagnetic field was quiet to unsettled.,162,146,006,005,C1.8,3.0e+05,1.6e+04,3.40e+07,1.625,1.375,None.
2025-01-29,2025-01-29,4,None.,The geomagnetic field was quiet to unsettled.,171,128,008,009,C1.7,9.4e+05,1.6e+04,3.20e+06,1.875,1.875,None.
2025-01-30,2025-01-30,2,None.,The geomagnetic field was quiet to unsettled.,173,161,006,006,C1.5,1.8e+05,1.6e+04,1.20e+06,2.0,1.5,None.
2025-01-31,2025-01-31,1,None,Field conditions were at quiet levels.,184,144,004,003,C1.6,6.6e+05,1.6e+04,1.50e+06,1.25,0.625,None
2025-02-01,2025-02-01,16,None,Field conditions were at quiet levels.,207,141,005,005,C1.9,5.8e+05,1.6e+04,9.10e+05,1.75,1.5,None
2025-02-02,2025-02-02,6,None,Field activity reach moderate (G2-moderate) levels this period.,188,145,021,028,C1.4,1.4e+06,1.5e+04,1.30e+06,3.75,3.75,None
2025-02-03,2025-02-03,9,None,Field conditions were at quiet to minor storm (R1-Minor) levels.,216,156,018,021,C1.7,8.3e+05,1.6e+04,1.30e+07,3.5,3.5,None
2025-02-04,2025-02-04,15,None,Field conditions were at quiet levels.,220,153,004,002,C3.6,1.7e+05,1.5e+04,6.40e+06,1.25,0.5,None
2025-02-05,2025-02-05,7,None,The geomagnetic field was quiet,212,194,004,004,C2.4,1.2e+05,1.6e+04,9.20e+06,1.75,1.0,None
2025-02-06,2025-02-06,5,None.,Quiet to unsettled.,191,159,006,004,C1.6,1.1e+06,1.6e+04,1.10e+07,1.875,1.25,None.
2025-02-07,2025-02-07,5,None,The geomagnetic field was quiet,188,169,009,006,C1.6,2.2e+05,1.6e+04,3.10e+06,2.0,1.375,None
2025-02-08,2025-02-08,14,None.,The geomagnetic field was quiet.,182,179,002,002,C1.4,1.1e+05,1.6e+04,3.70e+06,1.0,0.375,None.
2025-02-09,2025-02-09,3,None.,The geomagnetic field reached active levels.,173,168,009,???,C1.5,1.6e+05,1.6e+04,1.90e+06,2.375,1.875,None.
2025-02-10,2025-02-10,2,None.,The geomagnetic field was reached minor storm levels.,163,142,014,018,C1.5,9.1e+05,1.7e+04,3.00e+06,2.75,2.75,None.
2025-02-11,2025-02-11,1,None,The geomagnetic field reached active levels,159,104,017,018,C1.2,3.8e+05,1.7e+04,1.00e+07,3.25,3.25,None
2025-02-12,2025-02-12,4,None,The geomagnetic field reached unsettled levels,153,091,010,014,C1.0,1.7e+05,1.7e+04,5.30e+07,3.125,2.875,None
2025-02-13,2025-02-13,1,None,The geomagnetic field reached unsettled levels,166,088,012,012,C1.0,3.0e+05,1.7e+04,7.60e+07,2.875,2.625,None
2025-02-14,2025-02-14,15,None.,The geomagnetic field reached minor storm levels.,173,112,019,022,C1.0,2.3e+05,1.7e+04,5.80e+07,3.375,3.625,None.
2025-02-16,2025-02-16,1,None.,The geomagnetic field reached minor storm levels.,184,153,020,025,C1.0,7.5e+05,1.7e+04,8.40e+07,3.5,3.625,None.
2025-02-17,2025-02-17,3,None.,The geomagnetic field reached active levels.,185,271,014,014,C1.1,5.9e+05,1.7e+04,1.20e+08,3.0,2.875,None.
2025-02-18,2025-02-18,1,None.,The geomagnetic field was quiet to active.,185,218,011,012,C1.2,5.0e+05,1.7e+04,9.50e+07,2.625,2.5,None.
2025-02-19,2025-02-19,1,None.,The geomagnetic field was quiet to active.,178,187,010,010,9.9,7.8e+05,1.7e+04,4.90e+07,2.5,2.0,None.
2025-02-20,2025-02-20,1,None.,The geomagnetic field was quiet to active.,178,119,013,016,9.9,3.4e+05,1.6e+04,1.20e+07,2.875,2.75,None.
2025-02-21,2025-02-21,1,None.,The geomagnetic field was quiet to unsettled.,184,123,005,002,C1.2,4.5e+04,1.6e+04,9.20e+06,1.5,0.125,None.
2025-02-22,2025-02-22,15,None.,???,197,138,006,003,C1.6,8.3e+04,1.8e+04,1.50e+07,1.375,0.75,None
2025-02-23,2025-02-23,17,None.,The geomagnetic field was quiet.,199,215,003,004,C1.9,1.2e+07,2.6e+04,9.90e+06,1.25,1.0,None
2025-02-24,2025-02-24,8,None,The geomagnetic field was quiet to unsettled.,210,186,006,005,C2.7,5.7e+06,1.9e+04,4.70e+06,1.625,1.125,None
2025-02-25,2025-02-25,15,The greater than 10 MeV protons began to increase at 24/2315z and crossed the 10 pfu threshold at 25/0020z.,The geomagnetic field was at quiet to minor storm levels.,203,182,010,012,C2.4,2.7e+06,6.3e+04,1.60e+06,2.25,2.125,None.
2025-02-26,2025-02-26,9,"The greater than 10 MeV proton event that began at 25/0020z, reached a max of 37.1 pfu at 25/0240z, dropped below threshold at 25/1115z.",The geomagnetic field was quiet to unsettled.,190,155,011,008,C2.8,1.9e+07,1.0e+06,1.20e+06,0.0,1.75,Boulder magnetometer outage today.
2025-02-27,2025-02-27,3,None.,The geomagnetic field was quiet to unsettled.,180,123,013,013,C1.6,1.2e+07,1.9e+05,1.10e+06,2.875,2.625,None.
2025-02-28,2025-02-28,1,None.,The geomagnetic field reached minor storm levels.,170,129,024,029,C1.5,1.8e+06,4.3e+04,2.60e+06,3.5,4.0,None
2025-03-01,2025-03-01,5,Pr0t0n,The geomagnetic field reached minor storm levels.,155,104,021,030,C1.7,3.2e+06,2.0e+04,8.50e+06,3.5,4.0,None
2025-03-02,2025-03-02,1,None.,The geomagnetic field reached active levels.,145,105,011,017,C1.1,1.9e+06,1.7e+04,1.90e+07,2.875,3.125,None
2025-03-03,2025-03-03,1,None.,The geomagnetic field was quiet.,140,139,005,006,8.1,1.6e+06,1.8e+04,4.60e+07,1.875,1.75,None
2025-03-04,2025-03-04,1,None,The geomagnetic field was at quiet levels,145,099,005,004,C1.0,1.2e+06,1.7e+04,5.00e+07,1.5,1.0,None
2025-03-05,2025-03-05,1,None,The geomagnetic field reached active levels,160,134,007,009,C1.1,1.2e+06,1.7e+04,3.90e+07,2.25,1.875,None
2025-03-06,2025-03-06,1,None,The geomagnetic field was quiet to unsettled,157,147,004,010,9.4,6.2e+05,1.7e+04,1.30e+07,2.75,2.5,None
2025-03-07,2025-03-07,3,None,The geomagnetic field was quiet to unsettled,150,139,006,006,8.0,2.1e+05,1.7e+04,7.80e+06,2.0,1.625,None
2025-03-08,2025-03-08,4,None.,The geomagnetic field was unsettled.,147,109,009,009,8.6,6.1e+05,1.6e+04,1.10e+07,2.0,2.25,None.
2025-03-09,2025-03-09,4,None.,The geomagnetic field reached minor storm levels due to coronal hole influence.,148,090,015,020,8.5,1.6e+06,1.7e+04,4.80e+06,3.25,3.25,None.
2025-03-10,2025-03-10,2,None,The geomagnetic field reached moderate storm levels,148,073,024,031,8.6,6.4e+05,1.7e+04,8.80e+06,3.75,4.25,None
2025-03-11,2025-03-11,4,None,The geomagnetic field was quiet to unsettled.,149,074,008,009,8.0,2.6e+05,1.8e+04,8.00e+07,2.375,2.375,None
2025-03-12,2025-03-12,3,None,The geomagnetic field reached unsettled levels.,161,128,009,011,C1.0,1.2e+05,2.1e+04,1.60e+08,2.875,2.5,None
2025-03-13,2025-03-13,1,None.,The geomagnetic field reched major storm levels during the period.,160,160,018,034,C1.2,9.0e+05,1.8e+04,5.30e+07,4.125,4.375,None
2025-03-14,2025-03-14,1,None,Field conditions were at active to moderate storm (G2-Moderate) levels.,175,160,026,038,C1.1,1.3e+06,1.8e+04,3.60e+07,4.625,4.75,None
2025-03-15,2025-03-15,1,None,Field activity was at quiet to minor storm (G1-Minor) levels.,180,147,022,020,C1.2,8.9e+05,1.7e+04,9.90e+07,3.375,3.25,None
2025-03-16,2025-03-16,2,None,Field activity was at quiet to active levels.,178,185,014,017,C1.1,2.9e+05,1.7e+04,1.40e+08,2.875,3.25,None
2025-03-17,2025-03-17,1,None,Field conditions were at quiet to active levels.,186,190,010,012,C1.1,6.6e+05,1.7e+04,1.90e+08,2.5,2.75,None
2025-03-18,2025-03-18,7,None,The geomagnetic field was quiet to unsettled with an isolated active period.,204,189,014,014,C1.2,7.7e+05,1.7e+04,1.70e+08,2.875,3.0,None
2025-03-19,2025-03-19,6,None,The geomagnetic field was quiet to unsettled.,184,191,013,012,C1.1,1.4e+05,1.7e+04,4.00e+07,2.875,2.75,None
2025-03-20,2025-03-20,2,None.,The geomagetic field reached minor storm levels due to transient influence.,180,170,019,024,C1.2,4.9e+05,1.7e+04,1.40e+07,3.5,3.5,None.
2025-03-21,2025-03-21,3,None.,The geomagnetic field at quiet to usnettled levels.,170,139,005,008,C1.2,2.1e+06,2.0e+04,2.30e+07,1.875,2.0,None.
2025-03-22,2025-03-22,4,None,Field activity was at quiet to G2-Moderate levels.,165,178,016,028,C1.1,7.6e+06,2.9e+04,1.00e+07,3.25,3.25,None
2025-03-23,2025-03-23,3,None,Field conditions were at quiet to minor storm (G1-Minor) conditions under CME influence.,178,177,020,028,C1.6,1.8e+06,2.0e+04,2.10e+06,3.625,3.875,None
2025-03-24,2025-03-24,1,None,Field conditions were at quiet to active levels.,168,110,009,012,C1.3,4.0e+05,1.7e+04,9.20e+06,2.625,2.625,None
2025-03-25,2025-03-25,1,None,The geomagnetic field ranged from quiet to active levels.,156,085,018,019,C1.0,3.7e+05,1.6e+04,3.80e+06,3.125,3.5,None
2025-03-26,2025-03-26,2,None,The geomagnetic field was at quiet to unsettled levels with an isolated active period.,156,058,013,015,C1.1,6.5e+05,1.5e+04,2.80e+06,3.25,2.875,None
2025-03-27,2025-03-27,3,None.,The geomagnetic field reached major storm levels during the period.,152,063,026,048,C1.2,2.1e+06,1.6e+04,1.80e+06,4.125,4.375,None
2025-03-28,2025-03-28,1,None.,The geomagnetic field was at minor storm levels.,153,072,020,???,C1.2,2.0e+07,1.7e+04,7.80e+06,3.625,3.125,USAF planetary k-index unavailable over 18-21Z and 21-24Z due to AXXX51 issues at 2nd WX.
2025-03-29,2025-03-29,7,None.,The geomagnetic field reached active levels.,160,080,013,016,C1.2,9.3e+06,1.7e+04,7.00e+07,2.875,2.875,None.
2025-03-30,2025-03-30,3,None.,The geomagnetic field reached active levels.,157,107,010,012,C1.4,3.1e+06,1.9e+04,1.30e+08,2.25,2.625,None.
2025-03-31,2025-03-31,11,None,The geomagnetic field reached active levels.,171,111,008,010,C1.4,2.0e+06,5.4e+04,1.50e+08,2.125,2.25,None.
2025-04-01,2025-04-01,5,A greater than 10 MeV proton event is in progress. Peak flux value reached has been 85.7 pfu.,The geomagnetic field was uiet to unsettled.,172,151,008,009,C1.4,8.1e+06,1.5e+06,1.10e+08,2.125,2.0,None
2025-04-02,2025-04-02,16,The greater than 10 MeV proton levels reached 147 pfu at 01/0425 UTC.,The fgeomagnetic field was quiet.,182,147,005,005,C1.4,1.0e+08,6.0e+06,1.30e+08,1.875,0.25,None
2025-04-03,2025-04-03,14,The greater than 10 Mev proton flux reached as maximum of 16 pfu and exhibited a gradual downward trend towards background levels.,The geomagnetic field reached active levels.,180,158,016,022,C1.1,6.4e+07,7.4e+05,9.00e+06,3.25,3.5,Planetary Kp values no longer ingested by USAF. Values populated from SWPC planetary estimates.
2025-04-04,2025-04-04,20,None.,The geomagnetic field reached minor storm levels.,178,124,025,026,C1.2,2.8e+07,1.4e+05,6.30e+06,3.5,4.0,Planetary Kp estimate based on NOAA values.
2025-04-05,2025-04-05,10,None.,The geomagnetic field reached minor storm levels.,180,163,019,033,C1.3,1.1e+07,4.1e+04,6.00e+06,4.0,4.25,NOAA Kp used for estimated Planetary values.
2025-04-06,2025-04-06,15,None.,The geomagnetic field reached major storm levels due to coronal hole influence.,184,160,020,040,C1.6,3.4e+06,1.8e+04,4.70e+07,3.625,3.625,Planetary Kp is NOAA based
2025-04-07,2025-04-07,7,None.,The geomagentic firld activity ranged from quiet to minor storm levels.,167,140,017,???,C1.3,1.6e+06,2.5e+04,2.70e+08,3.125,3.125,None
2025-04-08,2025-04-08,13,None,The geomagnetic field was quiet to unsettled with an isolated actvie period.,162,167,010,013,C1.3,1.0e+06,2.3e+04,5.50e+08,2.75,2.625,The 2 MeV 24 hour fluence reached high levels.
2025-04-09,2025-04-09,3,None,The geomagnetic field reached G1 (Minor) geomagnetic storming levels.,159,130,020,024,???,7.2e+05,1.6e+04,2.90e+08,3.25,3.75,None
2025-04-10,2025-04-10,3,None.,The geomagnetic field was at unsettled to minor storm levels.,167,113,020,022,C1.6,9.1e+05,1.5e+04,1.30e+08,3.75,3.625,None.
2025-04-11,2025-04-11,1,None,The geomagnetic field was quiet to active.,153,112,011,???,C1.0,3.7e+05,1.5e+04,1.30e+08,3.0,3.0,None
2025-04-12,2025-04-12,12,None.,The geomagnetic field was quiet to active.,170,120,014,018,C1.4,3.6e+05,1.5e+04,1.40e+08,3.125,2.875,None.
2025-04-13,2025-04-13,8,None,The geomagnetic field reached minor storm levels,165,103,013,???,C3.1,4.3e+05,1.5e+04,5.70e+07,2.875,3.5,None
2025-04-14,2025-04-14,17,None,The geomagnetic field reached active levels,164,080,014,???,C4.1,4.1e+05,1.5e+04,3.40e+07,2.75,2.875,None
2025-04-15,2025-04-15,6,None,The geomagnetic field was at quiet to active levels.,152,086,014,???,C1.8,5.8e+05,1.5e+04,5.60e+07,2.75,2.75,None
2025-04-16,2025-04-16,2,None,The geopmagnetic field reached G2 (Moderate) levels,153,058,013,034,C1.4,6.7e+06,1.5e+04,5.90e+07,3.125,3.125,None
2025-04-17,2025-04-17,12,None,The geomagnetic field ranged from minor to strong levels with an isolated G4 (severe) period.,148,070,043,???,C1.0,3.3e+06,1.4e+04,1.10e+07,4.625,5.25,None
2025-04-18,2025-04-18,7,None,The geomagnetic field was at quie to unsettled levels with an isolated active period.,151,118,011,???,8.7,1.6e+06,1.4e+04,1.20e+07,2.375,2.375,None
2025-04-19,2025-04-19,5,None.,The geomagnetic field reached minor storm levels.,156,113,011,???,C1.0,1.7e+05,1.4e+04,1.10e+07,3.0,0.0,None.
2025-04-20,2025-04-20,1,None.,The geomagnetic field reached minor storm levels.,157,114,018,???,C1.0,2.6e+05,1.4e+04,1.40e+07,3.25,0.0,None.
2025-04-21,2025-04-21,2,None.,The geomagnetic field reached active levels.,156,108,011,???,C1.0,3.1e+05,1.5e+04,2.30e+07,2.25,0.0,None.
2025-04-22,2025-04-22,4,NONE,The geomagnetic field ranged from unsettled to minor storm levels.,163,137,024,035,C1.0,1.5e+06,1.5e+04,1.50e+07,4.0,4.0,None
2025-04-23,2025-04-23,2,None,The geomagnetic field was at quiet to active levels.,163,142,013,???,C1.2,3.2e+06,1.5e+04,2.30e+07,2.75,2.75,None
2025-04-24,2025-04-24,1,None,The geomagnetic field was at quiet to unsettled levels.,167,132,009,???,C1.0,2.6e+06,1.6e+04,2.90e+07,2.0,1.875,None
2025-04-25,2025-04-25,1,None.,The geomagnetic field reached active levels.,170,152,014,???,C1.0,1.6e+06,1.6e+04,3.20e+07,2.625,0.0,None.
2025-04-26,2025-04-26,1,None.,The geomagnetic field was quiet and unsettled.,164,169,005,???,9.0,6.4e+05,1.5e+04,3.90e+07,1.625,0.0,None.
2025-04-27,2025-04-27,2,None.,The geomagnetic field was quiet and unsettled.,156,172,007,???,8.5,5.3e+05,1.6e+04,5.50e+07,2.25,0.0,None.
2025-04-28,2025-04-28,5,None.,The geomagnetic field reached active levels.,156,119,007,???,8.9,9.4e+05,1.5e+04,4.60e+07,2.125,0.0,None.
2025-04-29,2025-04-29,4,None.,The geomagnetic field was quiet to unsettled.,154,134,005,004,C1.0,4.4e+05,1.5e+04,2.70e+07,1.75,1.25,None.
2025-04-30,2025-04-30,8,None.,The geomagnetic field was quiet.,149,105,006,006,C1.0,6.3e+05,1.5e+04,2.40e+07,2.0,1.625,None.
2025-05-01,2025-05-01,5,None.,The geomagnetic field was quiet to active.,148,077,014,012,7.6,6.7e+05,1.5e+04,1.30e+07,2.625,2.625,None.
2025-05-02,2025-05-02,5,None.,The geomagnetic field was at unsettled to minor storm levels.,152,059,021,028,7.0,7.0e+05,1.5e+04,1.10e+07,3.625,4.0,None.
2025-05-03,2025-05-03,4,None.,The geomagnetic field was at active to minor storm levels.,152,038,024,039,7.5,3.2e+05,1.5e+04,2.40e+07,4.375,4.625,None
2025-05-04,2025-05-04,18,None,The geomagnetic field was unsettled to minor storming.,152,077,020,???,8.0,7.9e+06,1.5e+04,1.60e+08,3.625,3.875,None
2025-05-05,2025-05-05,18,None.,"The geomagnetic field was at quiet to active levels, with an isolated period of minor storming.",159,092,017,025,8.6,2.4e+06,1.7e+04,2.60e+08,3.5,3.75,None
2025-05-06,2025-05-06,18,None.,The geomagnetic field was at unsettled to minor storm levels.,159,108,023,029,9.0,5.5e+06,1.9e+04,4.30e+08,3.625,4.125,None.
2025-05-07,2025-05-07,5,None.,The geomagnetic field was unsettled to active.,156,090,015,015,7.6,1.8e+06,2.3e+04,5.40e+08,2.875,3.0,The GOES19 2 MeV electron fluence reached high levels.
2025-05-08,2025-05-08,13,None.,The geomagnetic field was quiet to unsettled.,154,084,008,008,7.8,9.4e+05,2.0e+04,5.60e+08,2.25,2.25,The GOES19 2 MeV electron fluence reached high levels.
2025-05-09,2025-05-09,6,None.,The geomagnetic field reached active levles.,149,084,011,012,C1.0,4.5e+05,1.7e+04,5.10e+08,2.5,2.375,The GOES19 2 MeV electron fluence reached high levels.
2025-05-10,2025-05-10,13,None,The geomagnetic field was at quiet to active levels.,136,077,011,015,6.9,2.0e+06,1.6e+04,2.40e+08,2.625,2.75,None
2025-05-11,2025-05-11,4,None.,The geomagnetic field began the period at active levels before decreasing to quiet conditions for the remainder of the period.,134,070,014,012,6.8,3.8e+05,1.5e+04,3.00e+07,2.875,2.25,None
2025-05-12,2025-05-12,6,None.,The geomagnetic field reached minor storm levels.,126,077,014,016,7.5,3.7e+05,1.5e+04,2.40e+07,2.75,2.875,None
2025-05-13,2025-05-13,2,None.,The geomagnetic field was quiet.,116,064,007,006,6.7,1.3e+05,1.5e+04,1.60e+07,2.0,1.75,None.
2025-05-14,2025-05-14,2,The greater than 10 MeV proton flux began to rise at 13/1620z following an X1.2/1B flare at 13/1538z. Current levels are near 2.1 pfu.,The geomagnetic field was quiet to unsettled.,117,054,009,009,6.3,5.2e+05,8.6e+04,2.20e+07,2.0,2.25,None.
2025-05-15,2025-05-15,6,None.,The geomagnetic field was quiet to active.,122,053,013,016,6.7,2.0e+06,5.1e+04,1.60e+07,2.875,3.0,None.
2025-05-16,2025-05-16,7,None.,The geomagnetic field was quiet to active.,119,045,015,013,5.0,4.9e+05,1.6e+04,1.50e+07,2.875,2.75,None.
2025-05-17,2025-05-17,1,None.,The geomagnetic field reached active conditions.,117,057,011,013,4.3,3.4e+05,1.5e+04,1.50e+07,2.875,2.625,None.
2025-05-18,2025-05-18,1,None.,The geomagnetic field reached major storm levels during the onset of a postive polarity coronal hole with possible embedded transient.,117,058,025,???,4.0,1.2e+06,1.5e+04,1.10e+07,4.25,4.25,None.
2025-05-19,2025-05-19,1,None.,The geomagnetic field reached minor storm level in response to influence from a positive polarity coronal hole.,118,053,016,???,4.8,2.3e+06,1.6e+04,3.70e+07,3.375,3.5,None.
2025-05-20,2025-05-20,1,None.,The geomagnetic field was quiet to unsettled.,117,066,010,010,5.1,1.4e+06,1.7e+04,7.70e+07,2.25,2.25,None.
2025-05-21,2025-05-21,2,None.,The geomagnetic field was quiet to unsettled.,119,067,012,013,5.3,6.4e+05,1.6e+04,3.80e+07,3.0,2.75,None.
2025-05-22,2025-05-22,3,None.,The geomagnetic field was quiet to active.,119,088,012,013,4.7,1.2e+05,1.6e+04,3.60e+07,3.0,2.5,None.
2025-05-23,2025-05-23,5,None.,The geomagnetic field was quiet.,120,099,007,???,4.7,1.5e+05,1.6e+04,6.90e+07,2.0,1.75,None.
2025-05-24,2025-05-24,5,None.,The geomagnetic field was quiet.,122,122,008,007,5.7,1.7e+05,1.6e+04,7.40e+07,2.0,1.875,None.
2025-05-26,2025-05-26,9,None.,The geomagnetic field was quiet.,133,093,008,???,C1.1,2.7e+05,1.6e+04,2.60e+07,2.125,1.5,None.
2025-05-27,2025-05-27,5,None,Field activity was at quiet to unsettled levels.,133,113,008,???,7.9,4.2e+05,1.5e+04,3.00e+07,2.375,0.0,None
2025-05-28,2025-05-28,9,None,Field conditions were at quiet to active levels.,137,116,012,???,8.8,3.5e+05,1.5e+04,1.50e+07,2.625,0.0,None
2025-05-29,2025-05-29,12,None,Field conditions were at quiet to active levels.,144,126,017,017,8.5,2.5e+05,1.6e+04,1.30e+07,3.375,0.0,None
2025-05-30,2025-05-30,14,None.,The geomagnetic field severe geomagnetic storm levels.,145,122,038,065,6.9,2.4e+06,1.6e+04,1.90e+07,4.625,5.625,None.
2025-05-31,2025-05-31,23,None,Field conditions were at unsettled to minor storm (G1-Minor) levels due to negative polarity coronal hole high speed stream influence.,157,107,018,018,C1.0,2.2e+06,1.8e+04,1.20e+08,3.75,0.0,None
2025-06-01,2025-06-01,21,None,Field conditions were at quiet to active levels.,164,096,012,012,C1.5,4.0e+07,7.9e+05,3.00e+08,3.0,0.0,None
2025-06-02,2025-06-02,7,None,Field activity was at minor (G1) to severe (G4) geomagnetic storm levels due to CME influence.,150,097,059,059,7.7,1.2e+09,1.1e+07,1.90e+07,5.375,0.0,None
2025-06-03,2025-06-03,4,None.,The geomagnetic field reached severe levels.,140,103,038,069,9.0,1.0e+08,4.1e+05,3.60e+07,4.625,5.625,None
2025-06-04,2025-06-04,5,None,The geomagnetic field was quiet to severe storm levels.,135,095,032,???,8.2,2.4e+07,1.4e+05,6.40e+07,3.125,5.0,None
2025-06-05,2025-06-05,5,None,The geomagnetic field reached G1 (Minor) storming levels.,134,092,017,???,7.2,9.9e+06,4.3e+04,1.00e+08,3.625,3.625,None
2025-06-06,2025-06-06,2,None,Field conditions ere at quiet to active levels.,128,092,015,015,6.9,1.6e+07,2.4e+04,8.70e+07,2.875,0.0,None
2025-06-07,2025-06-07,1,None,Field conditions were at quiet to unsettled levels.,128,076,008,008,8.3,4.6e+06,1.9e+04,2.30e+08,2.5,0.0,None
2025-06-08,2025-06-08,2,None,Field conditions were at quiet to G1 (Minor) levels.,121,103,015,015,6.6,1.6e+06,1.7e+04,3.90e+07,3.0,0.0,None
2025-06-09,2025-06-09,1,None,Field conditions were at quiet to active levels.,115,087,013,013,5.3,7.6e+05,1.5e+04,2.30e+07,2.75,0.0,None
2025-06-10,2025-06-10,8,None,The geomagnetic field reached minor storm levels,120,082,013,015,4.4,1.5e+05,1.5e+04,1.30e+07,2.875,2.875,None
2025-06-11,2025-06-11,9,None,The geomagnetic field was quiet to unsettled,129,105,011,???,7.1,1.8e+05,1.6e+04,2.00e+07,2.75,2.25,None
2025-06-12,2025-06-12,3,None,The geomagnetic field reached minor storm levels,141,133,013,???,C1.1,3.8e+05,1.6e+04,2.10e+07,3.0,3.125,None
2025-06-13,2025-06-13,1,None,The geomagnetic field reached minor storm levels,142,116,024,???,8.6,6.1e+05,1.6e+04,1.30e+07,3.875,4.25,None
2025-06-14,2025-06-14,4,None.,The geomagnetic field reached G1-G2 (Minor-Moderate) strom levels due to CME influences.,143,134,031,066,9.8,1.7e+06,1.5e+04,1.40e+07,4.875,0.0,None.
2025-06-15,2025-06-15,10,None.,The geomagnetic field was at quiet to active levels due to CH HSS influence.,151,136,021,024,C1.4,1.2e+05,1.6e+04,1.40e+07,3.25,0.0,None.
2025-06-16,2025-06-16,16,None.,The geomagnetic field was quiet and unsettled.,161,141,010,010,C1.6,5.6e+04,1.7e+04,2.50e+07,2.25,0.0,None.
2025-06-17,2025-06-17,8,None,The geomagnetic field reached active levels,148,125,010,010,C2.2,1.2e+05,1.7e+04,2.70e+07,2.5,2.25,None
2025-06-18,2025-06-18,4,None,The geomagnetic field was at quiet to unsettled levels,139,097,009,009,C1.8,1.2e+05,1.7e+04,4.50e+07,2.5,2.25,None
2025-06-19,2025-06-19,17,None,The geomagnetic field reached active levels,137,120,012,013,C1.3,1.2e+05,1.8e+04,3.10e+07,3.0,2.625,None
2025-06-20,2025-06-20,4,None.,The geomagnetic field ranged from quiet to active levels.,136,113,011,012,9.6,1.9e+05,1.8e+04,3.10e+07,2.5,0.0,None.
2025-06-21,2025-06-21,4,None.,The geomagnetic field was quiet and unsettled.,130,095,008,009,6.6,1.3e+05,1.6e+04,3.40e+07,2.25,0.0,None.
2025-06-22,2025-06-22,1,None.,The geomagnetic field was quiet to unsettled.,120,087,010,012,5.3,9.9e+04,1.5e+04,3.90e+07,2.25,0.0,None.
2025-06-23,2025-06-23,1,None.,The geomagnetic field was quiet and unsettled.,125,080,009,009,6.1,1.8e+05,1.5e+04,2.80e+07,2.25,0.0,None.
2025-06-24,2025-06-24,2,None.,The geomangetic field was quiet to unsettled.,122,105,009,008,6.7,1.1e+05,1.5e+04,4.90e+07,2.0,1.875,None.
2025-06-25,2025-06-25,3,None.,The geomagnetic field was quiet to unsettled.,120,087,009,007,6.0,5.5e+05,1.5e+04,4.10e+07,2.25,2.0,None.
2025-06-26,2025-06-26,1,None.,The geomagnetic field was quiet to active.,117,090,016,015,4.8,5.3e+05,1.5e+04,2.90e+07,2.75,2.625,None.
2025-06-27,2025-06-27,1,None,None,117,091,024,026,4.9,2.7e+05,1.5e+04,1.20e+07,3.625,3.875,None
2025-06-28,2025-06-28,1,None.,The goemagnetic field reached minor storm levels.,118,111,016,021,5.1,4.8e+06,1.6e+04,7.50e+07,3.25,3.25,None.
2025-06-29,2025-06-29,1,None,The geomagnetic field was quiet to unsettled,122,103,008,009,5.1,2.3e+06,1.7e+04,1.50e+08,2.5,2.25,None
2025-06-30,2025-06-30,1,None,None,128,151,009,008,6.3,5.4e+05,1.9e+04,2.10e+08,2.25,2.125,None
2025-07-01,2025-07-01,1,None.,The geomagnetic field was quiet to unsettled.,128,158,011,011,6.8,9.5e+05,1.9e+04,2.30e+08,2.75,2.5,None.
2025-07-02,2025-07-02,1,None.,The geomagnetic field was quiet to unsettled.,126,144,007,007,6.2,2.7e+05,1.6e+04,1.20e+08,2.125,1.625,None.
2025-07-03,2025-07-03,1,None.,The geomagnetic field was quiet.,130,148,008,007,7.4,1.3e+06,1.6e+04,1.60e+08,2.125,1.875,None.
2025-07-04,2025-07-04,1,None.,The geomagnetic field was quiet to active.,125,118,016,016,6.8,3.8e+06,1.7e+04,2.70e+07,3.125,3.125,None.
2025-07-05,2025-07-05,1,None.,The geomagnetic field ranged from quiet to active levels.,119,087,011,010,5.6,4.9e+07,1.8e+04,1.60e+07,2.5,0.0,None.
2025-07-06,2025-07-06,4,None,The geomagnetic field was unsettled to active.,117,082,020,???,4.6,1.5e+06,1.6e+04,1.40e+07,3.875,3.25,None
2025-07-07,2025-07-07,1,None.,The geomagentic field reached minor strom levels.,118,081,020,026,5.8,1.2e+05,1.6e+04,1.20e+07,3.625,3.625,None
2025-07-08,2025-07-08,1,None,The geomagnetic field reached minor storm levels early in the period,118,111,020,???,7.7,7.8e+04,1.6e+04,1.10e+07,3.5,3.375,None
2025-07-09,2025-07-09,1,None,The geomagnetic field reached active levels,115,088,013,013,7.3,3.8e+04,1.7e+04,1.50e+07,3.0,2.875,None
2025-07-10,2025-07-10,1,None,The geomagnetic field reached unsettled levels,120,083,008,008,7.7,5.0e+04,1.8e+04,4.40e+07,2.25,2.0,None
2025-07-11,2025-07-11,7,None,The geomagnetic field was quiet,129,072,006,004,C1.0,1.8e+06,1.8e+04,1.30e+08,1.375,1.0,None
2025-07-12,2025-07-12,2,None.,The goemagnetic field reached active levels.,132,098,018,019,9.2,1.1e+06,1.7e+04,2.30e+07,3.25,3.125,None.
2025-07-13,2025-07-13,6,None.,The geomagnetic field was unsettled.,139,093,010,012,C1.1,1.4e+05,1.7e+04,1.30e+07,3.125,2.75,None.
2025-07-14,2025-07-14,9,None.,The geomagnetic field reached minor storm levels.,128,102,017,023,7.6,1.7e+05,1.7e+04,1.60e+07,3.75,3.625,None.
2025-07-15,2025-07-15,3,None.,The geomagnetic field reached minor storm levels.,128,139,016,???,C1.1,1.8e+05,1.7e+04,4.20e+07,1.0,3.125,None.
2025-07-16,2025-07-16,16,None,The geomagnetic field reached minor storm levels,139,146,017,023,C1.0,1.3e+06,1.7e+04,6.30e+07,3.375,3.375,None
2025-07-17,2025-07-17,14,None,The geomagnetic field reached minor storm levles,152,182,014,???,9.0,1.7e+06,1.8e+04,1.50e+08,2.75,3.0,None
2025-07-18,2025-07-18,8,None.,The geomagnetic field reached active levels.,156,178,014,019,C1.0,9.2e+05,1.9e+04,2.20e+08,3.0,3.625,None.
2025-07-19,2025-07-19,5,None,The geomagneti field reached active levels.,156,167,009,011,C1.0,8.4e+05,2.0e+04,4.10e+08,2.25,2.375,None
2025-07-20,2025-07-20,3,None,The geomagnetic field was quiet.,153,139,008,???,C1.3,4.4e+05,1.8e+04,4.50e+08,2.125,1.875,None
2025-07-21,2025-07-21,1,None,The geomagnetic field was at quiet levels,150,139,007,005,C1.2,8.0e+05,1.8e+04,7.60e+08,1.625,1.375,None
2025-07-22,2025-07-22,3,None.,The geomagnetic field was quiet.,143,130,004,004,C1.3,3.6e+06,1.9e+04,6.70e+08,1.5,0.875,The greater than 2 MeV electron fluence reached high levels.
2025-07-23,2025-07-23,4,None.,The geomagnetic field was quiet to minor storming.,145,101,017,016,C1.0,5.9e+06,1.7e+04,2.50e+08,3.125,2.625,None.
2025-07-24,2025-07-24,4,None.,The geomagnetic field was at unsettled to minor storm levels.,150,085,020,027,9.8,4.2e+05,1.6e+04,2.10e+07,3.375,4.0,None.
2025-07-26,2025-07-26,7,None,???,148,133,010,010,8.3,7.6e+05,1.7e+04,1.40e+08,2.375,0.0,None
2025-07-27,2025-07-27,2,None,Field conditions were at quiet to active levels.,143,136,011,011,7.1,5.4e+05,1.6e+04,1.20e+08,2.375,0.0,None
2025-07-28,2025-07-28,1,None,Field conditions were at quiet levels.,145,126,007,007,8.7,2.1e+06,1.6e+04,7.70e+07,1.75,0.0,None
2025-07-29,2025-07-29,5,None,None,145,134,008,007,8.3,8.3e+05,1.6e+04,7.40e+07,2.125,1.75,None
2025-07-30,2025-07-30,1,None.,The geomagnetic field was quiet to unsettled.,152,112,009,008,9.9,4.7e+05,1.6e+04,2.70e+07,2.5,1.75,None.
2025-07-31,2025-07-31,1,None.,The geomagnetic field was quiet to unsettled.,149,131,009,008,9.8,3.4e+05,1.6e+04,2.60e+07,2.25,2.0,None.
2025-08-01,2025-08-01,1,None,Field conditions were at quiet to unsettled levels.,145,138,010,010,8.1,3.5e+05,1.6e+04,3.40e+07,2.5,0.0,None
2025-08-02,2025-08-02,2,None,Field conditions were at quiet to unsettled levels.,146,129,013,013,9.2,5.8e+05,1.7e+04,4.10e+07,2.875,0.0,None
2025-08-03,2025-08-03,8,None,Field conditions were at quiet to unsettled levels.,146,132,009,009,8.6,3.0e+05,1.7e+04,2.60e+07,2.25,0.0,None
2025-08-04,2025-08-04,19,None,Field conditions were at quiet to active levels.,146,118,009,009,C1.0,4.8e+05,1.7e+04,3.00e+07,2.0,0.0,None
2025-08-05,2025-08-05,4,None,The geomagnetic field was quiet,142,086,007,???,9.0,6.6e+05,1.7e+04,3.00e+07,1.875,1.875,None
2025-08-06,2025-08-06,10,None,The geomagnetic field was quiet to unsettled,157,120,010,???,C1.2,2.6e+05,1.8e+04,2.40e+07,2.375,2.125,None
2025-08-07,2025-08-07,7,None,The geomagnetic field was quiet,158,154,009,???,C1.6,2.2e+05,1.8e+04,3.10e+07,1.875,1.625,None
2025-08-08,2025-08-08,32,None,The geomagnetic field was quiet,151,150,006,???,C1.5,3.5e+05,1.8e+04,3.60e+07,1.625,0.75,None
2025-08-09,2025-08-09,22,None.,The geomagnetic field reached Minor storm levels.,148,177,018,022,C1.1,1.3e+06,1.8e+04,1.70e+07,3.0,0.0,None.
2025-08-10,2025-08-10,10,None.,The geomagnetic field reached Moderate storm levels.,140,137,027,047,C1.1,1.3e+06,1.7e+04,1.40e+07,4.25,0.0,None.
2025-08-11,2025-08-11,6,None.,The geomagnetic field reached active levels.,153,155,017,022,C1.7,3.4e+05,1.9e+04,9.10e+07,3.375,0.0,None.
2025-08-12,2025-08-12,7,None,The geomagnetic field reached active levels,146,157,017,???,C2.8,5.0e+05,1.9e+04,2.10e+08,3.125,3.125,None
2025-08-13,2025-08-13,15,None,The geomagnetic field reached active levels,152,152,012,???,C1.8,6.7e+04,1.8e+04,1.10e+08,2.875,2.875,None
2025-08-14,2025-08-14,5,None,The geomagnetic field reached active levels,140,157,017,???,C1.0,1.4e+05,1.9e+04,2.40e+08,3.0,3.125,None
2025-08-15,2025-08-15,3,None.,The geomagnetic field was quiet and unsettled.,130,170,013,011,6.4,9.0e+04,1.7e+04,1.20e+08,3.125,0.0,None.
2025-08-16,2025-08-16,1,None.,The geomagnetic field was quiet and unsettled.,123,168,010,007,5.9,5.0e+04,1.6e+04,1.50e+08,2.625,0.0,None.
2025-08-17,2025-08-17,2,None.,The geomagnetic field was quiet.,122,123,006,006,5.8,8.2e+04,1.6e+04,3.60e+08,2.0,0.0,None.
2025-08-18,2025-08-18,1,None.,The geomagnetic field was quiet.,117,053,007,005,6.7,3.6e+05,1.6e+04,2.70e+08,1.625,0.0,None.
2025-08-19,2025-08-19,1,None,The geomagnetic field was quiet to unsettled.,114,073,005,???,5.5,4.6e+05,1.5e+04,5.50e+07,2.0,1.5,None
2025-08-20,2025-08-20,3,None.,The geomagnetic field was at quiet to minor storm levels.,116,036,016,019,6.3,9.2e+05,1.5e+04,1.60e+07,3.875,3.375,None.
2025-08-21,2025-08-21,1,None,"The geomagnetic field was mostly quiet to unsettled, with an isolated active period.",120,059,012,???,6.6,1.3e+05,1.5e+04,1.90e+07,2.875,2.75,None
2025-08-22,2025-08-22,2,None.,The geomagnetic field was mostly quiet with an isolated unsettled period.,121,076,008,???,6.9,2.8e+05,1.6e+04,3.90e+07,2.0,1.625,None
2025-08-23,2025-08-23,2,None.,The geomagnetic field was quiet to unsettled.,136,051,009,???,9.2,5.2e+05,2.7e+04,3.00e+07,2.0,2.0,None
2025-08-24,2025-08-24,5,"The greater than 10 MeV proton flux became enhanced following flare activity from the southeast limb, peaking slightly over 1 pfu.",The geomagnetic field was quiet to unsettled.,143,087,007,???,C1.2,6.9e+05,8.1e+04,4.10e+07,2.0,1.875,None
2025-08-25,2025-08-25,6,"The greater than 10 MeV proton flux remained enhanced following flare activity from beyond the east limb, reaching a peak flux of just over 8 pfu at 24/2330 UTC.",The geomagnetic field was quiet.,152,102,005,006,C2.1,1.8e+06,2.6e+05,5.60e+07,1.875,1.5,None
2025-08-26,2025-08-26,4,"The greater than 10 MeV proton event that began at 25/1355 UTC, reached a current maximum of 10.3 pfu at 25/1415 UTC.",The geomagnetic field was quiet to unsettled.,175,136,007,008,C2.1,3.5e+06,6.7e+05,4.10e+07,1.5,1.75,None.
2025-08-27,2025-08-27,4,The greater than 10 MeV proton flux reached a maximum of 12.1 pfu at 26/2155 UTC.,The geomagnetic field was quiet to unsettled.,202,193,010,008,C2.8,7.0e+06,7.6e+05,1.20e+07,2.5,2.0,None.
2025-08-28,2025-08-28,1,"The greater than 10 MeV proton event that began at 25/1355z, reached a peak flux of 13.9 pfu at 27/0740z and ended at 27/1505z.",The geomagnetic field was quiet to unsettled.,226,227,009,008,C2.1,2.4e+07,8.6e+05,1.30e+07,2.0,1.875,None.
2025-08-29,2025-08-29,7,"Proton levels awee still elevated, but showing a steady trend of decline.",The geomagnetic field was at quiet to unsettled levels.,232,201,007,007,C2.9,1.7e+07,4.4e+05,1.30e+07,2.375,2.0,None
2025-08-30,2025-08-30,8,He greater than 10 MeV proton flux continued a slow decline throughout the period.,The geomagnetic field was quiet.,222,195,006,???,C2.2,8.9e+06,2.4e+05,1.60e+07,2.0,1.625,None
2025-08-31,2025-08-31,3,"The greater than 10 MeV proton flux remained elevated, but continued a gradual decline toward background levels.",The geomagnetic field was quiet.,317,183,008,???,C1.6,7.3e+06,1.5e+05,1.30e+07,2.375,1.875,None
2025-09-01,2025-09-01,1,The greater than 10 MeV proton flux remained elevated but below S1 (Minor) storm levels.,The geomagnetic field was at quiet land unsettled evels.,217,188,009,???,C1.6,3.4e+06,6.8e+04,1.40e+07,2.0,2.0,None
2025-09-02,2025-09-02,1,Elevated conditions but below threshold.,The geomagnetic field reached moderate storm levels.,202,165,009,016,C1.6,1.5e+08,2.4e+05,1.50e+07,2.0,2.125,None.
2025-09-03,2025-09-03,1,None,The geomagnetic field reached minor storm levels,187,175,025,034,C1.2,7.7e+07,2.8e+04,1.00e+07,3.75,4.125,None
2025-09-04,2025-09-04,15,None,The geomagnetic field reached minor storm levels,180,128,008,012,C1.4,3.3e+06,1.5e+04,1.00e+07,2.0,2.25,None
2025-09-05,2025-09-05,20,None,The geomagnetic field reached unsettled levels,172,150,010,010,C1.5,1.4e+06,1.6e+04,1.50e+07,2.5,2.25,None
2025-09-06,2025-09-06,11,None.,The geomagnetic field was at quiet to unsettled levels.,149,128,008,???,C1.2,8.3e+05,1.7e+04,2.90e+07,2.0,2.0,None.
2025-09-07,2025-09-07,2,None,The geomagnetic field reached minor storm levels.,146,108,017,026,C1.2,3.3e+05,1.7e+04,1.50e+07,3.375,3.625,None
2025-09-08,2025-09-08,1,None.,The geomagnetic field was quiet to unsettled.,133,083,004,005,C1.2,6.6e+04,1.6e+04,1.80e+07,1.25,1.25,None.
2025-09-09,2025-09-09,2,None,The geomagnetic field reached active levels,124,093,010,012,5.9,1.1e+05,1.6e+04,2.00e+07,3.0,2.75,None
2025-09-10,2025-09-10,1,None,The geomagnetic field reached moderate storm levels,121,099,015,018,5.3,2.3e+05,1.6e+04,4.50e+07,2.75,3.125,None
2025-09-11,2025-09-11,1,None,The geomagnetic field reached active levels,119,094,012,013,5.8,2.1e+05,1.6e+04,4.40e+07,2.375,2.25,None
2025-09-12,2025-09-12,1,None,"The geomagnetic field was at quiet to unsettled levels with an early, isolated active period.",115,092,010,010,6.1,3.9e+04,1.6e+04,1.60e+07,2.25,2.375,None
2025-09-13,2025-09-13,1,None,The geomagnetic field was at quiet to unsettled levels,114,067,009,008,5.3,4.3e+04,1.6e+04,3.20e+07,2.0,2.125,None
2025-09-14,2025-09-14,1,None,The geomagnetic field was quiet to unsettled,118,043,007,006,7.1,8.0e+04,1.6e+04,4.40e+07,1.875,1.625,None
2025-09-15,2025-09-15,1,None,The geomagnetic field reached minor storm levels,122,075,012,014,8.9,4.7e+05,1.5e+04,3.10e+07,2.625,2.625,None
2025-09-17,2025-09-17,1,None.,"The geomagnetic field reached G1 (Minor) conditions early, before falling to mostly quiet levels by the end of the period.",135,130,017,021,8.5,1.6e+07,1.8e+04,1.00e+08,3.25,3.5,None
2025-09-18,2025-09-18,9,None.,The geomagnetic field was quiet to unsettled.,147,119,010,012,8.9,2.2e+06,1.8e+04,1.80e+08,2.25,2.375,None
2025-09-19,2025-09-19,1,None,Field conditions were at quiet levels.,150,119,006,006,8.6,2.0e+06,1.8e+04,2.90e+08,2.0,1.25,None
2025-09-20,2025-09-20,3,None,Field activity was at quiet levels.,160,158,007,007,C1.1,1.6e+06,1.6e+04,2.90e+08,0.875,0.0,None
2025-09-21,2025-09-21,10,None,Field conditions were at quiet levels.,166,155,005,005,9.4,5.0e+06,1.6e+04,2.40e+08,1.625,0.0,None
2025-09-22,2025-09-22,15,None,Field conditions were at quiet levels.,176,157,006,006,C1.2,7.6e+06,1.6e+04,1.40e+08,1.75,0.0,None
2025-09-23,2025-09-23,8,None,The geomagnetic field was at quiet to unsettled levels.,172,152,012,???,C1.0,5.2e+06,1.6e+04,3.50e+07,2.75,2.75,None
2025-09-24,2025-09-24,11,None,Field conditions were at quiet to unsettled levels.,171,172,012,012,C1.2,6.4e+05,1.5e+04,1.70e+07,2.625,0.0,None
2025-09-25,2025-09-25,12,None,The geomagnetic field was at quiet to unsettled levels.,184,155,006,???,C1.7,7.1e+05,1.6e+04,2.20e+07,2.0,2.0,None
2025-09-26,2025-09-26,4,None,The geomagnetic field was quiet to unsettled.,170,149,007,???,C1.4,5.5e+05,1.6e+04,2.80e+07,1.875,1.875,None
2025-09-27,2025-09-27,1,None,Field activity was at quiet levels.,165,137,006,NA,C1.2,6.3e+05,1.6e+04,4.30e+07,1.875,0.0,None
2025-09-28,2025-09-28,8,None,Field activity was at quiet to unsettled levels.,164,172,005,NA,C1.5,1.3e+06,1.6e+04,5.30e+07,1.625,0.0,None
2025-09-29,2025-09-29,10,None,Field conditions were at quiet to unsettled levels.,171,131,009,NA,C1.6,9.4e+05,1.6e+04,1.40e+07,2.125,0.0,None
2025-09-30,2025-09-30,17,None,The geomagnetic field reached minor storm levels,186,170,013,027,C1.7,6.0e+05,1.5e+04,1.10e+07,3.25,4.0,None
