landsat_product_id,description,acquisition_date_time,platform,scene_cloud_cover_l1,land_cloud_cover_l1,sun_azimuth,sun_elevation,number_of_assets
LC09_L2SP_197028_20251103_20251105_02_T1_ST,Landsat Collection 2 Level-2 Surface Temperature Product Product,2025-11-03T10:29:35.640834Z,LANDSAT_9,80.98,80.98,164.56656687,27.43713685,18
LC09_L2SP_196029_20251027_20251113_02_T1_ST,Landsat Collection 2 Level-2 Surface Temperature Product Product,2025-10-27T10:23:46.661382Z,LANDSAT_9,58.12,58.12,163.28570269,30.92873836,18
LC09_L2SP_196028_20251027_20251113_02_T2_ST,Landsat Collection 2 Level-2 Surface Temperature Product Product,2025-10-27T10:23:22.778838Z,LANDSAT_9,99.97,99.97,163.98052278,29.64765106,18
LC09_L2SP_196029_20251011_20251012_02_T1_ST,Landsat Collection 2 Level-2 Surface Temperature Product Product,2025-10-11T10:23:50.806808Z,LANDSAT_9,7.24,7.24,160.93118375,36.37112358,18
LC09_L2SP_196028_20251011_20251012_02_T1_ST,Landsat Collection 2 Level-2 Surface Temperature Product Product,2025-10-11T10:23:26.924265Z,LANDSAT_9,52.76,52.76,161.7551546,35.1183803,18
LC09_L2SP_197028_20251002_20251003_02_T1_ST,Landsat Collection 2 Level-2 Surface Temperature Product Product,2025-10-02T10:29:31.163268Z,LANDSAT_9,8.63,8.63,159.98224834,38.31557742,18
LC09_L2SP_196029_20250925_20250926_02_T1_ST,Landsat Collection 2 Level-2 Surface Temperature Product Product,2025-09-25T10:23:45.670507Z,LANDSAT_9,49.78,49.78,157.36493898,42.01415007,18
LC09_L2SP_196028_20250925_20250926_02_T1_ST,Landsat Collection 2 Level-2 Surface Temperature Product Product,2025-09-25T10:23:21.783726Z,LANDSAT_9,75.91,75.91,158.37379916,40.80788145,18
LC08_L2SP_197028_20250924_20251001_02_T2_ST,Landsat Collection 2 Level-2 Surface Temperature Product Product,2025-09-24T10:29:30.438615Z,LANDSAT_8,97.04,97.04,158.12737885,41.16006001,18
LC08_L2SP_196029_20250917_20250929_02_T1_ST,Landsat Collection 2 Level-2 Surface Temperature Product Product,2025-09-17T10:23:41.079978Z,LANDSAT_8,0.39,0.39,155.19986008,44.79007545,18
LC08_L2SP_196028_20250917_20250929_02_T1_ST,Landsat Collection 2 Level-2 Surface Temperature Product Product,2025-09-17T10:23:17.197410Z,LANDSAT_8,1.79,1.79,156.32456961,43.61463245,18
LC09_L2SP_197028_20250916_20250917_02_T1_ST,Landsat Collection 2 Level-2 Surface Temperature Product Product,2025-09-16T10:29:29.170188Z,LANDSAT_9,78.18,78.18,156.05665348,43.95883116,18
LC09_L2SP_196029_20250909_20250911_02_T1_ST,Landsat Collection 2 Level-2 Surface Temperature Product Product,2025-09-09T10:23:42.101746Z,LANDSAT_9,68.64,68.64,152.83810839,47.47602982,18
LC09_L2SP_196028_20250909_20250911_02_T1_ST,Landsat Collection 2 Level-2 Surface Temperature Product Product,2025-09-09T10:23:18.219203Z,LANDSAT_9,67.73,67.73,154.09418795,46.3355209,18
LC08_L2SP_197028_20250908_20250919_02_T2_ST,Landsat Collection 2 Level-2 Surface Temperature Product Product,2025-09-08T10:29:23.419181Z,LANDSAT_8,28.6,28.6,153.80895622,46.66691729,18
LC08_L2SP_196029_20250901_20250911_02_T2_ST,Landsat Collection 2 Level-2 Surface Temperature Product Product,2025-09-01T10:23:35.072508Z,LANDSAT_8,76.19,76.19,150.33849132,50.03739824,18
LC08_L2SP_196028_20250901_20250911_02_T1_ST,Landsat Collection 2 Level-2 Surface Temperature Product Product,2025-09-01T10:23:11.185704Z,LANDSAT_8,88.72,88.72,151.74186279,48.93585678,18
LC09_L2SP_197028_20250831_20250901_02_T1_ST,Landsat Collection 2 Level-2 Surface Temperature Product Product,2025-08-31T10:29:24.584924Z,LANDSAT_9,31.83,31.83,151.43894435,49.24835291,18
LC09_L2SP_196029_20250824_20250825_02_T1_ST,Landsat Collection 2 Level-2 Surface Temperature Product Product,2025-08-24T10:23:36.275583Z,LANDSAT_9,0.19,0.19,147.77327663,52.44593903,18
LC09_L2SP_196028_20250824_20250825_02_T1_ST,Landsat Collection 2 Level-2 Surface Temperature Product Product,2025-08-24T10:23:12.393039Z,LANDSAT_9,1.52,1.52,149.33598314,51.38651596,18
LC08_L2SP_197028_20250823_20250828_02_T1_ST,Landsat Collection 2 Level-2 Surface Temperature Product Product,2025-08-23T10:29:19.276566Z,LANDSAT_8,6.59,6.59,149.04669088,51.68188937,18
LC08_L2SP_196029_20250816_20250821_02_T1_ST,Landsat Collection 2 Level-2 Surface Temperature Product Product,2025-08-16T10:23:31.862839Z,LANDSAT_8,0.97,0.97,145.24778048,54.67962605,18
LC08_L2SP_196028_20250816_20250821_02_T1_ST,Landsat Collection 2 Level-2 Surface Temperature Product Product,2025-08-16T10:23:07.976036Z,LANDSAT_8,4.27,4.27,146.98053345,53.66333104,18
LC09_L2SP_197028_20250815_20250816_02_T1_ST,Landsat Collection 2 Level-2 Surface Temperature Product Product,2025-08-15T10:29:20.699361Z,LANDSAT_9,0.04,0.04,146.68128715,53.92985508,18
LC09_L2SP_196029_20250808_20250809_02_T1_ST,Landsat Collection 2 Level-2 Surface Temperature Product Product,2025-08-08T10:23:29.319153Z,LANDSAT_9,0.18,0.18,142.82589153,56.70575255,18
LC09_L2SP_196028_20250808_20250809_02_T1_ST,Landsat Collection 2 Level-2 Surface Temperature Product Product,2025-08-08T10:23:05.432374Z,LANDSAT_9,0.47,0.47,144.73249963,55.73232026,18
LC08_L2SP_197028_20250807_20250815_02_T1_ST,Landsat Collection 2 Level-2 Surface Temperature Product Product,2025-08-07T10:29:15.100682Z,LANDSAT_8,0.0,0.0,144.48350165,55.97923621,18
LC08_L2SP_196029_20250731_20250807_02_T1_ST,Landsat Collection 2 Level-2 Surface Temperature Product Product,2025-07-31T10:23:22.684294Z,LANDSAT_8,7.67,7.67,140.66998638,58.52186027,18
LC08_L2SP_196028_20250731_20250807_02_T1_ST,Landsat Collection 2 Level-2 Surface Temperature Product Product,2025-07-31T10:22:58.801726Z,LANDSAT_8,29.89,29.89,142.74935952,57.58828083,18
LC09_L2SP_197028_20250730_20250801_02_T1_ST,Landsat Collection 2 Level-2 Surface Temperature Product Product,2025-07-30T10:29:08.800012Z,LANDSAT_9,67.05,67.05,142.5045275,57.79744689,18
LC09_L2SP_196029_20250723_20250726_02_T1_ST,Landsat Collection 2 Level-2 Surface Temperature Product Product,2025-07-23T10:23:20.546211Z,LANDSAT_9,69.94,69.94,138.83986193,60.09577816,18
LC09_L2SP_196028_20250723_20250726_02_T1_ST,Landsat Collection 2 Level-2 Surface Temperature Product Product,2025-07-23T10:22:56.655196Z,LANDSAT_9,70.32,70.32,141.08304336,59.19615152,18
LC08_L2SP_197028_20250722_20250730_02_T1_ST,Landsat Collection 2 Level-2 Surface Temperature Product Product,2025-07-22T10:29:08.409022Z,LANDSAT_8,66.49,66.49,140.92987446,59.38500608,18
LC08_L2SP_196029_20250715_20250726_02_T1_ST,Landsat Collection 2 Level-2 Surface Temperature Product Product,2025-07-15T10:23:18.482599Z,LANDSAT_8,46.73,46.73,137.51605429,61.42505402,18
LC08_L2SP_196028_20250715_20250726_02_T1_ST,Landsat Collection 2 Level-2 Surface Temperature Product Product,2025-07-15T10:22:54.600029Z,LANDSAT_8,61.62,61.62,139.90259902,60.55087285,18
LC09_L2SP_197028_20250714_20250716_02_T1_ST,Landsat Collection 2 Level-2 Surface Temperature Product Product,2025-07-14T10:29:02.183123Z,LANDSAT_9,16.63,16.63,139.76166004,60.69164109,18
LC09_L2SP_196029_20250707_20250709_02_T1_ST,Landsat Collection 2 Level-2 Surface Temperature Product Product,2025-07-07T10:23:12.472339Z,LANDSAT_9,36.51,36.51,136.69043743,62.45976126,18
LC09_L2SP_196028_20250707_20250709_02_T1_ST,Landsat Collection 2 Level-2 Surface Temperature Product Product,2025-07-07T10:22:48.581324Z,LANDSAT_9,74.75,74.75,139.19231487,61.60075359,18
LC08_L2SP_197028_20250706_20250715_02_T2_ST,Landsat Collection 2 Level-2 Surface Temperature Product Product,2025-07-06T10:29:01.910148Z,LANDSAT_8,99.99,99.99,139.17753679,61.71908037,18
LC08_L2SP_196029_20250629_20250711_02_T1_ST,Landsat Collection 2 Level-2 Surface Temperature Product Product,2025-06-29T10:23:14.211201Z,LANDSAT_8,2.86,2.86,136.53554404,63.20663163,18
LC08_L2SP_196028_20250629_20250711_02_T1_ST,Landsat Collection 2 Level-2 Surface Temperature Product Product,2025-06-29T10:22:50.320161Z,LANDSAT_8,2.24,2.24,139.11238969,62.35009894,18
LC09_L2SP_197028_20250628_20250629_02_T1_ST,Landsat Collection 2 Level-2 Surface Temperature Product Product,2025-06-28T10:28:58.099903Z,LANDSAT_9,0.11,0.11,139.1036452,62.40958307,18
LC09_L2SP_196029_20250621_20250622_02_T1_ST,Landsat Collection 2 Level-2 Surface Temperature Product Product,2025-06-21T10:23:07.940212Z,LANDSAT_9,3.75,3.75,136.92958282,63.59741897,18
LC09_L2SP_196028_20250621_20250622_02_T1_ST,Landsat Collection 2 Level-2 Surface Temperature Product Product,2025-06-21T10:22:44.057668Z,LANDSAT_9,2.89,2.89,139.53124572,62.7327075,18
LC08_L2SP_197028_20250620_20250627_02_T1_ST,Landsat Collection 2 Level-2 Surface Temperature Product Product,2025-06-20T10:28:57.460302Z,LANDSAT_8,10.84,10.84,139.66338084,62.76512304,18
LC08_L2SP_196029_20250613_20250626_02_T1_ST,Landsat Collection 2 Level-2 Surface Temperature Product Product,2025-06-13T10:23:05.695197Z,LANDSAT_8,14.9,14.9,137.93976985,63.63571007,18
LC08_L2SP_196028_20250613_20250626_02_T1_ST,Landsat Collection 2 Level-2 Surface Temperature Product Product,2025-06-13T10:22:41.808394Z,LANDSAT_8,4.6,4.6,140.51520791,62.75090092,18
LC09_L2SP_197028_20250612_20250613_02_T1_ST,Landsat Collection 2 Level-2 Surface Temperature Product Product,2025-06-12T10:28:48.031405Z,LANDSAT_9,0.45,0.45,140.61892357,62.71305843,18
LC09_L2SP_196029_20250605_20250606_02_T1_ST,Landsat Collection 2 Level-2 Surface Temperature Product Product,2025-06-05T10:22:53.551134Z,LANDSAT_9,68.31,68.31,139.29049801,63.25143978,18
LC09_L2SP_196028_20250605_20250606_02_T1_ST,Landsat Collection 2 Level-2 Surface Temperature Product Product,2025-06-05T10:22:29.668591Z,LANDSAT_9,100.0,100.0,141.78639152,62.34056222,18
LC08_L2SP_197028_20250604_20250607_02_T2_ST,Landsat Collection 2 Level-2 Surface Temperature Product Product,2025-06-04T10:28:43.408520Z,LANDSAT_8,99.96,99.96,142.01598376,62.27277451,18
LC08_L2SP_196029_20250528_20250603_02_T1_ST,Landsat Collection 2 Level-2 Surface Temperature Product Product,2025-05-28T10:22:57.667102Z,LANDSAT_8,29.85,29.85,141.003204,62.47468506,18
LC08_L2SP_196028_20250528_20250603_02_T1_ST,Landsat Collection 2 Level-2 Surface Temperature Product Product,2025-05-28T10:22:33.776060Z,LANDSAT_8,87.02,87.02,143.37721453,61.53138674,18
LC09_L2SP_197028_20250527_20250528_02_T1_ST,Landsat Collection 2 Level-2 Surface Temperature Product Product,2025-05-27T10:28:44.274623Z,LANDSAT_9,67.13,67.13,143.4757594,61.37570248,18
LC09_L2SP_196029_20250520_20250521_02_T1_ST,Landsat Collection 2 Level-2 Surface Temperature Product Product,2025-05-20T10:23:00.193679Z,LANDSAT_9,74.71,74.71,142.72303649,61.25317462,18
LC09_L2SP_196028_20250520_20250521_02_T2_ST,Landsat Collection 2 Level-2 Surface Temperature Product Product,2025-05-20T10:22:36.315371Z,LANDSAT_9,94.45,94.45,144.93919871,60.27809026,18
LC08_L2SP_197028_20250519_20250529_02_T1_ST,Landsat Collection 2 Level-2 Surface Temperature Product Product,2025-05-19T10:28:42.043422Z,LANDSAT_8,83.03,83.03,145.18559899,60.10579135,18
LC08_L2SP_196029_20250512_20250515_02_T1_ST,Landsat Collection 2 Level-2 Surface Temperature Product Product,2025-05-12T10:22:52.845204Z,LANDSAT_8,36.01,36.01,144.47616229,59.64615935,18
LC08_L2SP_196028_20250512_20250515_02_T1_ST,Landsat Collection 2 Level-2 Surface Temperature Product Product,2025-05-12T10:22:28.966872Z,LANDSAT_8,76.84,76.84,146.52598922,58.64123007,18
LC09_L2SP_197028_20250511_20250513_02_T1_ST,Landsat Collection 2 Level-2 Surface Temperature Product Product,2025-05-11T10:28:52.573342Z,LANDSAT_9,53.75,53.75,146.72519917,58.41270782,18
LC09_L2SP_196029_20250504_20250505_02_T1_ST,Landsat Collection 2 Level-2 Surface Temperature Product Product,2025-05-04T10:23:11.364513Z,LANDSAT_9,88.29,88.29,146.09971684,57.66673838,18
LC09_L2SP_196028_20250504_20250505_02_T2_ST,Landsat Collection 2 Level-2 Surface Temperature Product Product,2025-05-04T10:22:47.490442Z,LANDSAT_9,98.92,98.92,147.97270091,56.63328541,18
LC08_L2SP_197028_20250503_20250512_02_T1_ST,Landsat Collection 2 Level-2 Surface Temperature Product Product,2025-05-03T10:28:40.856539Z,LANDSAT_8,27.62,27.62,148.04069773,56.33618375,18
LC08_L2SP_196029_20250426_20250430_02_T1_ST,Landsat Collection 2 Level-2 Surface Temperature Product Product,2025-04-26T10:22:53.587479Z,LANDSAT_8,50.68,50.68,147.42063571,55.32442724,18
LC08_L2SP_196028_20250426_20250430_02_T1_ST,Landsat Collection 2 Level-2 Surface Temperature Product Product,2025-04-26T10:22:29.709147Z,LANDSAT_8,29.42,29.42,149.12863554,54.26914527,18
LC09_L2SP_197028_20250425_20250426_02_T1_ST,Landsat Collection 2 Level-2 Surface Temperature Product Product,2025-04-25T10:28:59.478956Z,LANDSAT_9,51.41,51.41,149.35993504,53.97725467,18
LC09_L2SP_196029_20250418_20250419_02_T1_ST,Landsat Collection 2 Level-2 Surface Temperature Product Product,2025-04-18T10:23:19.223308Z,LANDSAT_9,8.13,8.13,148.70635059,52.73878977,18
LC09_L2SP_196028_20250418_20250419_02_T1_ST,Landsat Collection 2 Level-2 Surface Temperature Product Product,2025-04-18T10:22:55.336527Z,LANDSAT_9,24.55,24.55,150.25785717,51.66235617,18
LC08_L2SP_197028_20250417_20250425_02_T2_ST,Landsat Collection 2 Level-2 Surface Temperature Product Product,2025-04-17T10:28:47.148891Z,LANDSAT_8,100.0,100.0,150.29285076,51.29925394,18
LC08_L2SP_196029_20250410_20250416_02_T1_ST,Landsat Collection 2 Level-2 Surface Temperature Product Product,2025-04-10T10:23:04.369526Z,LANDSAT_8,7.1,7.1,149.63274883,49.8817407,18
LC08_L2SP_196028_20250410_20250416_02_T1_ST,Landsat Collection 2 Level-2 Surface Temperature Product Product,2025-04-10T10:22:40.486957Z,LANDSAT_8,2.23,2.23,151.04373622,48.79119012,18
LC09_L2SP_197028_20250409_20250411_02_T1_ST,Landsat Collection 2 Level-2 Surface Temperature Product Product,2025-04-09T10:29:08.498397Z,LANDSAT_9,11.24,11.24,151.21459218,48.44061058,18
LC09_L2SP_196029_20250402_20250404_02_T1_ST,Landsat Collection 2 Level-2 Surface Temperature Product Product,2025-04-02T10:23:16.932750Z,LANDSAT_9,78.17,78.17,150.56101733,46.88991972,18
LC09_L2SP_196028_20250402_20250404_02_T1_ST,Landsat Collection 2 Level-2 Surface Temperature Product Product,2025-04-02T10:22:53.054441Z,LANDSAT_9,61.06,61.06,151.84260618,45.7850382,18
LC08_L2SP_197028_20250401_20250411_02_T1_ST,Landsat Collection 2 Level-2 Surface Temperature Product Product,2025-04-01T10:28:55.868490Z,LANDSAT_8,0.08,0.08,151.86059804,45.38340525,18
LC08_L2SP_196029_20250325_20250401_02_T1_ST,Landsat Collection 2 Level-2 Surface Temperature Product Product,2025-03-25T10:23:09.692322Z,LANDSAT_8,33.57,33.57,151.25978775,43.75285845,18
LC08_L2SP_196028_20250325_20250401_02_T1_ST,Landsat Collection 2 Level-2 Surface Temperature Product Product,2025-03-25T10:22:45.809752Z,LANDSAT_8,46.75,46.75,152.4280395,42.63764805,18
LC09_L2SP_197028_20250324_20250325_02_T1_ST,Landsat Collection 2 Level-2 Surface Temperature Product Product,2025-03-24T10:29:08.783447Z,LANDSAT_9,58.61,58.61,152.56402755,42.25846301,18
LC09_L2SP_196029_20250317_20250318_02_T1_ST,Landsat Collection 2 Level-2 Surface Temperature Product Product,2025-03-17T10:23:26.236324Z,LANDSAT_9,28.4,28.4,152.02104032,40.60095116,18
LC09_L2SP_196028_20250317_20250318_02_T1_ST,Landsat Collection 2 Level-2 Surface Temperature Product Product,2025-03-17T10:23:02.349545Z,LANDSAT_9,65.41,65.41,153.08594615,39.47395977,18
LC08_L2SP_197028_20250316_20250327_02_T2_ST,Landsat Collection 2 Level-2 Surface Temperature Product Product,2025-03-16T10:29:01.585519Z,LANDSAT_8,86.73,86.73,153.10675142,39.06456629,18
LC08_L2SP_196029_20250309_20250324_02_T1_ST,Landsat Collection 2 Level-2 Surface Temperature Product Product,2025-03-09T10:23:20.175025Z,LANDSAT_8,86.4,86.4,152.6654251,37.43696384,18
LC08_L2SP_196028_20250309_20250324_02_T1_ST,Landsat Collection 2 Level-2 Surface Temperature Product Product,2025-03-09T10:22:56.292457Z,LANDSAT_8,62.7,62.7,153.63900936,36.30085964,18
LC09_L2SP_197028_20250308_20250311_02_T1_ST,Landsat Collection 2 Level-2 Surface Temperature Product Product,2025-03-08T10:29:20.294497Z,LANDSAT_9,51.48,51.48,153.76377691,35.92436937,18
LC09_L2SP_196029_20250301_20250302_02_T1_ST,Landsat Collection 2 Level-2 Surface Temperature Product Product,2025-03-01T10:23:32.584247Z,LANDSAT_9,57.73,57.73,153.43828996,34.3800253,18
LC09_L2SP_196028_20250301_20250302_02_T1_ST,Landsat Collection 2 Level-2 Surface Temperature Product Product,2025-03-01T10:23:08.705940Z,LANDSAT_9,33.68,33.68,154.3292268,33.23264635,18
LC08_L2SP_197028_20250228_20250304_02_T1_ST,Landsat Collection 2 Level-2 Surface Temperature Product Product,2025-02-28T10:29:06.515076Z,LANDSAT_8,46.34,46.34,154.37202075,32.8467837,18
LC08_L2SP_196029_20250221_20250226_02_T1_ST,Landsat Collection 2 Level-2 Surface Temperature Product Product,2025-02-21T10:23:25.201723Z,LANDSAT_8,44.49,44.49,154.18370213,31.44499608,18
LC08_L2SP_196028_20250221_20250226_02_T1_ST,Landsat Collection 2 Level-2 Surface Temperature Product Product,2025-02-21T10:23:01.314918Z,LANDSAT_8,35.88,35.88,155.00276609,30.28634922,18
LC09_L2SP_197028_20250220_20250221_02_T1_ST,Landsat Collection 2 Level-2 Surface Temperature Product Product,2025-02-20T10:29:26.282541Z,LANDSAT_9,32.68,32.68,155.13437727,29.94470796,18
LC09_L2SP_196029_20250213_20250214_02_T1_ST,Landsat Collection 2 Level-2 Surface Temperature Product Product,2025-02-13T10:23:40.063383Z,LANDSAT_9,81.07,81.07,155.07731956,28.74231676,18
LC09_L2SP_196028_20250213_20250214_02_T2_ST,Landsat Collection 2 Level-2 Surface Temperature Product Product,2025-02-13T10:23:16.180840Z,LANDSAT_9,97.36,97.36,155.83199956,27.57081835,18
LC08_L2SP_197028_20250212_20250215_02_T1_ST,Landsat Collection 2 Level-2 Surface Temperature Product Product,2025-02-12T10:29:15.854242Z,LANDSAT_8,65.42,65.42,155.90385245,27.24027397,18
LC08_L2SP_196029_20250205_20250208_02_T1_ST,Landsat Collection 2 Level-2 Surface Temperature Product Product,2025-02-05T10:23:33.313419Z,LANDSAT_8,15.43,15.43,155.98290902,26.29055801,18
LC08_L2SP_196028_20250205_20250208_02_T1_ST,Landsat Collection 2 Level-2 Surface Temperature Product Product,2025-02-05T10:23:09.422380Z,LANDSAT_8,47.92,47.92,156.68329198,25.10577943,18
LC09_L2SP_197028_20250204_20250205_02_T1_ST,Landsat Collection 2 Level-2 Surface Temperature Product Product,2025-02-04T10:29:22.981252Z,LANDSAT_9,69.41,69.41,156.8293334,24.82980223,18
LC09_L2SP_196029_20250128_20250129_02_T1_ST,Landsat Collection 2 Level-2 Surface Temperature Product Product,2025-01-28T10:23:36.427385Z,LANDSAT_9,57.13,57.13,157.03408364,24.18456168,18
LC09_L2SP_196028_20250128_20250129_02_T1_ST,Landsat Collection 2 Level-2 Surface Temperature Product Product,2025-01-28T10:23:12.544842Z,LANDSAT_9,43.05,43.05,157.68743582,22.98544761,18
LC08_L2SP_197028_20250127_20250131_02_T2_ST,Landsat Collection 2 Level-2 Surface Temperature Product Product,2025-01-27T10:29:17.973050Z,LANDSAT_8,79.16,79.16,157.78837873,22.73892087,18
LC08_L2SP_196029_20250120_20250128_02_T1_ST,Landsat Collection 2 Level-2 Surface Temperature Product Product,2025-01-20T10:23:31.399688Z,LANDSAT_8,61.65,61.65,158.08949701,22.44312737,18
LC08_L2SP_196028_20250120_20250128_02_T1_ST,Landsat Collection 2 Level-2 Surface Temperature Product Product,2025-01-20T10:23:07.517120Z,LANDSAT_8,60.99,60.99,158.70491848,21.22938825,18
LC09_L2SP_197028_20250119_20250123_02_T1_ST,Landsat Collection 2 Level-2 Surface Temperature Product Product,2025-01-19T10:29:28.655931Z,LANDSAT_9,75.8,75.8,158.86099918,21.04626998,18
LC09_L2SP_196029_20250112_20250113_02_T1_ST,Landsat Collection 2 Level-2 Surface Temperature Product Product,2025-01-12T10:23:38.442364Z,LANDSAT_9,18.46,18.46,159.22644756,21.13766859,18
LC09_L2SP_196028_20250112_20250113_02_T1_ST,Landsat Collection 2 Level-2 Surface Temperature Product Product,2025-01-12T10:23:14.564057Z,LANDSAT_9,13.23,13.23,159.81157241,19.90881397,18
LC08_L2SP_197028_20250111_20250122_02_T1_ST,Landsat Collection 2 Level-2 Surface Temperature Product Product,2025-01-11T10:29:21.760407Z,LANDSAT_8,61.82,61.82,159.92828336,19.76991098,18
LC08_L2SP_196029_20250104_20250111_02_T2_ST,Landsat Collection 2 Level-2 Surface Temperature Product Product,2025-01-04T10:23:32.052115Z,LANDSAT_8,71.29,71.29,160.3187721,20.27468866,18
LC08_L2SP_196028_20250104_20250111_02_T1_ST,Landsat Collection 2 Level-2 Surface Temperature Product Product,2025-01-04T10:23:08.169546Z,LANDSAT_8,99.97,99.97,160.88281191,19.03137713,18
LC09_L2SP_197028_20250103_20250104_02_T2_ST,Landsat Collection 2 Level-2 Surface Temperature Product Product,2025-01-03T10:29:20.484198Z,LANDSAT_9,86.88,86.88,161.0342823,18.9601154,18
LC09_L2SP_196029_20241227_20241228_02_T1_ST,Landsat Collection 2 Level-2 Surface Temperature Product Product,2024-12-27T10:23:39.556780Z,LANDSAT_9,7.49,7.49,161.40748544,19.89579463,18
LC09_L2SP_196028_20241227_20241228_02_T1_ST,Landsat Collection 2 Level-2 Surface Temperature Product Product,2024-12-27T10:23:15.678473Z,LANDSAT_9,33.32,33.32,161.95737889,18.63879483,18
LC08_L2SP_197028_20241226_20250103_02_T1_ST,Landsat Collection 2 Level-2 Surface Temperature Product Product,2024-12-26T10:29:18.943292Z,LANDSAT_8,48.65,48.65,162.06974705,18.61958101,18
LC08_L2SP_196029_20241219_20241227_02_T1_ST,Landsat Collection 2 Level-2 Surface Temperature Product Product,2024-12-19T10:23:30.671963Z,LANDSAT_8,89.42,89.42,162.36633635,19.98785934,18
LC08_L2SP_196028_20241219_20241227_02_T1_ST,Landsat Collection 2 Level-2 Surface Temperature Product Product,2024-12-19T10:23:06.793630Z,LANDSAT_8,79.77,79.77,162.91020438,18.71904885,18
LC09_L2SP_197028_20241218_20241219_02_T1_ST,Landsat Collection 2 Level-2 Surface Temperature Product Product,2024-12-18T10:29:25.584551Z,LANDSAT_9,48.15,48.15,163.0331799,18.76504797,18
LC09_L2SP_196029_20241211_20241213_02_T1_ST,Landsat Collection 2 Level-2 Surface Temperature Product Product,2024-12-11T10:23:35.070523Z,LANDSAT_9,54.1,54.1,163.20351046,20.55456299,18
LC09_L2SP_196028_20241211_20241213_02_T1_ST,Landsat Collection 2 Level-2 Surface Temperature Product Product,2024-12-11T10:23:11.192216Z,LANDSAT_9,27.63,27.63,163.74825099,19.2755153,18
LC08_L2SP_197028_20241210_20241218_02_T2_ST,Landsat Collection 2 Level-2 Surface Temperature Product Product,2024-12-10T10:29:16.368700Z,LANDSAT_8,95.45,95.45,163.83019487,19.37468109,18
LC08_L2SP_196029_20241203_20241210_02_T1_ST,Landsat Collection 2 Level-2 Surface Temperature Product Product,2024-12-03T10:23:38.902002Z,LANDSAT_8,65.28,65.28,163.83135344,21.5647834,18
LC08_L2SP_196028_20241203_20241210_02_T2_ST,Landsat Collection 2 Level-2 Surface Temperature Product Product,2024-12-03T10:23:15.019434Z,LANDSAT_8,86.59,86.59,164.38473608,20.27815696,18
LC09_L2SP_197028_20241202_20241203_02_T1_ST,Landsat Collection 2 Level-2 Surface Temperature Product Product,2024-12-02T10:29:30.201336Z,LANDSAT_9,74.58,74.58,164.45650902,20.43409376,18
LC09_L2SP_196029_20241125_20241127_02_T1_ST,Landsat Collection 2 Level-2 Surface Temperature Product Product,2024-11-25T10:23:44.965289Z,LANDSAT_9,72.16,72.16,164.23850325,22.99081816,18
LC09_L2SP_196028_20241125_20241127_02_T1_ST,Landsat Collection 2 Level-2 Surface Temperature Product Product,2024-11-25T10:23:21.082744Z,LANDSAT_9,56.66,56.66,164.80715493,21.69935892,18
LC08_L2SP_197028_20241124_20241127_02_T1_ST,Landsat Collection 2 Level-2 Surface Temperature Product Product,2024-11-24T10:29:26.496609Z,LANDSAT_8,67.19,67.19,164.83761685,21.90244066,18
LC08_L2SP_196029_20241117_20241126_02_T1_ST,Landsat Collection 2 Level-2 Surface Temperature Product Product,2024-11-17T10:23:31.336643Z,LANDSAT_8,22.98,22.98,164.36438985,24.78215139,18
LC08_L2SP_196028_20241117_20241126_02_T1_ST,Landsat Collection 2 Level-2 Surface Temperature Product Product,2024-11-17T10:23:07.445603Z,LANDSAT_8,56.01,56.01,164.95663105,23.48868175,18
LC09_L2SP_197028_20241116_20241117_02_T1_ST,Landsat Collection 2 Level-2 Surface Temperature Product Product,2024-11-16T10:29:22.465812Z,LANDSAT_9,48.99,48.99,164.95603372,23.73496535,18
LC09_L2SP_196029_20241109_20241110_02_T1_ST,Landsat Collection 2 Level-2 Surface Temperature Product Product,2024-11-09T10:23:33.697418Z,LANDSAT_9,88.93,88.93,164.19069783,26.88733196,18
LC09_L2SP_196028_20241109_20241110_02_T1_ST,Landsat Collection 2 Level-2 Surface Temperature Product Product,2024-11-09T10:23:09.814875Z,LANDSAT_9,51.55,51.55,164.81396047,25.59610924,18
LC08_L2SP_197028_20241108_20241114_02_T1_ST,Landsat Collection 2 Level-2 Surface Temperature Product Product,2024-11-08T10:29:17.389218Z,LANDSAT_8,39.64,39.64,164.77810558,25.87839676,18
LC08_L2SP_196029_20241101_20241105_02_T1_ST,Landsat Collection 2 Level-2 Surface Temperature Product Product,2024-11-01T10:23:23.559455Z,LANDSAT_8,9.12,9.12,163.71216846,29.25604944,18
LC08_L2SP_196028_20241101_20241105_02_T1_ST,Landsat Collection 2 Level-2 Surface Temperature Product Product,2024-11-01T10:22:59.668415Z,LANDSAT_8,31.64,31.64,164.37640926,27.96982208,18
LC09_L2SP_197028_20241031_20241101_02_T1_ST,Landsat Collection 2 Level-2 Surface Temperature Product Product,2024-10-31T10:29:22.004658Z,LANDSAT_9,62.64,62.64,164.29304952,28.28000542,18
LC09_L2SP_196029_20241024_20241026_02_T1_ST,Landsat Collection 2 Level-2 Surface Temperature Product Product,2024-10-24T10:23:39.073663Z,LANDSAT_9,79.91,79.91,162.89320987,31.82229696,18
LC09_L2SP_196028_20241024_20241026_02_T1_ST,Landsat Collection 2 Level-2 Surface Temperature Product Product,2024-10-24T10:23:15.186883Z,LANDSAT_9,63.92,63.92,163.60783483,30.54570395,18
LC08_L2SP_197028_20241023_20241029_02_T1_ST,Landsat Collection 2 Level-2 Surface Temperature Product Product,2024-10-23T10:29:20.253433Z,LANDSAT_8,50.81,50.81,163.50044343,30.879374,18
LC08_L2SP_196029_20241016_20241022_02_T1_ST,Landsat Collection 2 Level-2 Surface Temperature Product Product,2024-10-16T10:23:32.718673Z,LANDSAT_8,73.16,73.16,161.76787833,34.53270512,18
LC08_L2SP_196028_20241016_20241022_02_T1_ST,Landsat Collection 2 Level-2 Surface Temperature Product Product,2024-10-16T10:23:08.836104Z,LANDSAT_8,70.1,70.1,162.54529308,33.26982062,18
LC09_L2SP_197028_20241015_20241016_02_T1_ST,Landsat Collection 2 Level-2 Surface Temperature Product Product,2024-10-15T10:29:17.748536Z,LANDSAT_9,67.74,67.74,162.37697634,33.61329918,18
LC09_L2SP_196029_20241008_20241010_02_T1_ST,Landsat Collection 2 Level-2 Surface Temperature Product Product,2024-10-08T10:23:22.054333Z,LANDSAT_9,99.97,99.97,160.29882218,37.32309219,18
LC09_L2SP_196028_20241008_20241010_02_T2_ST,Landsat Collection 2 Level-2 Surface Temperature Product Product,2024-10-08T10:22:58.171791Z,LANDSAT_9,100.0,100.0,161.1517257,36.07831125,18
LC08_L2SP_197028_20241007_20241015_02_T2_ST,Landsat Collection 2 Level-2 Surface Temperature Product Product,2024-10-07T10:29:08.165080Z,LANDSAT_8,63.87,63.87,160.97776037,36.43506603,18
LC08_L2SP_196029_20240930_20241005_02_T1_ST,Landsat Collection 2 Level-2 Surface Temperature Product Product,2024-09-30T10:23:17.809323Z,LANDSAT_8,48.02,48.02,158.57200381,40.15469719,18
LC08_L2SP_196028_20240930_20241005_02_T1_ST,Landsat Collection 2 Level-2 Surface Temperature Product Product,2024-09-30T10:22:53.926754Z,LANDSAT_8,55.96,55.96,159.51516326,38.93251631,18
LC09_L2SP_197028_20240929_20241002_02_T1_ST,Landsat Collection 2 Level-2 Surface Temperature Product Product,2024-09-29T10:29:09.929358Z,LANDSAT_9,19.04,19.04,159.26924095,39.28286619,18
LC09_L2SP_196029_20240922_20240924_02_T1_ST,Landsat Collection 2 Level-2 Surface Temperature Product Product,2024-09-22T10:23:14.925716Z,LANDSAT_9,91.46,91.46,156.52991306,42.95812369,18
LC09_L2SP_196028_20240922_20240924_02_T1_ST,Landsat Collection 2 Level-2 Surface Temperature Product Product,2024-09-22T10:22:51.038934Z,LANDSAT_9,89.0,89.0,157.57843863,41.76346979,18
LC08_L2SP_197028_20240921_20240928_02_T1_ST,Landsat Collection 2 Level-2 Surface Temperature Product Product,2024-09-21T10:29:11.043232Z,LANDSAT_8,35.69,35.69,157.35008305,42.11836302,18
LC08_L2SP_196029_20240914_20240921_02_T1_ST,Landsat Collection 2 Level-2 Surface Temperature Product Product,2024-09-14T10:23:23.869228Z,LANDSAT_8,20.61,20.61,154.30752267,45.70751514,18
LC08_L2SP_196028_20240914_20240921_02_T1_ST,Landsat Collection 2 Level-2 Surface Temperature Product Product,2024-09-14T10:22:59.982422Z,LANDSAT_8,26.86,26.86,155.47765528,44.54501954,18
LC09_L2SP_197028_20240913_20240914_02_T1_ST,Landsat Collection 2 Level-2 Surface Temperature Product Product,2024-09-13T10:29:05.978195Z,LANDSAT_9,44.83,44.83,155.16950133,44.8781354,18
LC09_L2SP_196029_20240906_20240907_02_T1_ST,Landsat Collection 2 Level-2 Surface Temperature Product Product,2024-09-06T10:23:10.673918Z,LANDSAT_9,48.9,48.9,151.8487897,48.34414086,18
LC09_L2SP_196028_20240906_20240907_02_T1_ST,Landsat Collection 2 Level-2 Surface Temperature Product Product,2024-09-06T10:22:46.787138Z,LANDSAT_9,14.71,14.71,153.1559778,47.21873765,18
LC08_L2SP_197028_20240905_20240913_02_T2_ST,Landsat Collection 2 Level-2 Surface Temperature Product Product,2024-09-05T10:29:09.589323Z,LANDSAT_8,99.98,99.98,152.89872886,47.55168647,18
LC08_L2SP_196029_20240829_20240905_02_T1_ST,Landsat Collection 2 Level-2 Surface Temperature Product Product,2024-08-29T10:23:14.346687Z,LANDSAT_8,3.12,3.12,149.34895055,50.8634535,18
LC08_L2SP_196028_20240829_20240905_02_T1_ST,Landsat Collection 2 Level-2 Surface Temperature Product Product,2024-08-29T10:22:50.455646Z,LANDSAT_8,2.02,2.02,150.80817511,49.7778497,18
LC09_L2SP_197028_20240828_20240829_02_T1_ST,Landsat Collection 2 Level-2 Surface Temperature Product Product,2024-08-28T10:29:02.870054Z,LANDSAT_9,0.73,0.73,150.46637049,50.07503314,18
LC09_L2SP_196029_20240821_20240822_02_T1_ST,Landsat Collection 2 Level-2 Surface Temperature Product Product,2024-08-21T10:23:12.488372Z,LANDSAT_9,21.03,21.03,146.73166717,53.1972005,18
LC09_L2SP_196028_20240821_20240822_02_T1_ST,Landsat Collection 2 Level-2 Surface Temperature Product Product,2024-08-21T10:22:48.605829Z,LANDSAT_9,29.84,29.84,148.35407463,52.15552221,18
LC08_L2SP_197028_20240820_20240830_02_T1_ST,Landsat Collection 2 Level-2 Surface Temperature Product Product,2024-08-20T10:29:00.910524Z,LANDSAT_8,6.31,6.31,148.1032288,52.45123148,18
LC08_L2SP_196029_20240813_20240822_02_T1_ST,Landsat Collection 2 Level-2 Surface Temperature Product Product,2024-08-13T10:23:07.844728Z,LANDSAT_8,0.88,0.88,144.26163241,55.36720758,18
LC08_L2SP_196028_20240813_20240822_02_T1_ST,Landsat Collection 2 Level-2 Surface Temperature Product Product,2024-08-13T10:22:43.957924Z,LANDSAT_8,2.55,2.55,146.0560103,54.36828774,18
LC09_L2SP_197028_20240812_20240813_02_T1_ST,Landsat Collection 2 Level-2 Surface Temperature Product Product,2024-08-12T10:28:51.163070Z,LANDSAT_9,0.39,0.39,145.72198915,54.61521844,18
LC09_L2SP_196029_20240805_20240806_02_T1_ST,Landsat Collection 2 Level-2 Surface Temperature Product Product,2024-08-05T10:22:59.883624Z,LANDSAT_9,2.17,2.17,141.86071494,57.30682331,18
LC09_L2SP_196028_20240805_20240806_02_T1_ST,Landsat Collection 2 Level-2 Surface Temperature Product Product,2024-08-05T10:22:35.992609Z,LANDSAT_9,4.04,4.04,143.82978327,56.3509865,18
LC08_L2SP_197028_20240804_20240808_02_T1_ST,Landsat Collection 2 Level-2 Surface Temperature Product Product,2024-08-04T10:28:50.867317Z,LANDSAT_8,71.8,71.8,143.63444329,56.59928893,18
LC08_L2SP_196029_20240728_20240801_02_T1_ST,Landsat Collection 2 Level-2 Surface Temperature Product Product,2024-07-28T10:23:06.452428Z,LANDSAT_8,3.48,3.48,139.85264652,59.05417052,18
LC08_L2SP_196028_20240728_20240801_02_T1_ST,Landsat Collection 2 Level-2 Surface Temperature Product Product,2024-07-28T10:22:42.569860Z,LANDSAT_8,15.02,15.02,141.99131324,58.13599636,18
LC09_L2SP_197028_20240727_20240728_02_T1_ST,Landsat Collection 2 Level-2 Surface Temperature Product Product,2024-07-27T10:28:41.998279Z,LANDSAT_9,46.32,46.32,141.71645845,58.32184475,18
LC09_L2SP_196029_20240720_20240721_02_T1_ST,Landsat Collection 2 Level-2 Surface Temperature Product Product,2024-07-20T10:22:56.233848Z,LANDSAT_9,0.41,0.41,138.10876737,60.5216961,18
LC09_L2SP_196028_20240720_20240721_02_T1_ST,Landsat Collection 2 Level-2 Surface Temperature Product Product,2024-07-20T10:22:32.347068Z,LANDSAT_9,3.13,3.13,140.40521818,59.63641034,18
LC08_L2SP_197028_20240719_20240723_02_T1_ST,Landsat Collection 2 Level-2 Surface Temperature Product Product,2024-07-19T10:28:49.793013Z,LANDSAT_8,64.25,64.25,140.31676264,59.82552745,18
LC08_L2SP_196029_20240712_20240719_02_T1_ST,Landsat Collection 2 Level-2 Surface Temperature Product Product,2024-07-12T10:22:53.432974Z,LANDSAT_8,74.61,74.61,137.00115915,61.76713037,18
LC08_L2SP_196028_20240712_20240719_02_T1_ST,Landsat Collection 2 Level-2 Surface Temperature Product Product,2024-07-12T10:22:29.546169Z,LANDSAT_8,70.92,70.92,139.4321007,60.90290585,18
LC09_L2SP_197028_20240711_20240712_02_T1_ST,Landsat Collection 2 Level-2 Surface Temperature Product Product,2024-07-11T10:28:39.674832Z,LANDSAT_9,45.57,45.57,139.26358245,61.01771361,18
LC09_L2SP_196029_20240704_20240705_02_T1_ST,Landsat Collection 2 Level-2 Surface Temperature Product Product,2024-07-04T10:22:44.629549Z,LANDSAT_9,9.7,9.7,136.32892776,62.68549114,18
LC09_L2SP_196028_20240704_20240705_02_T1_ST,Landsat Collection 2 Level-2 Surface Temperature Product Product,2024-07-04T10:22:20.742769Z,LANDSAT_9,49.66,49.66,138.86167049,61.83379976,18
LC08_L2SP_197028_20240703_20240711_02_T2_ST,Landsat Collection 2 Level-2 Surface Temperature Product Product,2024-07-03T10:28:34.046955Z,LANDSAT_8,94.82,94.82,138.92245252,61.95210064,18
LC08_L2SP_196029_20240626_20240709_02_T1_ST,Landsat Collection 2 Level-2 Surface Temperature Product Product,2024-06-26T10:22:45.684562Z,LANDSAT_8,41.53,41.53,136.4307899,63.33200094,18
LC08_L2SP_196028_20240626_20240709_02_T1_ST,Landsat Collection 2 Level-2 Surface Temperature Product Product,2024-06-26T10:22:21.797758Z,LANDSAT_8,47.31,47.31,139.02258892,62.47783049,18
LC09_L2SP_197028_20240625_20240626_02_T1_ST,Landsat Collection 2 Level-2 Surface Temperature Product Product,2024-06-25T10:28:18.883028Z,LANDSAT_9,7.59,7.59,138.91943219,62.49072713,18
LC09_L2SP_196029_20240618_20240619_02_T1_ST,Landsat Collection 2 Level-2 Surface Temperature Product Product,2024-06-18T10:22:38.197943Z,LANDSAT_9,61.46,61.46,136.95407695,63.58042163,18
LC09_L2SP_196028_20240618_20240619_02_T1_ST,Landsat Collection 2 Level-2 Surface Temperature Product Product,2024-06-18T10:22:14.319636Z,LANDSAT_9,38.37,38.37,139.54976446,62.71431726,18
LC08_L2SP_197028_20240617_20240705_02_T1_ST,Landsat Collection 2 Level-2 Surface Temperature Product Product,2024-06-17T10:28:25.844893Z,LANDSAT_8,63.66,63.66,139.75439927,62.74390762,18
LC08_L2SP_196029_20240610_20240628_02_T1_ST,Landsat Collection 2 Level-2 Surface Temperature Product Product,2024-06-10T10:22:33.988588Z,LANDSAT_8,46.18,46.18,138.1701042,63.49766418,18
LC08_L2SP_196028_20240610_20240628_02_T1_ST,Landsat Collection 2 Level-2 Surface Temperature Product Product,2024-06-10T10:22:10.101783Z,LANDSAT_8,52.28,52.28,140.72509212,62.60856076,18
LC09_L2SP_197028_20240609_20240612_02_T2_ST,Landsat Collection 2 Level-2 Surface Temperature Product Product,2024-06-09T10:28:35.740741Z,LANDSAT_9,99.91,99.91,140.87053742,62.56025468,18
LC09_L2SP_196029_20240602_20240603_02_T1_ST,Landsat Collection 2 Level-2 Surface Temperature Product Product,2024-06-02T10:22:51.315033Z,LANDSAT_9,85.03,85.03,139.72992621,62.99794966,18
LC09_L2SP_196028_20240602_20240603_02_T1_ST,Landsat Collection 2 Level-2 Surface Temperature Product Product,2024-06-02T10:22:27.432490Z,LANDSAT_9,100.0,100.0,142.18557875,62.07785267,18
LC08_L2SP_197028_20240601_20240611_02_T2_ST,Landsat Collection 2 Level-2 Surface Temperature Product Product,2024-06-01T10:28:19.376636Z,LANDSAT_8,92.97,92.97,142.3318922,61.96951152,18
LC08_L2SP_196029_20240525_20240610_02_T1_ST,Landsat Collection 2 Level-2 Surface Temperature Product Product,2024-05-25T10:22:32.366575Z,LANDSAT_8,20.11,20.11,141.35906536,62.04128358,18
LC08_L2SP_196028_20240525_20240610_02_T1_ST,Landsat Collection 2 Level-2 Surface Temperature Product Product,2024-05-25T10:22:08.492479Z,LANDSAT_8,28.02,28.02,143.68040243,61.09124832,18
LC09_L2SP_197028_20240524_20240525_02_T1_ST,Landsat Collection 2 Level-2 Surface Temperature Product Product,2024-05-24T10:28:41.774956Z,LANDSAT_9,56.68,56.68,144.03749727,60.97818017,18
LC09_L2SP_196029_20240517_20240518_02_T1_ST,Landsat Collection 2 Level-2 Surface Temperature Product Product,2024-05-17T10:22:57.230451Z,LANDSAT_9,14.17,14.17,143.32617693,60.74252908,18
LC09_L2SP_196028_20240517_20240518_02_T1_ST,Landsat Collection 2 Level-2 Surface Temperature Product Product,2024-05-17T10:22:33.347909Z,LANDSAT_9,27.55,27.55,145.48537297,59.75650425,18
LC08_L2SP_197028_20240516_20240521_02_T1_ST,Landsat Collection 2 Level-2 Surface Temperature Product Product,2024-05-16T10:28:23.181661Z,LANDSAT_8,95.01,95.01,145.54804552,59.52565819,18
LC08_L2SP_196029_20240509_20240514_02_T1_ST,Landsat Collection 2 Level-2 Surface Temperature Product Product,2024-05-09T10:22:45.643333Z,LANDSAT_8,19.46,19.46,144.92415772,58.97338339,18
LC08_L2SP_196028_20240509_20240514_02_T1_ST,Landsat Collection 2 Level-2 Surface Temperature Product Product,2024-05-09T10:22:21.756529Z,LANDSAT_8,25.74,25.74,146.9134759,57.95943934,18
LC09_L2SP_197028_20240508_20240511_02_T1_ST,Landsat Collection 2 Level-2 Surface Temperature Product Product,2024-05-08T10:28:52.489880Z,LANDSAT_9,42.28,42.28,147.2262538,57.74333016,18
LC09_L2SP_196029_20240501_20240502_02_T2_ST,Landsat Collection 2 Level-2 Surface Temperature Product Product,2024-05-01T10:23:05.468003Z,LANDSAT_9,97.53,97.53,146.60939145,56.90226464,18
LC09_L2SP_196028_20240501_20240502_02_T1_ST,Landsat Collection 2 Level-2 Surface Temperature Product Product,2024-05-01T10:22:41.581224Z,LANDSAT_9,93.92,93.92,148.42478819,55.85976663,18
LC08_L2SP_197028_20240430_20240511_02_T1_ST,Landsat Collection 2 Level-2 Surface Temperature Product Product,2024-04-30T10:28:37.568877Z,LANDSAT_8,92.74,92.74,148.46322121,55.54413464,18
LC08_L2SP_196029_20240423_20240430_02_T1_ST,Landsat Collection 2 Level-2 Surface Temperature Product Product,2024-04-23T10:22:56.782706Z,LANDSAT_8,64.02,64.02,147.83201909,54.45042144,18
LC08_L2SP_196028_20240423_20240430_02_T1_ST,Landsat Collection 2 Level-2 Surface Temperature Product Product,2024-04-23T10:22:32.895902Z,LANDSAT_8,76.46,76.46,149.48574881,53.38805579,18
LC09_L2SP_197028_20240422_20240424_02_T2_ST,Landsat Collection 2 Level-2 Surface Temperature Product Product,2024-04-22T10:28:56.640144Z,LANDSAT_9,90.59,90.59,149.72641951,53.08949318,18
LC09_L2SP_196029_20240415_20240416_02_T1_ST,Landsat Collection 2 Level-2 Surface Temperature Product Product,2024-04-15T10:23:22.165190Z,LANDSAT_9,79.59,79.59,149.06760801,51.78448849,18
LC09_L2SP_196028_20240415_20240416_02_T1_ST,Landsat Collection 2 Level-2 Surface Temperature Product Product,2024-04-15T10:22:58.282648Z,LANDSAT_9,70.76,70.76,150.56863281,50.70253343,18
LC08_L2SP_197028_20240414_20240423_02_T1_ST,Landsat Collection 2 Level-2 Surface Temperature Product Product,2024-04-14T10:28:48.801754Z,LANDSAT_8,0.58,0.58,150.57977026,50.32616593,18
LC08_L2SP_196029_20240407_20240412_02_T1_ST,Landsat Collection 2 Level-2 Surface Temperature Product Product,2024-04-07T10:23:05.381014Z,LANDSAT_8,100.0,100.0,149.93121181,48.85736109,18
LC08_L2SP_196028_20240407_20240412_02_T1_ST,Landsat Collection 2 Level-2 Surface Temperature Product Product,2024-04-07T10:22:41.502682Z,LANDSAT_8,85.03,85.03,151.29640666,47.76230583,18
LC09_L2SP_197028_20240406_20240407_02_T1_ST,Landsat Collection 2 Level-2 Surface Temperature Product Product,2024-04-06T10:29:15.552924Z,LANDSAT_9,47.33,47.33,151.47891508,47.40881391,18
LC09_L2SP_196029_20240330_20240403_02_T1_ST,Landsat Collection 2 Level-2 Surface Temperature Product Product,2024-03-30T10:23:29.797465Z,LANDSAT_9,83.18,83.18,150.83880535,45.82494949,18
LC09_L2SP_196028_20240330_20240403_02_T2_ST,Landsat Collection 2 Level-2 Surface Temperature Product Product,2024-03-30T10:23:05.910684Z,LANDSAT_9,100.0,100.0,152.07994307,44.71551469,18
LC08_L2SP_197028_20240329_20240410_02_T2_ST,Landsat Collection 2 Level-2 Surface Temperature Product Product,2024-03-29T10:28:52.102685Z,LANDSAT_8,100.0,100.0,152.0800903,44.30681231,18
LC08_L2SP_196029_20240322_20240403_02_T1_ST,Landsat Collection 2 Level-2 Surface Temperature Product Product,2024-03-22T10:23:12.753567Z,LANDSAT_8,13.45,13.45,151.49719105,42.66236681,18
LC08_L2SP_196028_20240322_20240403_02_T1_ST,Landsat Collection 2 Level-2 Surface Temperature Product Product,2024-03-22T10:22:48.879472Z,LANDSAT_8,13.21,13.21,152.62843868,41.54371732,18
LC09_L2SP_197028_20240321_20240322_02_T1_ST,Landsat Collection 2 Level-2 Surface Temperature Product Product,2024-03-21T10:29:24.446789Z,LANDSAT_9,8.04,8.04,152.77598644,41.16643427,18
LC09_L2SP_196029_20240314_20240316_02_T1_ST,Landsat Collection 2 Level-2 Surface Temperature Product Product,2024-03-14T10:23:38.602005Z,LANDSAT_9,10.75,10.75,152.26560913,39.51249282,18
LC09_L2SP_196028_20240314_20240316_02_T1_ST,Landsat Collection 2 Level-2 Surface Temperature Product Product,2024-03-14T10:23:14.723696Z,LANDSAT_9,4.82,4.82,153.29713792,38.38222558,18
LC08_L2SP_197028_20240313_20240401_02_T1_ST,Landsat Collection 2 Level-2 Surface Temperature Product Product,2024-03-13T10:29:06.549192Z,LANDSAT_8,59.71,59.71,153.30805018,37.97093791,18
LC08_L2SP_196029_20240306_20240315_02_T1_ST,Landsat Collection 2 Level-2 Surface Temperature Product Product,2024-03-06T10:23:21.507877Z,LANDSAT_8,31.49,31.49,152.91472623,36.36609003,18
LC08_L2SP_196028_20240306_20240315_02_T1_ST,Landsat Collection 2 Level-2 Surface Temperature Product Product,2024-03-06T10:22:57.629545Z,LANDSAT_8,83.49,83.49,153.8587503,35.22637943,18
LC09_L2SP_197028_20240305_20240308_02_T2_ST,Landsat Collection 2 Level-2 Surface Temperature Product Product,2024-03-05T10:29:27.160387Z,LANDSAT_9,96.96,96.96,153.99667841,34.85691184,18
LC09_L2SP_196029_20240227_20240228_02_T1_ST,Landsat Collection 2 Level-2 Surface Temperature Product Product,2024-02-27T10:23:37.041871Z,LANDSAT_9,92.47,92.47,153.71462068,33.35594889,18
LC09_L2SP_196028_20240227_20240228_02_T1_ST,Landsat Collection 2 Level-2 Surface Temperature Product Product,2024-02-27T10:23:13.163563Z,LANDSAT_9,96.62,96.62,154.57938732,32.20440187,18
LC08_L2SP_197028_20240226_20240313_02_T1_ST,Landsat Collection 2 Level-2 Surface Temperature Product Product,2024-02-26T10:29:17.371925Z,LANDSAT_8,63.98,63.98,154.61496361,31.8227591,18
LC08_L2SP_196029_20240219_20240228_02_T1_ST,Landsat Collection 2 Level-2 Surface Temperature Product Product,2024-02-19T10:23:33.114026Z,LANDSAT_8,25.95,25.95,154.47268044,30.4849495,18
LC08_L2SP_196028_20240219_20240228_02_T1_ST,Landsat Collection 2 Level-2 Surface Temperature Product Product,2024-02-19T10:23:09.227222Z,LANDSAT_8,58.24,58.24,155.26869255,29.32210878,18
LC09_L2SP_197028_20240218_20240219_02_T1_ST,Landsat Collection 2 Level-2 Surface Temperature Product Product,2024-02-18T10:29:26.973040Z,LANDSAT_9,100.0,100.0,155.41284956,28.99256451,18
LC09_L2SP_196029_20240211_20240213_02_T1_ST,Landsat Collection 2 Level-2 Surface Temperature Product Product,2024-02-11T10:23:46.796567Z,LANDSAT_9,55.82,55.82,155.40634757,27.87070949,18
LC09_L2SP_196028_20240211_20240213_02_T1_ST,Landsat Collection 2 Level-2 Surface Temperature Product Product,2024-02-11T10:23:22.914023Z,LANDSAT_9,87.1,87.1,156.1410135,26.69445812,18
LC08_L2SP_197028_20240210_20240213_02_T2_ST,Landsat Collection 2 Level-2 Surface Temperature Product Product,2024-02-10T10:29:22.192246Z,LANDSAT_8,100.0,100.0,156.21009833,26.37368528,18
LC08_L2SP_196029_20240203_20240208_02_T1_ST,Landsat Collection 2 Level-2 Surface Temperature Product Product,2024-02-03T10:23:34.156315Z,LANDSAT_8,5.27,5.27,156.33984524,25.52423843,18
LC08_L2SP_196028_20240203_20240208_02_T1_ST,Landsat Collection 2 Level-2 Surface Temperature Product Product,2024-02-03T10:23:10.273747Z,LANDSAT_8,33.35,33.35,157.02281246,24.33486566,18
LC09_L2SP_197028_20240202_20240205_02_T1_ST,Landsat Collection 2 Level-2 Surface Temperature Product Product,2024-02-02T10:29:34.317479Z,LANDSAT_9,64.05,64.05,157.17960092,24.07519329,18
LC09_L2SP_196029_20240126_20240127_02_T1_ST,Landsat Collection 2 Level-2 Surface Temperature Product Product,2024-01-26T10:23:43.394405Z,LANDSAT_9,52.21,52.21,157.41810948,23.54652584,18
LC09_L2SP_196028_20240126_20240127_02_T1_ST,Landsat Collection 2 Level-2 Surface Temperature Product Product,2024-01-26T10:23:19.507625Z,LANDSAT_9,83.08,83.08,158.05727039,22.34184238,18
LC08_L2SP_197028_20240125_20240130_02_T1_ST,Landsat Collection 2 Level-2 Surface Temperature Product Product,2024-01-25T10:29:17.012388Z,LANDSAT_8,41.74,41.74,158.15414826,22.11070026,18
LC08_L2SP_196029_20240118_20240124_02_T1_ST,Landsat Collection 2 Level-2 Surface Temperature Product Product,2024-01-18T10:23:35.783833Z,LANDSAT_8,98.03,98.03,158.48174778,21.94516515,18
LC08_L2SP_196028_20240118_20240124_02_T2_ST,Landsat Collection 2 Level-2 Surface Temperature Product Product,2024-01-18T10:23:11.892792Z,LANDSAT_8,99.92,99.92,159.08604283,20.72570749,18
LC09_L2SP_197028_20240117_20240130_02_T2_ST,Landsat Collection 2 Level-2 Surface Temperature Product Product,2024-01-17T10:29:32.567636Z,LANDSAT_9,99.99,99.99,159.24930835,20.56274019,18
LC09_L2SP_196029_20240110_20240113_02_T2_ST,Landsat Collection 2 Level-2 Surface Temperature Product Product,2024-01-10T10:23:45.092844Z,LANDSAT_9,99.97,99.97,159.6342634,20.79496522,18
LC09_L2SP_196028_20240110_20240113_02_T2_ST,Landsat Collection 2 Level-2 Surface Temperature Product Product,2024-01-10T10:23:21.201828Z,LANDSAT_9,99.97,99.97,160.21138715,19.56013906,18
LC08_L2SP_197028_20240109_20240122_02_T2_ST,Landsat Collection 2 Level-2 Surface Temperature Product Product,2024-01-09T10:29:22.612769Z,LANDSAT_8,93.07,93.07,160.32366882,19.44013963,18
LC08_L2SP_196029_20240102_20240113_02_T1_ST,Landsat Collection 2 Level-2 Surface Temperature Product Product,2024-01-02T10:23:35.580300Z,LANDSAT_8,99.99,99.99,160.71522599,20.09355603,18
LC08_L2SP_196028_20240102_20240114_02_T2_ST,Landsat Collection 2 Level-2 Surface Temperature Product Product,2024-01-02T10:23:11.697732Z,LANDSAT_8,100.0,100.0,161.27341765,18.84514332,18
LC09_L2SP_197028_20240101_20240105_02_T1_ST,Landsat Collection 2 Level-2 Surface Temperature Product Product,2024-01-01T10:29:33.139307Z,LANDSAT_9,85.87,85.87,161.42716414,18.79499953,18
LC09_L2SP_196029_20231225_20231226_02_T1_ST,Landsat Collection 2 Level-2 Surface Temperature Product Product,2023-12-25T10:23:49.709856Z,LANDSAT_9,0.85,0.85,161.77791057,19.88023765,18
LC09_L2SP_196028_20231225_20231226_02_T1_ST,Landsat Collection 2 Level-2 Surface Temperature Product Product,2023-12-25T10:23:25.823076Z,LANDSAT_9,4.23,4.23,162.32499849,18.61819003,18
LC08_L2SP_197028_20231224_20240104_02_T1_ST,Landsat Collection 2 Level-2 Surface Temperature Product Product,2023-12-24T10:29:28.767910Z,LANDSAT_8,10.53,10.53,162.4285472,18.61902902,18
LC08_L2SP_196029_20231217_20240103_02_T1_ST,Landsat Collection 2 Level-2 Surface Temperature Product Product,2023-12-17T10:23:41.541330Z,LANDSAT_8,0.58,0.58,162.68878124,20.13465549,18
LC08_L2SP_196028_20231217_20240103_02_T1_ST,Landsat Collection 2 Level-2 Surface Temperature Product Product,2023-12-17T10:23:17.654526Z,LANDSAT_8,28.55,28.55,163.23222039,18.86140405,18
LC09_L2SP_197028_20231216_20231217_02_T1_ST,Landsat Collection 2 Level-2 Surface Temperature Product Product,2023-12-16T10:29:35.312544Z,LANDSAT_9,62.13,62.13,163.35347495,18.92841648,18
LC09_L2SP_196029_20231209_20231210_02_T2_ST,Landsat Collection 2 Level-2 Surface Temperature Product Product,2023-12-09T10:23:43.593832Z,LANDSAT_9,99.99,99.99,163.47695152,20.86104462,18
LC09_L2SP_196028_20231209_20231210_02_T2_ST,Landsat Collection 2 Level-2 Surface Temperature Product Product,2023-12-09T10:23:19.711288Z,LANDSAT_9,80.29,80.29,164.02367872,19.57857197,18
LC08_L2SP_197028_20231208_20231214_02_T2_ST,Landsat Collection 2 Level-2 Surface Temperature Product Product,2023-12-08T10:29:22.381318Z,LANDSAT_8,100.0,100.0,164.09484663,19.69635158,18
LC08_L2SP_196029_20231201_20231209_02_T2_ST,Landsat Collection 2 Level-2 Surface Temperature Product Product,2023-12-01T10:23:40.806401Z,LANDSAT_8,99.98,99.98,164.02593722,22.01735536,18
LC08_L2SP_196028_20231201_20231209_02_T2_ST,Landsat Collection 2 Level-2 Surface Temperature Product Product,2023-12-01T10:23:16.928068Z,LANDSAT_8,100.0,100.0,164.58346086,20.72854853,18
LC09_L2SP_197028_20231130_20231201_02_T2_ST,Landsat Collection 2 Level-2 Surface Temperature Product Product,2023-11-30T10:29:34.449574Z,LANDSAT_9,99.96,99.96,164.64742789,20.90259673,18
LC09_L2SP_196029_20231123_20231128_02_T1_ST,Landsat Collection 2 Level-2 Surface Temperature Product Product,2023-11-23T10:23:46.373698Z,LANDSAT_9,16.76,16.76,164.34463612,23.57461632,18
LC09_L2SP_196028_20231123_20231128_02_T1_ST,Landsat Collection 2 Level-2 Surface Temperature Product Product,2023-11-23T10:23:22.486918Z,LANDSAT_9,23.16,23.16,164.92030606,22.28164467,18
LC08_L2SP_197028_20231122_20231128_02_T1_ST,Landsat Collection 2 Level-2 Surface Temperature Product Product,2023-11-22T10:29:30.949541Z,LANDSAT_8,66.79,66.79,164.93654543,22.49950627,18
LC08_L2SP_196029_20231115_20231122_02_T1_ST,Landsat Collection 2 Level-2 Surface Temperature Product Product,2023-11-15T10:23:40.868580Z,LANDSAT_8,16.72,16.72,164.37231634,25.48103145,18
LC08_L2SP_196028_20231115_20231122_02_T1_ST,Landsat Collection 2 Level-2 Surface Temperature Product Product,2023-11-15T10:23:16.981776Z,LANDSAT_8,50.9,50.9,164.97388919,24.18755708,18
LC09_L2SP_197028_20231114_20231116_02_T2_ST,Landsat Collection 2 Level-2 Surface Temperature Product Product,2023-11-14T10:29:26.321833Z,LANDSAT_9,96.31,96.31,164.96382114,24.44736875,18
LC09_L2SP_196029_20231107_20231108_02_T1_ST,Landsat Collection 2 Level-2 Surface Temperature Product Product,2023-11-07T10:23:39.271559Z,LANDSAT_9,25.76,25.76,164.10134994,27.68576886,18
LC09_L2SP_196028_20231107_20231108_02_T1_ST,Landsat Collection 2 Level-2 Surface Temperature Product Product,2023-11-07T10:23:15.389016Z,LANDSAT_9,75.78,75.78,164.73717575,26.39552029,18
LC08_L2SP_197028_20231106_20231110_02_T1_ST,Landsat Collection 2 Level-2 Surface Temperature Product Product,2023-11-06T10:29:26.725235Z,LANDSAT_8,86.95,86.95,164.6869264,26.68838411,18
LC08_L2SP_196029_20231030_20231109_02_T2_ST,Landsat Collection 2 Level-2 Surface Temperature Product Product,2023-10-30T10:23:42.210412Z,LANDSAT_8,100.0,100.0,163.50973828,30.12907906,18
LC08_L2SP_196028_20231030_20231109_02_T2_ST,Landsat Collection 2 Level-2 Surface Temperature Product Product,2023-10-30T10:23:18.323607Z,LANDSAT_8,100.0,100.0,164.1895349,28.84531886,18
LC09_L2SP_197028_20231029_20231030_02_T1_ST,Landsat Collection 2 Level-2 Surface Temperature Product Product,2023-10-29T10:29:27.319563Z,LANDSAT_9,87.95,87.95,164.09394972,29.16344369,18
LC09_L2SP_196029_20231022_20231024_02_T1_ST,Landsat Collection 2 Level-2 Surface Temperature Product Product,2023-10-22T10:23:43.878819Z,LANDSAT_9,41.77,41.77,162.57994058,32.74961699,18
LC09_L2SP_196028_20231022_20231024_02_T1_ST,Landsat Collection 2 Level-2 Surface Temperature Product Product,2023-10-22T10:23:19.987805Z,LANDSAT_9,22.55,22.55,163.31420157,31.47638223,18
LE07_L2SP_196029_20231022_20231117_02_T1_ST,Landsat Collection 2 Level-2 Surface Temperature Product Product,2023-10-22T08:01:38.628151Z,LANDSAT_7,14.0,14.0,127.03409333,17.97037388,18
LE07_L2SP_196028_20231022_20231117_02_T1_ST,Landsat Collection 2 Level-2 Surface Temperature Product Product,2023-10-22T08:01:14.795802Z,LANDSAT_7,5.0,5.0,127.7343894,17.3306709,18
LC08_L2SP_197028_20231021_20231031_02_T1_ST,Landsat Collection 2 Level-2 Surface Temperature Product Product,2023-10-21T10:29:25.346841Z,LANDSAT_8,31.83,31.83,163.19379387,31.81604045,18
LC08_L2SP_196029_20231014_20231102_02_T1_ST,Landsat Collection 2 Level-2 Surface Temperature Product Product,2023-10-14T10:23:39.142355Z,LANDSAT_8,85.59,85.59,161.35241051,35.49899771,18
LC08_L2SP_196028_20231014_20231102_02_T1_ST,Landsat Collection 2 Level-2 Surface Temperature Product Product,2023-10-14T10:23:15.255551Z,LANDSAT_8,88.23,88.23,162.15376248,34.24086596,18
LC09_L2SP_197028_20231013_20231014_02_T1_ST,Landsat Collection 2 Level-2 Surface Temperature Product Product,2023-10-13T10:29:28.754064Z,LANDSAT_9,0.48,0.48,161.97316969,34.58836965,18
LC09_L2SP_196029_20231006_20231007_02_T1_ST,Landsat Collection 2 Level-2 Surface Temperature Product Product,2023-10-06T10:23:36.252136Z,LANDSAT_9,0.11,0.11,159.78387517,38.30917424,18
LC09_L2SP_196028_20231006_20231007_02_T1_ST,Landsat Collection 2 Level-2 Surface Temperature Product Product,2023-10-06T10:23:12.361120Z,LANDSAT_9,2.44,2.44,160.66584617,37.07068574,18
LC08_L2SP_197028_20231005_20231011_02_T1_ST,Landsat Collection 2 Level-2 Surface Temperature Product Product,2023-10-05T10:29:22.635511Z,LANDSAT_8,3.04,3.04,160.48093211,37.42890917,18
LE07_L2SP_197028_20231005_20231031_02_T1_ST,Landsat Collection 2 Level-2 Surface Temperature Product Product,2023-10-05T08:10:55.850650Z,LANDSAT_7,4.0,4.0,123.48879662,22.25206344,18
LE07_L2SP_197028_20230930_20231026_02_T1_ST,Landsat Collection 2 Level-2 Surface Temperature Product Product,2023-09-30T08:07:52.074400Z,LANDSAT_7,54.0,54.0,122.04725611,23.67818411,18
LC08_L2SP_196029_20230928_20231003_02_T1_ST,Landsat Collection 2 Level-2 Surface Temperature Product Product,2023-09-28T10:23:36.244990Z,LANDSAT_8,46.31,46.31,157.96337898,41.13846183,18
LC08_L2SP_196028_20230928_20231003_02_T1_ST,Landsat Collection 2 Level-2 Surface Temperature Product Product,2023-09-28T10:23:12.362422Z,LANDSAT_8,39.23,39.23,158.94018728,39.92440825,18
LC09_L2SP_197028_20230927_20230929_02_T1_ST,Landsat Collection 2 Level-2 Surface Temperature Product Product,2023-09-27T10:29:15.697295Z,LANDSAT_9,36.43,36.43,158.68190242,40.27312218,18
LE07_L2SP_196029_20230925_20231021_02_T1_ST,Landsat Collection 2 Level-2 Surface Temperature Product Product,2023-09-25T08:05:09.600211Z,LANDSAT_7,0.0,0.0,119.59960882,25.54829948,18
LE07_L2SP_196028_20230925_20231021_02_T1_ST,Landsat Collection 2 Level-2 Surface Temperature Product Product,2023-09-25T08:04:45.769497Z,LANDSAT_7,2.0,2.0,120.53607039,25.08016161,18
LC09_L2SP_196029_20230920_20230922_02_T1_ST,Landsat Collection 2 Level-2 Surface Temperature Product Product,2023-09-20T10:23:33.485193Z,LANDSAT_9,68.09,68.09,155.83727098,43.92461067,18
LC09_L2SP_196028_20230920_20230922_02_T1_ST,Landsat Collection 2 Level-2 Surface Temperature Product Product,2023-09-20T10:23:09.606886Z,LANDSAT_9,27.37,27.37,156.92488333,42.74017551,18
LC08_L2SP_197028_20230919_20230926_02_T1_ST,Landsat Collection 2 Level-2 Surface Temperature Product Product,2023-09-19T10:29:20.343738Z,LANDSAT_8,37.74,37.74,156.69221252,43.09299965,18
LC08_L2SP_196029_20230912_20230918_02_T1_ST,Landsat Collection 2 Level-2 Surface Temperature Product Product,2023-09-12T10:23:31.195111Z,LANDSAT_8,21.88,21.88,153.56121388,46.65016593,18
LC08_L2SP_196028_20230912_20230918_02_T1_ST,Landsat Collection 2 Level-2 Surface Temperature Product Product,2023-09-12T10:23:07.308306Z,LANDSAT_8,19.83,19.83,154.77588628,45.49873788,18
LC09_L2SP_197028_20230911_20230913_02_T1_ST,Landsat Collection 2 Level-2 Surface Temperature Product Product,2023-09-11T10:29:19.563997Z,LANDSAT_9,23.21,23.21,154.45858085,45.8265608,18
LE07_L2SP_197028_20230908_20231004_02_T1_ST,Landsat Collection 2 Level-2 Surface Temperature Product Product,2023-09-08T08:13:38.586400Z,LANDSAT_7,0.0,0.0,115.12648878,29.63122021,18
LC09_L2SP_196029_20230904_20230906_02_T1_ST,Landsat Collection 2 Level-2 Surface Temperature Product Product,2023-09-04T10:23:27.604888Z,LANDSAT_9,2.24,2.24,151.05482466,49.24414383,18
LC09_L2SP_196028_20230904_20230906_02_T1_ST,Landsat Collection 2 Level-2 Surface Temperature Product Product,2023-09-04T10:23:03.713872Z,LANDSAT_9,8.39,8.39,152.41215494,48.13089146,18
LC08_L2SP_197028_20230903_20230912_02_T1_ST,Landsat Collection 2 Level-2 Surface Temperature Product Product,2023-09-03T10:29:14.988452Z,LANDSAT_8,4.2,4.2,152.15627871,48.45953232,18
LE07_L2SP_197028_20230903_20230929_02_T1_ST,Landsat Collection 2 Level-2 Surface Temperature Product Product,2023-09-03T08:10:22.954590Z,LANDSAT_7,19.0,19.0,113.51385204,30.88881537,18
LE07_L2SP_196029_20230829_20230924_02_T1_ST,Landsat Collection 2 Level-2 Surface Temperature Product Product,2023-08-29T08:07:29.514106Z,LANDSAT_7,50.0,50.0,110.74008539,32.36247742,18
LE07_L2SP_196028_20230829_20230924_02_T1_ST,Landsat Collection 2 Level-2 Surface Temperature Product Product,2023-08-29T08:07:05.682469Z,LANDSAT_7,61.0,61.0,111.9270721,32.10791337,18
LC08_L2SP_196029_20230827_20230905_02_T1_ST,Landsat Collection 2 Level-2 Surface Temperature Product Product,2023-08-27T10:23:29.147998Z,LANDSAT_8,99.99,99.99,148.54016355,51.70988186,18
LC08_L2SP_196028_20230827_20230905_02_T2_ST,Landsat Collection 2 Level-2 Surface Temperature Product Product,2023-08-27T10:23:05.265430Z,LANDSAT_8,99.99,99.99,150.05276377,50.63781835,18
LC09_L2SP_197028_20230826_20230828_02_T1_ST,Landsat Collection 2 Level-2 Surface Temperature Product Product,2023-08-26T10:29:09.803516Z,LANDSAT_9,92.8,92.8,149.70554872,50.92605767,18
LC09_L2SP_196029_20230819_20230821_02_T1_ST,Landsat Collection 2 Level-2 Surface Temperature Product Product,2023-08-19T10:23:16.526956Z,LANDSAT_9,1.04,1.04,145.93053807,53.98341046,18
LC09_L2SP_196028_20230819_20230821_02_T1_ST,Landsat Collection 2 Level-2 Surface Temperature Product Product,2023-08-19T10:22:52.635941Z,LANDSAT_9,2.16,2.16,147.61102945,52.95496987,18
LC08_L2SP_197028_20230818_20230825_02_T1_ST,Landsat Collection 2 Level-2 Surface Temperature Product Product,2023-08-18T10:29:13.293862Z,LANDSAT_8,20.12,20.12,147.37189634,53.24511935,18
LE07_L2SP_197028_20230812_20230907_02_T1_ST,Landsat Collection 2 Level-2 Surface Temperature Product Product,2023-08-12T08:15:27.219431Z,LANDSAT_7,71.0,71.0,106.94759615,35.93353474,18
LC08_L2SP_196029_20230811_20230818_02_T1_ST,Landsat Collection 2 Level-2 Surface Temperature Product Product,2023-08-11T10:23:20.596149Z,LANDSAT_8,0.25,0.25,143.52437355,56.09213268,18
LC08_L2SP_196028_20230811_20230818_02_T1_ST,Landsat Collection 2 Level-2 Surface Temperature Product Product,2023-08-11T10:22:56.709345Z,LANDSAT_8,0.59,0.59,145.37784802,55.10638327,18
LC09_L2SP_197028_20230810_20230812_02_T1_ST,Landsat Collection 2 Level-2 Surface Temperature Product Product,2023-08-10T10:29:02.376642Z,LANDSAT_9,95.02,95.02,145.04495823,55.34241691,18
LE07_L2SP_196028_20230807_20230902_02_T1_ST,Landsat Collection 2 Level-2 Surface Temperature Product Product,2023-08-07T08:12:02.784602Z,LANDSAT_7,15.0,15.0,105.67149843,36.95486757,18
LC09_L2SP_196029_20230803_20230805_02_T1_ST,Landsat Collection 2 Level-2 Surface Temperature Product Product,2023-08-03T10:23:12.840147Z,LANDSAT_9,20.76,20.76,141.19960771,57.95391666,18
LC09_L2SP_196028_20230803_20230805_02_T1_ST,Landsat Collection 2 Level-2 Surface Temperature Product Product,2023-08-03T10:22:48.957603Z,LANDSAT_9,51.13,51.13,143.22669696,57.01044693,18
LC08_L2SP_197028_20230802_20230811_02_T1_ST,Landsat Collection 2 Level-2 Surface Temperature Product Product,2023-08-02T10:29:06.967067Z,LANDSAT_8,38.73,38.73,143.05394563,57.25064766,18
LC08_L2SP_196029_20230726_20230805_02_T1_ST,Landsat Collection 2 Level-2 Surface Temperature Product Product,2023-07-26T10:23:16.213748Z,LANDSAT_8,14.47,14.47,139.3235491,59.62198796,18
LC08_L2SP_196028_20230726_20230805_02_T1_ST,Landsat Collection 2 Level-2 Surface Temperature Product Product,2023-07-26T10:22:52.326944Z,LANDSAT_8,78.23,78.23,141.51790046,58.71348831,18
LC09_L2SP_197028_20230725_20230802_02_T1_ST,Landsat Collection 2 Level-2 Surface Temperature Product Product,2023-07-25T10:28:51.111235Z,LANDSAT_9,80.59,80.59,141.25031107,58.88633633,18
LE07_L2SP_197028_20230721_20230817_02_T1_ST,Landsat Collection 2 Level-2 Surface Temperature Product Product,2023-07-21T08:19:58.307266Z,LANDSAT_7,55.0,55.0,102.30277297,40.03030944,18
LC09_L2SP_196029_20230718_20230720_02_T1_ST,Landsat Collection 2 Level-2 Surface Temperature Product Product,2023-07-18T10:23:05.458956Z,LANDSAT_9,34.0,34.0,137.74048339,61.00302572,18
LC09_L2SP_196028_20230718_20230720_02_T1_ST,Landsat Collection 2 Level-2 Surface Temperature Product Product,2023-07-18T10:22:41.572176Z,LANDSAT_9,34.84,34.84,140.08557123,60.12442566,18
LC08_L2SP_197028_20230717_20230725_02_T1_ST,Landsat Collection 2 Level-2 Surface Temperature Product Product,2023-07-17T10:28:58.314503Z,LANDSAT_8,10.66,10.66,140.03202189,60.3056282,18
LE07_L2SP_197028_20230716_20230811_02_T1_ST,Landsat Collection 2 Level-2 Surface Temperature Product Product,2023-07-16T08:16:25.953685Z,LANDSAT_7,75.0,75.0,101.64980099,40.80105566,18
LE07_L2SP_196029_20230711_20230806_02_T1_ST,Landsat Collection 2 Level-2 Surface Temperature Product Product,2023-07-11T08:13:15.635601Z,LANDSAT_7,0.0,0.0,99.60564558,41.48079142,18
LE07_L2SP_196028_20230711_20230806_02_T1_ST,Landsat Collection 2 Level-2 Surface Temperature Product Product,2023-07-11T08:12:51.800665Z,LANDSAT_7,0.0,0.0,101.17475486,41.50212543,18
LC08_L2SP_196029_20230710_20230718_02_T1_ST,Landsat Collection 2 Level-2 Surface Temperature Product Product,2023-07-10T10:23:10.641078Z,LANDSAT_8,2.54,2.54,136.847416,62.15971932,18
LC08_L2SP_196028_20230710_20230718_02_T1_ST,Landsat Collection 2 Level-2 Surface Temperature Product Product,2023-07-10T10:22:46.758510Z,LANDSAT_8,12.64,12.64,139.31713031,61.29832499,18
LC09_L2SP_197028_20230709_20230712_02_T1_ST,Landsat Collection 2 Level-2 Surface Temperature Product Product,2023-07-09T10:28:50.342443Z,LANDSAT_9,29.05,29.05,139.16054027,61.3966974,18
LC09_L2SP_196029_20230702_20230704_02_T1_ST,Landsat Collection 2 Level-2 Surface Temperature Product Product,2023-07-02T10:22:58.586223Z,LANDSAT_9,33.42,33.42,136.37066098,62.9669805,18
LC09_L2SP_196028_20230702_20230704_02_T1_ST,Landsat Collection 2 Level-2 Surface Temperature Product Product,2023-07-02T10:22:34.699443Z,LANDSAT_9,70.46,70.46,138.92850252,62.11414426,18
LC08_L2SP_197028_20230701_20230711_02_T2_ST,Landsat Collection 2 Level-2 Surface Temperature Product Product,2023-07-01T10:28:52.728399Z,LANDSAT_8,99.18,99.18,139.02672009,62.22142028,18
LC08_L2SP_196029_20230624_20230630_02_T1_ST,Landsat Collection 2 Level-2 Surface Temperature Product Product,2023-06-24T10:22:59.081823Z,LANDSAT_8,1.14,1.14,136.69768969,63.50154817,18
LC08_L2SP_196028_20230624_20230630_02_T1_ST,Landsat Collection 2 Level-2 Surface Temperature Product Product,2023-06-24T10:22:35.190783Z,LANDSAT_8,1.46,1.46,139.29842295,62.64153261,18
LE07_L2SP_197028_20230624_20230720_02_T1_ST,Landsat Collection 2 Level-2 Surface Temperature Product Product,2023-06-24T08:20:16.992040Z,LANDSAT_7,0.0,0.0,100.94499916,43.2353492,18
LC09_L2SP_197028_20230623_20230625_02_T1_ST,Landsat Collection 2 Level-2 Surface Temperature Product Product,2023-06-23T10:28:35.337407Z,LANDSAT_9,24.17,24.17,139.26812969,62.65167289,18
LE07_L2SP_196029_20230619_20230715_02_T1_ST,Landsat Collection 2 Level-2 Surface Temperature Product Product,2023-06-19T08:16:59.784669Z,LANDSAT_7,38.0,38.0,99.62696526,43.50489988,18
LE07_L2SP_196028_20230619_20230715_02_T1_ST,Landsat Collection 2 Level-2 Surface Temperature Product Product,2023-06-19T08:16:35.950918Z,LANDSAT_7,83.0,83.0,101.29052212,43.52458034,18
LC09_L2SP_196029_20230616_20230618_02_T1_ST,Landsat Collection 2 Level-2 Surface Temperature Product Product,2023-06-16T10:22:48.072239Z,LANDSAT_9,4.35,4.35,137.40557822,63.61990114,18
LC09_L2SP_196028_20230616_20230618_02_T1_ST,Landsat Collection 2 Level-2 Surface Temperature Product Product,2023-06-16T10:22:24.189696Z,LANDSAT_9,11.14,11.14,139.99506452,62.74575578,18
LC08_L2SP_197028_20230615_20230622_02_T1_ST,Landsat Collection 2 Level-2 Surface Temperature Product Product,2023-06-15T10:28:43.625636Z,LANDSAT_8,13.9,13.9,140.23743541,62.76254763,18
LC08_L2SP_196029_20230608_20230614_02_T1_ST,Landsat Collection 2 Level-2 Surface Temperature Product Product,2023-06-08T10:22:53.265565Z,LANDSAT_8,32.48,32.48,138.79666669,63.40477793,18
LC08_L2SP_196028_20230608_20230614_02_T1_ST,Landsat Collection 2 Level-2 Surface Temperature Product Product,2023-06-08T10:22:29.382997Z,LANDSAT_8,29.54,29.54,141.32278725,62.50353332,18
LC09_L2SP_197028_20230607_20230609_02_T1_ST,Landsat Collection 2 Level-2 Surface Temperature Product Product,2023-06-07T10:28:41.873976Z,LANDSAT_9,9.15,9.15,141.37038253,62.40987691,18
LE07_L2SP_197028_20230602_20230628_02_T1_ST,Landsat Collection 2 Level-2 Surface Temperature Product Product,2023-06-02T08:23:35.488921Z,LANDSAT_7,3.0,3.0,103.70233776,43.57733401,18
LC09_L2SP_196029_20230531_20230602_02_T1_ST,Landsat Collection 2 Level-2 Surface Temperature Product Product,2023-05-31T10:22:57.620347Z,LANDSAT_9,69.06,69.06,140.33105696,62.73045028,18
LC09_L2SP_196028_20230531_20230602_02_T1_ST,Landsat Collection 2 Level-2 Surface Temperature Product Product,2023-05-31T10:22:33.742040Z,LANDSAT_9,37.62,37.62,142.74314628,61.79893969,18
LC08_L2SP_197028_20230530_20230607_02_T1_ST,Landsat Collection 2 Level-2 Surface Temperature Product Product,2023-05-30T10:28:34.649757Z,LANDSAT_8,32.37,32.37,143.00535443,61.69898711,18
LE07_L2SP_196028_20230528_20230627_02_T1_ST,Landsat Collection 2 Level-2 Surface Temperature Product Product,2023-05-28T08:19:46.996149Z,LANDSAT_7,3.0,3.0,104.71004426,43.28776651,18
LC08_L2SP_196029_20230523_20230602_02_T1_ST,Landsat Collection 2 Level-2 Surface Temperature Product Product,2023-05-23T10:22:47.027211Z,LANDSAT_8,40.26,40.26,142.1394811,61.66624314,18
LC08_L2SP_196028_20230523_20230602_02_T1_ST,Landsat Collection 2 Level-2 Surface Temperature Product Product,2023-05-23T10:22:23.140407Z,LANDSAT_8,61.63,61.63,144.41032261,60.70243896,18
LC09_L2SP_197028_20230522_20230524_02_T1_ST,Landsat Collection 2 Level-2 Surface Temperature Product Product,2023-05-22T10:28:46.863584Z,LANDSAT_9,60.99,60.99,144.62217515,60.53741019,18
LC09_L2SP_196029_20230515_20230517_02_T1_ST,Landsat Collection 2 Level-2 Surface Temperature Product Product,2023-05-15T10:23:05.867417Z,LANDSAT_9,44.47,44.47,143.95938926,60.19185946,18
LC09_L2SP_196028_20230515_20230517_02_T1_ST,Landsat Collection 2 Level-2 Surface Temperature Product Product,2023-05-15T10:22:41.984872Z,LANDSAT_9,66.01,66.01,146.0596562,59.19463289,18
LC08_L2SP_197028_20230514_20230518_02_T1_ST,Landsat Collection 2 Level-2 Surface Temperature Product Product,2023-05-14T10:28:33.012660Z,LANDSAT_8,76.94,76.94,146.12603381,58.9492733,18
LE07_L2SP_197028_20230511_20230606_02_T2_ST,Landsat Collection 2 Level-2 Surface Temperature Product Product,2023-05-11T08:26:22.700256Z,LANDSAT_7,90.0,90.0,108.76992237,41.21198464,18
LC08_L2SP_196029_20230507_20230517_02_T1_ST,Landsat Collection 2 Level-2 Surface Temperature Product Product,2023-05-07T10:22:52.510947Z,LANDSAT_8,83.94,83.94,145.51215244,58.29487256,18
LC08_L2SP_196028_20230507_20230517_02_T2_ST,Landsat Collection 2 Level-2 Surface Temperature Product Product,2023-05-07T10:22:28.628379Z,LANDSAT_8,100.0,100.0,147.44068523,57.27097461,18
LC09_L2SP_197028_20230506_20230508_02_T1_ST,Landsat Collection 2 Level-2 Surface Temperature Product Product,2023-05-06T10:28:55.170100Z,LANDSAT_9,28.49,28.49,147.73368843,57.03702598,18
LE07_L2SP_196028_20230506_20230601_02_T1_ST,Landsat Collection 2 Level-2 Surface Temperature Product Product,2023-05-06T08:22:26.586695Z,LANDSAT_7,45.0,45.0,110.05875196,40.27932431,18
LC09_L2SP_196029_20230429_20230501_02_T1_ST,Landsat Collection 2 Level-2 Surface Temperature Product Product,2023-04-29T10:23:14.228879Z,LANDSAT_9,94.89,94.89,147.11060505,56.10529549,18
LC09_L2SP_196028_20230429_20230501_02_T1_ST,Landsat Collection 2 Level-2 Surface Temperature Product Product,2023-04-29T10:22:50.346337Z,LANDSAT_9,95.89,95.89,148.86791326,55.05468902,18
LC08_L2SP_197028_20230428_20230508_02_T1_ST,Landsat Collection 2 Level-2 Surface Temperature Product Product,2023-04-28T10:28:46.023330Z,LANDSAT_8,64.12,64.12,148.91080357,54.72925256,18
LC08_L2SP_196029_20230421_20230429_02_T1_ST,Landsat Collection 2 Level-2 Surface Temperature Product Product,2023-04-21T10:22:59.967896Z,LANDSAT_8,88.76,88.76,148.28174251,53.55880395,18
LC08_L2SP_196028_20230421_20230429_02_T1_ST,Landsat Collection 2 Level-2 Surface Temperature Product Product,2023-04-21T10:22:36.085328Z,LANDSAT_8,93.61,93.61,149.88078782,52.48926302,18
LC09_L2SP_197028_20230420_20230422_02_T1_ST,Landsat Collection 2 Level-2 Surface Temperature Product Product,2023-04-20T10:29:07.157606Z,LANDSAT_9,67.79,67.79,150.10010108,52.17654114,18
LE07_L2SP_197028_20230419_20230516_02_T1_ST,Landsat Collection 2 Level-2 Surface Temperature Product Product,2023-04-19T08:28:32.955367Z,LANDSAT_7,4.0,4.0,114.43570117,36.15241461,18
LE07_L2SP_196029_20230414_20230510_02_T1_ST,Landsat Collection 2 Level-2 Surface Temperature Product Product,2023-04-14T08:24:50.894640Z,LANDSAT_7,49.0,49.0,114.4164465,35.04328926,18
LE07_L2SP_196028_20230414_20230510_02_T1_ST,Landsat Collection 2 Level-2 Surface Temperature Product Product,2023-04-14T08:24:27.058936Z,LANDSAT_7,58.0,58.0,115.68868113,34.69960828,18
LC09_L2SP_196029_20230413_20230415_02_T1_ST,Landsat Collection 2 Level-2 Surface Temperature Product Product,2023-04-13T10:23:20.955438Z,LANDSAT_9,41.55,41.55,149.44589394,50.8101643,18
LC09_L2SP_196028_20230413_20230415_02_T1_ST,Landsat Collection 2 Level-2 Surface Temperature Product Product,2023-04-13T10:22:57.077130Z,LANDSAT_9,77.13,77.13,150.89724872,49.72238375,18
LC08_L2SP_197028_20230412_20230421_02_T2_ST,Landsat Collection 2 Level-2 Surface Temperature Product Product,2023-04-12T10:28:49.777756Z,LANDSAT_8,100.0,100.0,150.91766538,49.34139996,18
LC08_L2SP_196029_20230405_20230412_02_T1_ST,Landsat Collection 2 Level-2 Surface Temperature Product Product,2023-04-05T10:23:10.898062Z,LANDSAT_8,5.98,5.98,150.27049787,47.82911041,18
LC08_L2SP_196028_20230405_20230412_02_T1_ST,Landsat Collection 2 Level-2 Surface Temperature Product Product,2023-04-05T10:22:47.019730Z,LANDSAT_8,3.74,3.74,151.59096572,46.72869103,18
LC09_L2SP_197028_20230404_20230406_02_T1_ST,Landsat Collection 2 Level-2 Surface Temperature Product Product,2023-04-04T10:29:13.350553Z,LANDSAT_9,3.87,3.87,151.75121237,46.36583189,18
LC09_L2SP_196029_20230328_20230330_02_T1_ST,Landsat Collection 2 Level-2 Surface Temperature Product Product,2023-03-28T10:23:27.652545Z,LANDSAT_9,15.92,15.92,151.1258454,44.75562508,18
LC09_L2SP_196028_20230328_20230330_02_T1_ST,Landsat Collection 2 Level-2 Surface Temperature Product Product,2023-03-28T10:23:03.770002Z,LANDSAT_9,59.58,59.58,152.32696204,43.64208016,18
LE07_L2SP_197028_20230328_20230423_02_T1_ST,Landsat Collection 2 Level-2 Surface Temperature Product Product,2023-03-28T08:29:57.692193Z,LANDSAT_7,20.0,20.0,119.70030143,29.20352399,18
LC08_L2SP_197028_20230327_20230405_02_T2_ST,Landsat Collection 2 Level-2 Surface Temperature Product Product,2023-03-27T10:29:05.473910Z,LANDSAT_8,93.59,93.59,152.34251148,43.23457733,18
LE07_L2SP_196029_20230323_20230418_02_T1_ST,Landsat Collection 2 Level-2 Surface Temperature Product Product,2023-03-23T08:26:04.861154Z,LANDSAT_7,82.0,82.0,119.81265764,27.9620306,18
LE07_L2SP_196028_20230323_20230418_02_T2_ST,Landsat Collection 2 Level-2 Surface Temperature Product Product,2023-03-23T08:25:41.023803Z,LANDSAT_7,75.0,75.0,120.82348178,27.49049089,18
LC08_L2SP_196029_20230320_20230324_02_T1_ST,Landsat Collection 2 Level-2 Surface Temperature Product Product,2023-03-20T10:23:22.800341Z,LANDSAT_8,30.19,30.19,151.79279694,41.58187339,18
LC08_L2SP_196028_20230320_20230324_02_T1_ST,Landsat Collection 2 Level-2 Surface Temperature Product Product,2023-03-20T10:22:58.917773Z,LANDSAT_8,53.85,53.85,152.88820137,40.45836945,18
LC09_L2SP_197028_20230319_20230321_02_T1_ST,Landsat Collection 2 Level-2 Surface Temperature Product Product,2023-03-19T10:29:23.855875Z,LANDSAT_9,90.49,90.49,153.01769319,40.07614488,18
LC09_L2SP_196029_20230312_20230314_02_T1_ST,Landsat Collection 2 Level-2 Surface Temperature Product Product,2023-03-12T10:23:37.962940Z,LANDSAT_9,24.95,24.95,152.54335946,38.43342246,18
LC09_L2SP_196028_20230312_20230314_02_T1_ST,Landsat Collection 2 Level-2 Surface Temperature Product Product,2023-03-12T10:23:14.080395Z,LANDSAT_9,74.58,74.58,153.54288094,37.29878025,18
LC08_L2SP_197028_20230311_20230320_02_T2_ST,Landsat Collection 2 Level-2 Surface Temperature Product Product,2023-03-11T10:29:14.903982Z,LANDSAT_8,84.55,84.55,153.57366628,36.8952344,18
LE07_L2SP_197028_20230311_20230406_02_T2_ST,Landsat Collection 2 Level-2 Surface Temperature Product Product,2023-03-11T08:34:57.634456Z,LANDSAT_7,81.0,81.0,123.44121384,23.35338453,18
LE07_L2SP_196028_20230306_20230401_02_T1_ST,Landsat Collection 2 Level-2 Surface Temperature Product Product,2023-03-06T08:30:30.793830Z,LANDSAT_7,60.0,60.0,124.5113057,21.66054131,18
LC08_L2SP_196029_20230304_20230316_02_T1_ST,Landsat Collection 2 Level-2 Surface Temperature Product Product,2023-03-04T10:23:31.311903Z,LANDSAT_8,30.39,30.39,153.21755459,35.3222014,18
LC08_L2SP_196028_20230304_20230316_02_T1_ST,Landsat Collection 2 Level-2 Surface Temperature Product Product,2023-03-04T10:23:07.429335Z,LANDSAT_8,40.19,40.19,154.13288762,34.1777025,18
LC09_L2SP_197028_20230303_20230307_02_T1_ST,Landsat Collection 2 Level-2 Surface Temperature Product Product,2023-03-03T10:29:30.586727Z,LANDSAT_9,80.19,80.19,154.25301942,33.80835519,18
LC09_L2SP_196029_20230224_20230308_02_T1_ST,Landsat Collection 2 Level-2 Surface Temperature Product Product,2023-02-24T10:23:45.079324Z,LANDSAT_9,60.82,60.82,154.01783518,32.35726006,18
LC09_L2SP_196028_20230224_20230308_02_T1_ST,Landsat Collection 2 Level-2 Surface Temperature Product Product,2023-02-24T10:23:21.196781Z,LANDSAT_9,21.55,21.55,154.85718364,31.20096215,18
LC08_L2SP_197028_20230223_20230301_02_T1_ST,Landsat Collection 2 Level-2 Surface Temperature Product Product,2023-02-23T10:29:21.620484Z,LANDSAT_8,72.71,72.71,154.91778774,30.8329338,18
LE07_L2SP_197028_20230217_20230317_02_T1_ST,Landsat Collection 2 Level-2 Surface Temperature Product Product,2023-02-17T08:34:44.249404Z,LANDSAT_7,81.0,81.0,128.1228261,16.34685344,18
LC08_L2SP_196029_20230216_20230223_02_T1_ST,Landsat Collection 2 Level-2 Surface Temperature Product Product,2023-02-16T10:23:43.937421Z,LANDSAT_8,14.34,14.34,154.83146415,29.5649014,18
LC08_L2SP_196028_20230216_20230223_02_T1_ST,Landsat Collection 2 Level-2 Surface Temperature Product Product,2023-02-16T10:23:20.054853Z,LANDSAT_8,1.75,1.75,155.60490664,28.39698604,18
LC09_L2SP_197028_20230215_20230310_02_T1_ST,Landsat Collection 2 Level-2 Surface Temperature Product Product,2023-02-15T10:29:43.531805Z,LANDSAT_9,31.89,31.89,155.73208181,28.07189887,18
LE07_L2SP_196029_20230212_20230310_02_T2_ST,Landsat Collection 2 Level-2 Surface Temperature Product Product,2023-02-12T08:30:28.885777Z,LANDSAT_7,5.0,5.0,128.53708598,15.64524878,18
LE07_L2SP_196028_20230212_20230310_02_T2_ST,Landsat Collection 2 Level-2 Surface Temperature Product Product,2023-02-12T08:30:05.049241Z,LANDSAT_7,28.0,28.0,129.17789858,14.9719537,18
LC09_L2SP_196029_20230208_20230310_02_T1_ST,Landsat Collection 2 Level-2 Surface Temperature Product Product,2023-02-08T10:23:59.888093Z,LANDSAT_9,3.96,3.96,155.77074079,27.03887134,18
LC09_L2SP_196028_20230208_20230310_02_T1_ST,Landsat Collection 2 Level-2 Surface Temperature Product Product,2023-02-08T10:23:36.005550Z,LANDSAT_9,8.76,8.76,156.48628894,25.85743396,18
LC08_L2SP_197028_20230207_20230217_02_T1_ST,Landsat Collection 2 Level-2 Surface Temperature Product Product,2023-02-07T10:29:37.715694Z,LANDSAT_8,4.03,4.03,156.5805683,25.55592484,18
LC08_L2SP_196029_20230131_20230208_02_T1_ST,Landsat Collection 2 Level-2 Surface Temperature Product Product,2023-01-31T10:23:52.150407Z,LANDSAT_8,9.61,9.61,156.75094308,24.81340303,18
LC08_L2SP_196028_20230131_20230208_02_T1_ST,Landsat Collection 2 Level-2 Surface Temperature Product Product,2023-01-31T10:23:28.267839Z,LANDSAT_8,4.32,4.32,157.41740629,23.61813737,18
LC09_L2SP_197028_20230130_20230311_02_T1_ST,Landsat Collection 2 Level-2 Surface Temperature Product Product,2023-01-30T10:29:43.027567Z,LANDSAT_9,79.26,79.26,157.55481947,23.36786904,18
LC09_L2SP_196029_20230123_20230313_02_T1_ST,Landsat Collection 2 Level-2 Surface Temperature Product Product,2023-01-23T10:23:49.556343Z,LANDSAT_9,66.76,66.76,157.83013708,22.96006966,18
LC09_L2SP_196028_20230123_20230313_02_T1_ST,Landsat Collection 2 Level-2 Surface Temperature Product Product,2023-01-23T10:23:25.669562Z,LANDSAT_9,62.32,62.32,158.45589985,21.74961247,18
LC08_L2SP_197028_20230122_20230207_02_T2_ST,Landsat Collection 2 Level-2 Surface Temperature Product Product,2023-01-22T10:29:36.409642Z,LANDSAT_8,97.43,97.43,158.58005662,21.54240466,18
LC08_L2SP_196029_20230115_20230131_02_T1_ST,Landsat Collection 2 Level-2 Surface Temperature Product Product,2023-01-15T10:23:47.853304Z,LANDSAT_8,91.92,91.92,158.93725698,21.51236739,18
LC08_L2SP_196028_20230115_20230131_02_T2_ST,Landsat Collection 2 Level-2 Surface Temperature Product Product,2023-01-15T10:23:23.966500Z,LANDSAT_8,100.0,100.0,159.53076518,20.28690059,18
LC09_L2SP_197028_20230114_20230314_02_T1_ST,Landsat Collection 2 Level-2 Surface Temperature Product Product,2023-01-14T10:29:39.714713Z,LANDSAT_9,100.0,100.0,159.67066849,20.13659077,18
LC09_L2SP_196029_20230107_20230314_02_T1_ST,Landsat Collection 2 Level-2 Surface Temperature Product Product,2023-01-07T10:23:56.168619Z,LANDSAT_9,56.21,56.21,160.06086477,20.51225356,18
LC09_L2SP_196028_20230107_20230314_02_T1_ST,Landsat Collection 2 Level-2 Surface Temperature Product Product,2023-01-07T10:23:32.286075Z,LANDSAT_9,24.36,24.36,160.62984893,19.27209096,18
LC08_L2SP_197028_20230106_20230110_02_T2_ST,Landsat Collection 2 Level-2 Surface Temperature Product Product,2023-01-06T10:29:40.479934Z,LANDSAT_8,93.95,93.95,160.76656082,19.17844992,18
LC08_L2SP_196029_20221230_20230110_02_T1_ST,Landsat Collection 2 Level-2 Surface Temperature Product Product,2022-12-30T10:23:54.046659Z,LANDSAT_8,95.71,95.71,161.15128809,19.98030568,18
LC08_L2SP_196028_20221230_20230110_02_T2_ST,Landsat Collection 2 Level-2 Surface Temperature Product Product,2022-12-30T10:23:30.168327Z,LANDSAT_8,100.0,100.0,161.70418723,18.72642908,18
LC09_L2SP_197028_20221229_20230315_02_T1_ST,Landsat Collection 2 Level-2 Surface Temperature Product Product,2022-12-29T10:29:42.256335Z,LANDSAT_9,99.95,99.95,161.82855184,18.69044424,18
LC09_L2SP_196029_20221222_20230317_02_T1_ST,Landsat Collection 2 Level-2 Surface Temperature Product Product,2022-12-22T10:23:53.139866Z,LANDSAT_9,89.78,89.78,162.16014937,19.92675256,18
LC09_L2SP_196028_20221222_20230317_02_T2_ST,Landsat Collection 2 Level-2 Surface Temperature Product Product,2022-12-22T10:23:29.253087Z,LANDSAT_9,99.93,99.93,162.70478175,18.65994868,18
LC08_L2SP_197028_20221221_20221228_02_T1_ST,Landsat Collection 2 Level-2 Surface Temperature Product Product,2022-12-21T10:29:39.646019Z,LANDSAT_8,43.71,43.71,162.83237826,18.68740474,18
LC08_L2SP_196029_20221214_20221228_02_T2_ST,Landsat Collection 2 Level-2 Surface Temperature Product Product,2022-12-14T10:23:58.791425Z,LANDSAT_8,76.51,76.51,163.05411942,20.35052547,18
LC08_L2SP_196028_20221214_20221228_02_T2_ST,Landsat Collection 2 Level-2 Surface Temperature Product Product,2022-12-14T10:23:34.904623Z,LANDSAT_8,86.98,86.98,163.59744264,19.07271908,18
LC09_L2SP_197028_20221213_20230411_02_T2_ST,Landsat Collection 2 Level-2 Surface Temperature Product Product,2022-12-13T10:29:43.154497Z,LANDSAT_9,73.1,73.1,163.68179264,19.15355107,18
LC09_L2SP_196029_20221206_20230318_02_T1_ST,Landsat Collection 2 Level-2 Surface Temperature Product Product,2022-12-06T10:23:55.355464Z,LANDSAT_9,14.7,14.7,163.74278977,21.22301442,18
LC09_L2SP_196028_20221206_20230318_02_T1_ST,Landsat Collection 2 Level-2 Surface Temperature Product Product,2022-12-06T10:23:31.477158Z,LANDSAT_9,27.43,27.43,164.29187094,19.93740131,18
LC08_L2SP_197028_20221205_20230112_02_T1_ST,Landsat Collection 2 Level-2 Surface Temperature Product Product,2022-12-05T10:29:49.537825Z,LANDSAT_8,23.38,23.38,164.38516057,20.07952301,18
LC08_L2SP_196029_20221128_20221206_02_T2_ST,Landsat Collection 2 Level-2 Surface Temperature Product Product,2022-11-28T10:24:02.863380Z,LANDSAT_8,99.97,99.97,164.24424559,22.52697218,18
LC08_L2SP_196028_20221128_20221206_02_T2_ST,Landsat Collection 2 Level-2 Surface Temperature Product Product,2022-11-28T10:23:38.980812Z,LANDSAT_8,99.97,99.97,164.80660298,21.23534599,18
LC09_L2SP_197028_20221127_20230320_02_T1_ST,Landsat Collection 2 Level-2 Surface Temperature Product Product,2022-11-27T10:29:42.315879Z,LANDSAT_9,99.99,99.99,164.82774044,21.4201787,18
LC09_L2SP_196029_20221120_20230321_02_T1_ST,Landsat Collection 2 Level-2 Surface Temperature Product Product,2022-11-20T10:23:57.312350Z,LANDSAT_9,12.93,12.93,164.44429235,24.20701565,18
LC09_L2SP_196028_20221120_20230321_02_T1_ST,Landsat Collection 2 Level-2 Surface Temperature Product Product,2022-11-20T10:23:33.425571Z,LANDSAT_9,28.25,28.25,165.02748218,22.91275044,18
LC08_L2SP_197028_20221119_20221128_02_T1_ST,Landsat Collection 2 Level-2 Surface Temperature Product Product,2022-11-19T10:29:47.364957Z,LANDSAT_8,68.94,68.94,165.06829756,23.15191374,18
LE07_L2SP_196029_20221114_20221210_02_T2_ST,Landsat Collection 2 Level-2 Surface Temperature Product Product,2022-11-14T08:40:22.737382Z,LANDSAT_7,98.0,98.0,139.37703216,16.85095503,18
LE07_L2SP_196028_20221114_20221210_02_T1_ST,Landsat Collection 2 Level-2 Surface Temperature Product Product,2022-11-14T08:39:58.897767Z,LANDSAT_7,80.0,80.0,139.99856958,15.94986045,18
LC08_L2SP_196029_20221112_20221122_02_T1_ST,Landsat Collection 2 Level-2 Surface Temperature Product Product,2022-11-12T10:24:04.149619Z,LANDSAT_8,79.22,79.22,164.40840364,26.22884807,18
LC08_L2SP_196028_20221112_20221122_02_T1_ST,Landsat Collection 2 Level-2 Surface Temperature Product Product,2022-11-12T10:23:40.262816Z,LANDSAT_8,70.49,70.49,165.01993888,24.93491968,18
LC09_L2SP_197028_20221111_20230322_02_T1_ST,Landsat Collection 2 Level-2 Surface Temperature Product Product,2022-11-11T10:29:43.903731Z,LANDSAT_9,31.77,31.77,164.9586404,25.20057575,18
LC09_L2SP_196029_20221104_20230323_02_T1_ST,Landsat Collection 2 Level-2 Surface Temperature Product Product,2022-11-04T10:23:53.499038Z,LANDSAT_9,86.98,86.98,163.98985262,28.51376585,18
LC09_L2SP_196028_20221104_20230323_02_T2_ST,Landsat Collection 2 Level-2 Surface Temperature Product Product,2022-11-04T10:23:29.612259Z,LANDSAT_9,93.98,93.98,164.63900656,27.22445698,18
LC08_L2SP_197028_20221103_20221114_02_T2_ST,Landsat Collection 2 Level-2 Surface Temperature Product Product,2022-11-03T10:29:54.746213Z,LANDSAT_8,100.0,100.0,164.61596859,27.53388057,18
LE07_L2SP_196029_20221028_20221123_02_T1_ST,Landsat Collection 2 Level-2 Surface Temperature Product Product,2022-10-28T08:42:44.309541Z,LANDSAT_7,29.0,29.0,137.24415293,21.56337951,18
LE07_L2SP_196028_20221028_20221123_02_T1_ST,Landsat Collection 2 Level-2 Surface Temperature Product Product,2022-10-28T08:42:20.470785Z,LANDSAT_7,50.0,50.0,137.9832954,20.70392484,18
LC08_L2SP_196029_20221027_20221108_02_T1_ST,Landsat Collection 2 Level-2 Surface Temperature Product Product,2022-10-27T10:24:06.905103Z,LANDSAT_8,33.07,33.07,163.33478753,31.03467588,18
LC08_L2SP_196028_20221027_20221108_02_T1_ST,Landsat Collection 2 Level-2 Surface Temperature Product Product,2022-10-27T10:23:43.022535Z,LANDSAT_8,6.43,6.43,164.03078709,29.75308784,18
LC09_L2SP_197028_20221026_20230324_02_T1_ST,Landsat Collection 2 Level-2 Surface Temperature Product Product,2022-10-26T10:29:43.186659Z,LANDSAT_9,21.06,21.06,163.87972822,30.07126867,18
LC09_L2SP_196029_20221019_20230325_02_T1_ST,Landsat Collection 2 Level-2 Surface Temperature Product Product,2022-10-19T10:23:56.310388Z,LANDSAT_9,27.1,27.1,162.25787027,33.7000913,18
LC09_L2SP_196028_20221019_20230325_02_T1_ST,Landsat Collection 2 Level-2 Surface Temperature Product Product,2022-10-19T10:23:32.419373Z,LANDSAT_9,25.05,25.05,163.01304727,32.43071107,18
LC08_L2SP_197028_20221018_20221031_02_T1_ST,Landsat Collection 2 Level-2 Surface Temperature Product Product,2022-10-18T10:29:49.165530Z,LANDSAT_8,0.77,0.77,162.92699313,32.78364735,18
LE07_L2SP_197028_20221016_20221111_02_T1_ST,Landsat Collection 2 Level-2 Surface Temperature Product Product,2022-10-16T08:49:39.470030Z,LANDSAT_7,26.0,26.0,135.63895823,24.33602431,18
LC08_L2SP_196029_20221011_20221020_02_T1_ST,Landsat Collection 2 Level-2 Surface Temperature Product Product,2022-10-11T10:24:00.715140Z,LANDSAT_8,10.09,10.09,160.9735802,36.48724691,18
LC08_L2SP_196028_20221011_20221020_02_T1_ST,Landsat Collection 2 Level-2 Surface Temperature Product Product,2022-10-11T10:23:36.836809Z,LANDSAT_8,35.24,35.24,161.79909245,35.2341581,18
LE07_L2SP_196028_20221011_20221107_02_T1_ST,Landsat Collection 2 Level-2 Surface Temperature Product Product,2022-10-11T08:44:29.486781Z,LANDSAT_7,30.0,30.0,134.45735181,25.87042709,18
LC09_L2SP_197028_20221010_20230326_02_T1_ST,Landsat Collection 2 Level-2 Surface Temperature Product Product,2022-10-10T10:29:39.673375Z,LANDSAT_9,32.14,32.14,161.5562198,35.57422949,18
LC09_L2SP_196029_20221003_20230327_02_T1_ST,Landsat Collection 2 Level-2 Surface Temperature Product Product,2022-10-03T10:23:50.450105Z,LANDSAT_9,37.29,37.29,159.25326487,39.29711172,18
LC09_L2SP_196028_20221003_20230327_02_T1_ST,Landsat Collection 2 Level-2 Surface Temperature Product Product,2022-10-03T10:23:26.559090Z,LANDSAT_9,49.43,49.43,160.16508274,38.06539935,18
LC08_L2SP_197028_20221002_20221012_02_T1_ST,Landsat Collection 2 Level-2 Surface Temperature Product Product,2022-10-02T10:29:53.696998Z,LANDSAT_8,49.1,49.1,160.02362237,38.43468335,18
LC08_L2SP_196029_20220925_20221004_02_T1_ST,Landsat Collection 2 Level-2 Surface Temperature Product Product,2022-09-25T10:24:08.152599Z,LANDSAT_8,56.41,56.41,157.4076684,42.13729984,18
LC08_L2SP_196028_20220925_20221004_02_T1_ST,Landsat Collection 2 Level-2 Surface Temperature Product Product,2022-09-25T10:23:44.265795Z,LANDSAT_8,71.53,71.53,158.41888078,40.93043683,18
LC09_L2SP_197028_20220924_20230328_02_T1_ST,Landsat Collection 2 Level-2 Surface Temperature Product Product,2022-09-24T10:29:36.998432Z,LANDSAT_9,39.57,39.57,158.09410031,41.26655931,18
LE07_L2SP_196028_20220924_20221020_02_T1_ST,Landsat Collection 2 Level-2 Surface Temperature Product Product,2022-09-24T08:46:27.642694Z,LANDSAT_7,67.0,67.0,129.73467328,31.02114687,18
LC09_L2SP_196029_20220917_20230328_02_T1_ST,Landsat Collection 2 Level-2 Surface Temperature Product Product,2022-09-17T10:23:47.601577Z,LANDSAT_9,9.87,9.87,155.15222666,44.89265549,18
LC09_L2SP_196028_20220917_20230328_02_T1_ST,Landsat Collection 2 Level-2 Surface Temperature Product Product,2022-09-17T10:23:23.719033Z,LANDSAT_9,52.56,52.56,156.28041467,43.71785489,18
LC08_L2SP_197028_20220916_20220922_02_T1_ST,Landsat Collection 2 Level-2 Surface Temperature Product Product,2022-09-16T10:29:54.242777Z,LANDSAT_8,75.94,75.94,156.10226752,44.08063798,18
LE07_L2SP_197028_20220912_20221008_02_T1_ST,Landsat Collection 2 Level-2 Surface Temperature Product Product,2022-09-12T08:53:32.059593Z,LANDSAT_7,1.0,1.0,125.9451118,34.47527775,18
LC08_L2SP_196029_20220909_20220914_02_T1_ST,Landsat Collection 2 Level-2 Surface Temperature Product Product,2022-09-09T10:24:04.666312Z,LANDSAT_8,26.18,26.18,152.88382724,47.59767457,18
LC08_L2SP_196028_20220909_20220914_02_T1_ST,Landsat Collection 2 Level-2 Surface Temperature Product Product,2022-09-09T10:23:40.779508Z,LANDSAT_8,34.22,34.22,154.14341024,46.45629905,18
LC09_L2SP_197028_20220908_20230330_02_T1_ST,Landsat Collection 2 Level-2 Surface Temperature Product Product,2022-09-08T10:29:28.956655Z,LANDSAT_9,30.57,30.57,153.75439386,46.76454813,18
LE07_L2SP_196028_20220907_20221003_02_T1_ST,Landsat Collection 2 Level-2 Surface Temperature Product Product,2022-09-07T08:48:13.784552Z,LANDSAT_7,51.0,51.0,124.31276792,35.85177767,18
LC09_L2SP_196029_20220901_20230331_02_T1_ST,Landsat Collection 2 Level-2 Surface Temperature Product Product,2022-09-01T10:23:43.219713Z,LANDSAT_9,5.93,5.93,150.27510198,50.13041234,18
LC09_L2SP_196028_20220901_20230331_02_T1_ST,Landsat Collection 2 Level-2 Surface Temperature Product Product,2022-09-01T10:23:19.337170Z,LANDSAT_9,9.67,9.67,151.68295342,49.02990956,18
LC08_L2SP_197028_20220831_20220910_02_T1_ST,Landsat Collection 2 Level-2 Surface Temperature Product Product,2022-08-31T10:29:47.839035Z,LANDSAT_8,21.33,21.33,151.49714472,49.36905766,18
LE07_L2SP_197028_20220826_20231211_02_T1_ST,Landsat Collection 2 Level-2 Surface Temperature Product Product,2022-08-26T08:55:11.064855Z,LANDSAT_7,76.0,76.0,120.41557241,38.97278816,18
LC08_L2SP_196029_20220824_20220924_02_T1_ST,Landsat Collection 2 Level-2 Surface Temperature Product Product,2022-08-24T10:24:01.376806Z,LANDSAT_8,8.54,8.54,147.83716314,52.56594604,18
LC08_L2SP_196028_20220824_20220924_02_T1_ST,Landsat Collection 2 Level-2 Surface Temperature Product Product,2022-08-24T10:23:37.494238Z,LANDSAT_8,24.28,24.28,149.40395338,51.50538255,18
LC09_L2SP_197028_20220823_20230401_02_T1_ST,Landsat Collection 2 Level-2 Surface Temperature Product Product,2022-08-23T10:29:29.763510Z,LANDSAT_9,33.4,33.4,148.98424624,51.76869535,18
LE07_L2SP_196028_20220821_20220916_02_T1_ST,Landsat Collection 2 Level-2 Surface Temperature Product Product,2022-08-21T08:49:50.503598Z,LANDSAT_7,6.0,6.0,118.83994526,40.18982438,18
LC09_L2SP_196029_20220816_20230402_02_T1_ST,Landsat Collection 2 Level-2 Surface Temperature Product Product,2022-08-16T10:23:41.332220Z,LANDSAT_9,6.67,6.67,145.17799296,54.75750453,18
LC09_L2SP_196028_20220816_20230402_02_T1_ST,Landsat Collection 2 Level-2 Surface Temperature Product Product,2022-08-16T10:23:17.449676Z,LANDSAT_9,1.23,1.23,146.91588686,53.7423944,18
LC08_L2SP_197028_20220815_20220824_02_T1_ST,Landsat Collection 2 Level-2 Surface Temperature Product Product,2022-08-15T10:29:47.455339Z,LANDSAT_8,68.13,68.13,146.76247499,54.04441244,18
LE07_L2SP_197028_20220809_20220904_02_T1_ST,Landsat Collection 2 Level-2 Surface Temperature Product Product,2022-08-09T08:56:42.980726Z,LANDSAT_7,0.0,0.0,115.35165139,42.88592492,18
LC08_L2SP_196029_20220808_20220818_02_T1_ST,Landsat Collection 2 Level-2 Surface Temperature Product Product,2022-08-08T10:23:58.273147Z,LANDSAT_8,3.39,3.39,142.91452395,56.8181196,18
LC08_L2SP_196028_20220808_20220818_02_T1_ST,Landsat Collection 2 Level-2 Surface Temperature Product Product,2022-08-08T10:23:34.386345Z,LANDSAT_8,2.79,2.79,144.82618282,55.84311619,18
LC09_L2SP_197028_20220807_20230403_02_T1_ST,Landsat Collection 2 Level-2 Surface Temperature Product Product,2022-08-07T10:29:24.173658Z,LANDSAT_9,0.02,0.02,144.41933471,56.04779535,18
LE07_L2SP_196028_20220804_20220902_02_T1_ST,Landsat Collection 2 Level-2 Surface Temperature Product Product,2022-08-04T08:51:20.060596Z,LANDSAT_7,1.0,1.0,114.06735412,43.91770608,18
LC09_L2SP_196029_20220731_20230405_02_T1_ST,Landsat Collection 2 Level-2 Surface Temperature Product Product,2022-07-31T10:23:32.556689Z,LANDSAT_9,1.47,1.47,140.60844101,58.58308813,18
LC09_L2SP_196028_20220731_20230405_02_T1_ST,Landsat Collection 2 Level-2 Surface Temperature Product Product,2022-07-31T10:23:08.665674Z,LANDSAT_9,7.04,7.04,142.69410734,57.65010107,18
LC08_L2SP_197028_20220730_20220806_02_T1_ST,Landsat Collection 2 Level-2 Surface Temperature Product Product,2022-07-30T10:29:40.493337Z,LANDSAT_8,6.26,6.26,142.62527849,57.9047597,18
LC08_L2SP_196029_20220723_20220802_02_T1_ST,Landsat Collection 2 Level-2 Surface Temperature Product Product,2022-07-23T10:23:48.812180Z,LANDSAT_8,46.55,46.55,138.97703404,60.20018615,18
LC08_L2SP_196028_20220723_20220802_02_T1_ST,Landsat Collection 2 Level-2 Surface Temperature Product Product,2022-07-23T10:23:24.925375Z,LANDSAT_8,71.5,71.5,141.22422254,59.29792145,18
LE07_L2SP_197028_20220723_20220903_02_T1_ST,Landsat Collection 2 Level-2 Surface Temperature Product Product,2022-07-23T08:58:07.531918Z,LANDSAT_7,75.0,75.0,111.54208024,46.1370428,18
LC09_L2SP_197028_20220722_20230406_02_T1_ST,Landsat Collection 2 Level-2 Surface Temperature Product Product,2022-07-22T10:29:11.979697Z,LANDSAT_9,13.39,13.39,140.88343153,59.43505342,18
LE07_L2SP_196028_20220718_20220903_02_T1_ST,Landsat Collection 2 Level-2 Surface Temperature Product Product,2022-07-18T08:52:42.663897Z,LANDSAT_7,0.0,0.0,110.75715318,46.94524616,18
LC09_L2SP_196029_20220715_20230407_02_T1_ST,Landsat Collection 2 Level-2 Surface Temperature Product Product,2022-07-15T10:23:17.401858Z,LANDSAT_9,1.2,1.2,137.47533795,61.46377573,18
LC09_L2SP_196028_20220715_20230407_02_T1_ST,Landsat Collection 2 Level-2 Surface Temperature Product Product,2022-07-15T10:22:53.515079Z,LANDSAT_9,1.51,1.51,139.86650545,60.59011374,18
LC08_L2SP_197028_20220714_20220726_02_T1_ST,Landsat Collection 2 Level-2 Surface Temperature Product Product,2022-07-14T10:29:29.155010Z,LANDSAT_8,0.0,0.0,139.93160592,60.78495447,18
LC08_L2SP_196029_20220707_20220721_02_T1_ST,Landsat Collection 2 Level-2 Surface Temperature Product Product,2022-07-07T10:23:43.653996Z,LANDSAT_8,1.04,1.04,136.88252438,62.54981092,18
LC08_L2SP_196028_20220707_20220721_02_T1_ST,Landsat Collection 2 Level-2 Surface Temperature Product Product,2022-07-07T10:23:19.762957Z,LANDSAT_8,4.43,4.43,139.38720129,61.6869261,18
LC09_L2SP_197028_20220706_20230408_02_T1_ST,Landsat Collection 2 Level-2 Surface Temperature Product Product,2022-07-06T10:29:07.182060Z,LANDSAT_9,2.3,2.3,139.15386827,61.74535797,18
LE07_L2SP_197028_20220706_20220903_02_T1_ST,Landsat Collection 2 Level-2 Surface Temperature Product Product,2022-07-06T08:59:23.483398Z,LANDSAT_7,0.0,0.0,109.65085751,48.56354744,18
LE07_L2SP_196029_20220701_20220903_02_T1_ST,Landsat Collection 2 Level-2 Surface Temperature Product Product,2022-07-01T08:54:19.514453Z,LANDSAT_7,26.0,26.0,107.57495112,49.27127861,18
LE07_L2SP_196028_20220701_20220903_02_T1_ST,Landsat Collection 2 Level-2 Surface Temperature Product Product,2022-07-01T08:53:55.675082Z,LANDSAT_7,47.0,47.0,109.5289006,49.08830031,18
LC09_L2SP_196029_20220629_20230409_02_T1_ST,Landsat Collection 2 Level-2 Surface Temperature Product Product,2022-06-29T10:23:21.821660Z,LANDSAT_9,7.61,7.61,136.52892763,63.22229143,18
LC09_L2SP_196028_20220629_20230409_02_T1_ST,Landsat Collection 2 Level-2 Surface Temperature Product Product,2022-06-29T10:22:57.939117Z,LANDSAT_9,23.22,23.22,139.10587912,62.36607649,18
LC08_L2SP_197028_20220628_20220706_02_T1_ST,Landsat Collection 2 Level-2 Surface Temperature Product,2022-06-28T10:29:30.474391Z,LANDSAT_8,33.35,33.35,139.3386328,62.48607302,18
LC08_L2SP_196029_20220621_20220701_02_T1_ST,Landsat Collection 2 Level-2 Surface Temperature Product,2022-06-21T10:23:42.110237Z,LANDSAT_8,49.63,49.63,137.18568096,63.66820061,18
LC08_L2SP_196028_20220621_20220701_02_T1_ST,Landsat Collection 2 Level-2 Surface Temperature Product,2022-06-21T10:23:18.227669Z,LANDSAT_8,15.34,15.34,139.78687158,62.79836574,18
LC09_L2SP_197028_20220620_20230411_02_T1_ST,Landsat Collection 2 Level-2 Surface Temperature Product Product,2022-06-20T10:29:00.536883Z,LANDSAT_9,2.14,2.14,139.66867105,62.76440261,18
LE07_L2SP_197028_20220619_20220828_02_T1_ST,Landsat Collection 2 Level-2 Surface Temperature Product Product,2022-06-19T09:00:30.846292Z,LANDSAT_7,0.0,0.0,110.07803384,49.91667904,18
LE07_L2SP_196029_20220614_20220828_02_T1_ST,Landsat Collection 2 Level-2 Surface Temperature Product Product,2022-06-14T08:55:24.336103Z,LANDSAT_7,0.0,0.0,108.6298452,50.2686701,18
LE07_L2SP_196028_20220614_20220828_02_T1_ST,Landsat Collection 2 Level-2 Surface Temperature Product Product,2022-06-14T08:55:00.497946Z,LANDSAT_7,0.0,0.0,110.63883551,50.0585473,18
LC09_L2SP_196029_20220613_20230412_02_T1_ST,Landsat Collection 2 Level-2 Surface Temperature Product Product,2022-06-13T10:23:04.793709Z,LANDSAT_9,13.55,13.55,137.95539155,63.62263782,18
LC09_L2SP_196028_20220613_20230412_02_T1_ST,Landsat Collection 2 Level-2 Surface Temperature Product Product,2022-06-13T10:22:40.906930Z,LANDSAT_9,22.38,22.38,140.52826051,62.73747646,18
LC08_L2SP_197028_20220612_20220617_02_T1_ST,Landsat Collection 2 Level-2 Surface Temperature Product Product,2022-06-12T10:29:24.706436Z,LANDSAT_8,3.77,3.77,140.8989531,62.76421783,18
LC08_L2SP_196029_20220605_20220610_02_T1_ST,Landsat Collection 2 Level-2 Surface Temperature Product Product,2022-06-05T10:23:32.529824Z,LANDSAT_8,26.06,26.06,139.59110251,63.29605519,18
LC08_L2SP_196028_20220605_20220610_02_T1_ST,Landsat Collection 2 Level-2 Surface Temperature Product Product,2022-06-05T10:23:08.647257Z,LANDSAT_8,52.88,52.88,142.08176291,62.379333,18
LC09_L2SP_197028_20220604_20230414_02_T1_ST,Landsat Collection 2 Level-2 Surface Temperature Product Product,2022-06-04T10:28:47.960586Z,LANDSAT_9,10.56,10.56,142.03493278,62.24247363,18
LE07_L2SP_197028_20220602_20220828_02_T1_ST,Landsat Collection 2 Level-2 Surface Temperature Product Product,2022-06-02T09:01:28.616457Z,LANDSAT_7,81.0,81.0,112.66434544,49.84619773,18
LC09_L2SP_196029_20220528_20230415_02_T1_ST,Landsat Collection 2 Level-2 Surface Temperature Product Product,2022-05-28T10:22:59.731728Z,LANDSAT_9,37.57,37.57,141.03234592,62.43252237,18
LC09_L2SP_196028_20220528_20230415_02_T1_ST,Landsat Collection 2 Level-2 Surface Temperature Product Product,2022-05-28T10:22:35.836477Z,LANDSAT_9,20.17,20.17,143.40175969,61.48854379,18
LE07_L2SP_196029_20220528_20220902_02_T1_ST,Landsat Collection 2 Level-2 Surface Temperature Product Product,2022-05-28T08:56:19.492309Z,LANDSAT_7,45.0,45.0,111.78234637,49.79951248,18
LE07_L2SP_196028_20220528_20220902_02_T1_ST,Landsat Collection 2 Level-2 Surface Temperature Product Product,2022-05-28T08:55:55.653830Z,LANDSAT_7,26.0,26.0,113.7441524,49.51149745,18
LC08_L2SP_197028_20220527_20220603_02_T1_ST,Landsat Collection 2 Level-2 Surface Temperature Product Product,2022-05-27T10:29:11.251269Z,LANDSAT_8,56.37,56.37,143.84009743,61.41119009,18
LC08_L2SP_196029_20220520_20220525_02_T1_ST,Landsat Collection 2 Level-2 Surface Temperature Product Product,2022-05-20T10:23:25.767876Z,LANDSAT_8,6.78,6.78,143.0343749,61.26708139,18
LC08_L2SP_196028_20220520_20220525_02_T1_ST,Landsat Collection 2 Level-2 Surface Temperature Product Product,2022-05-20T10:23:01.881073Z,LANDSAT_8,7.71,7.71,145.24602003,60.28688165,18
LC09_L2SP_197028_20220519_20230416_02_T1_ST,Landsat Collection 2 Level-2 Surface Temperature Product Product,2022-05-19T10:28:47.129806Z,LANDSAT_9,51.55,51.55,145.18656328,60.0423899,18
LE07_L2SP_197028_20220516_20220902_02_T1_ST,Landsat Collection 2 Level-2 Surface Temperature Product Product,2022-05-16T09:02:15.835214Z,LANDSAT_7,44.0,44.0,116.66221215,48.08266508,18
LC09_L2SP_196029_20220512_20230417_02_T1_ST,Landsat Collection 2 Level-2 Surface Temperature Product Product,2022-05-12T10:23:07.016835Z,LANDSAT_9,2.9,2.9,144.53647331,59.58655793,18
LC09_L2SP_196028_20220512_20230417_02_T1_ST,Landsat Collection 2 Level-2 Surface Temperature Product Product,2022-05-12T10:22:43.142763Z,LANDSAT_9,29.09,29.09,146.57656645,58.57955068,18
LC08_L2SP_197028_20220511_20220519_02_T1_ST,Landsat Collection 2 Level-2 Surface Temperature Product Product,2022-05-11T10:29:10.161109Z,LANDSAT_8,0.22,0.22,146.95823868,58.3914515,18
LE07_L2SP_196029_20220511_20220902_02_T1_ST,Landsat Collection 2 Level-2 Surface Temperature Product Product,2022-05-11T08:57:01.928957Z,LANDSAT_7,2.0,2.0,116.14381982,47.62178231,18
LE07_L2SP_196028_20220511_20220902_02_T1_ST,Landsat Collection 2 Level-2 Surface Temperature Product Product,2022-05-11T08:56:38.088777Z,LANDSAT_7,2.0,2.0,117.95538516,47.230401,18
LC08_L2SP_196029_20220504_20220511_02_T1_ST,Landsat Collection 2 Level-2 Surface Temperature Product Product,2022-05-04T10:23:18.903708Z,LANDSAT_8,42.11,42.11,146.28434092,57.62571749,18
LC08_L2SP_196028_20220504_20220511_02_T1_ST,Landsat Collection 2 Level-2 Surface Temperature Product Product,2022-05-04T10:22:55.016905Z,LANDSAT_8,46.04,46.04,148.15371768,56.58948323,18
LC09_L2SP_197028_20220503_20230418_02_T1_ST,Landsat Collection 2 Level-2 Surface Temperature Product Product,2022-05-03T10:28:59.599411Z,LANDSAT_9,52.54,52.54,148.1808284,56.28196634,18
LC09_L2SP_196029_20220426_20230418_02_T1_ST,Landsat Collection 2 Level-2 Surface Temperature Product Product,2022-04-26T10:23:14.530215Z,LANDSAT_9,27.07,27.07,147.55783455,55.26302261,18
LC09_L2SP_196028_20220426_20230418_02_T1_ST,Landsat Collection 2 Level-2 Surface Temperature Product Product,2022-04-26T10:22:50.651907Z,LANDSAT_9,53.05,53.05,149.25896657,54.20519212,18
LC08_L2SP_197028_20220425_20220503_02_T2_ST,Landsat Collection 2 Level-2 Surface Temperature Product,2022-04-25T10:29:03.072542Z,LANDSAT_8,96.8,96.8,149.47308435,53.90853581,18
LC08_L2SP_196029_20220418_20220427_02_T1_ST,Landsat Collection 2 Level-2 Surface Temperature Product Product,2022-04-18T10:23:18.851905Z,LANDSAT_8,6.93,6.93,148.77020179,52.6531367,18
LC08_L2SP_196028_20220418_20220427_02_T1_ST,Landsat Collection 2 Level-2 Surface Temperature Product Product,2022-04-18T10:22:54.965101Z,LANDSAT_8,2.97,2.97,150.31928031,51.57659633,18
LC09_L2SP_197028_20220417_20230421_02_T1_ST,Landsat Collection 2 Level-2 Surface Temperature Product Product,2022-04-17T10:29:05.194180Z,LANDSAT_9,0.0,0.0,150.40744634,51.22567507,18
LC09_L2SP_196029_20220410_20230422_02_T1_ST,Landsat Collection 2 Level-2 Surface Temperature Product Product,2022-04-10T10:23:23.217294Z,LANDSAT_9,1.87,1.87,149.74441658,49.80268318,18
LC09_L2SP_196028_20220410_20230422_02_T1_ST,Landsat Collection 2 Level-2 Surface Temperature Product Product,2022-04-10T10:22:59.338986Z,LANDSAT_9,5.08,5.08,151.14924999,48.71019769,18
LC08_L2SP_197028_20220409_20220419_02_T1_ST,Landsat Collection 2 Level-2 Surface Temperature Product Product,2022-04-09T10:29:04.470857Z,LANDSAT_8,72.39,72.39,151.19298499,48.32859736,18
LC08_L2SP_196029_20220402_20220411_02_T1_ST,Landsat Collection 2 Level-2 Surface Temperature Product Product,2022-04-02T10:23:13.062389Z,LANDSAT_8,82.59,82.59,150.55426997,46.77580846,18
LC08_L2SP_196028_20220402_20220411_02_T2_ST,Landsat Collection 2 Level-2 Surface Temperature Product,2022-04-02T10:22:49.184057Z,LANDSAT_8,99.97,99.97,151.83233199,45.67114275,18
LC09_L2SP_197028_20220401_20230423_02_T2_ST,Landsat Collection 2 Level-2 Surface Temperature Product Product,2022-04-01T10:29:13.037989Z,LANDSAT_9,99.97,99.97,151.96226911,45.29657682,18
LE07_L2SP_197028_20220401_20220428_02_T2_ST,Landsat Collection 2 Level-2 Surface Temperature Product,2022-04-01T09:07:47.750587Z,LANDSAT_7,98.0,98.0,127.66468425,36.0009608,18
LC09_L2SP_196029_20220325_20230424_02_T1_ST,Landsat Collection 2 Level-2 Surface Temperature Product Product,2022-03-25T10:23:26.596266Z,LANDSAT_9,5.94,5.94,151.35786762,43.66508124,18
LC09_L2SP_196028_20220325_20230424_02_T1_ST,Landsat Collection 2 Level-2 Surface Temperature Product Product,2022-03-25T10:23:02.713722Z,LANDSAT_9,3.33,3.33,152.52117032,42.54800452,18
LE07_L2SP_196029_20220325_20220420_02_T1_ST,Landsat Collection 2 Level-2 Surface Temperature Product Product,2022-03-25T09:02:41.083206Z,LANDSAT_7,3.0,3.0,127.97964539,34.18950215,18
LE07_L2SP_196028_20220325_20220420_02_T1_ST,Landsat Collection 2 Level-2 Surface Temperature Product Product,2022-03-25T09:02:17.200376Z,LANDSAT_7,1.0,1.0,129.1309753,33.52667024,18
LC08_L2SP_197028_20220324_20220330_02_T1_ST,Landsat Collection 2 Level-2 Surface Temperature Product Product,2022-03-24T10:29:05.260676Z,LANDSAT_8,0.02,0.02,152.55948409,42.14417031,18
LC08_L2SP_196029_20220317_20220322_02_T2_ST,Landsat Collection 2 Level-2 Surface Temperature Product,2022-03-17T10:23:23.781952Z,LANDSAT_8,100.0,100.0,152.02815099,40.48912219,18
LC08_L2SP_196028_20220317_20220322_02_T1_ST,Landsat Collection 2 Level-2 Surface Temperature Product Product,2022-03-17T10:22:59.895148Z,LANDSAT_8,99.97,99.97,153.09004148,39.36203427,18
LE07_L2SP_197028_20220316_20220411_02_T2_ST,Landsat Collection 2 Level-2 Surface Temperature Product,2022-03-16T09:09:19.042950Z,LANDSAT_7,100.0,100.0,130.92273237,30.28753502,18
LC09_L2SP_196029_20220309_20230425_02_T1_ST,Landsat Collection 2 Level-2 Surface Temperature Product Product,2022-03-09T10:23:31.008072Z,LANDSAT_9,20.25,20.25,152.75439537,37.34821487,18
LC09_L2SP_196028_20220309_20230425_02_T1_ST,Landsat Collection 2 Level-2 Surface Temperature Product Product,2022-03-09T10:23:07.121292Z,LANDSAT_9,2.16,2.16,153.72432861,36.21048181,18
LE07_L2SP_196029_20220309_20220404_02_T1_ST,Landsat Collection 2 Level-2 Surface Temperature Product Product,2022-03-09T09:04:15.033066Z,LANDSAT_7,26.0,26.0,131.31769806,28.51665036,18
LE07_L2SP_196028_20220309_20220404_02_T1_ST,Landsat Collection 2 Level-2 Surface Temperature Product Product,2022-03-09T09:03:51.151999Z,LANDSAT_7,1.0,1.0,132.28083424,27.78264547,18
LC08_L2SP_197028_20220308_20220315_02_T1_ST,Landsat Collection 2 Level-2 Surface Temperature Product Product,2022-03-08T10:29:15.463411Z,LANDSAT_8,0.7,0.7,153.77754453,35.81522394,18
LC08_L2SP_196029_20220301_20220309_02_T1_ST,Landsat Collection 2 Level-2 Surface Temperature Product Product,2022-03-01T10:23:30.329114Z,LANDSAT_8,16.63,16.63,153.46723204,34.27737191,18
LC08_L2SP_196028_20220301_20220309_02_T1_ST,Landsat Collection 2 Level-2 Surface Temperature Product Product,2022-03-01T10:23:06.446546Z,LANDSAT_8,11.57,11.57,154.35578988,33.12932509,18
LC09_L2SP_197028_20220228_20230426_02_T1_ST,Landsat Collection 2 Level-2 Surface Temperature Product Product,2022-02-28T10:29:18.197524Z,LANDSAT_9,0.11,0.11,154.46063554,32.76045801,18
LE07_L2SP_197028_20220228_20220326_02_T1_ST,Landsat Collection 2 Level-2 Surface Temperature Product Product,2022-02-28T09:10:55.097902Z,LANDSAT_7,0.0,0.0,134.00071651,24.66701806,18
LC09_L2SP_196029_20220221_20230427_02_T1_ST,Landsat Collection 2 Level-2 Surface Temperature Product Product,2022-02-21T10:23:36.952541Z,LANDSAT_9,60.3,60.3,154.27158913,31.36506033,18
LC09_L2SP_196028_20220221_20230427_02_T1_ST,Landsat Collection 2 Level-2 Surface Temperature Product Product,2022-02-21T10:23:13.069997Z,LANDSAT_9,85.63,85.63,155.08746345,30.20535448,18
LE07_L2SP_196029_20220221_20220319_02_T1_ST,Landsat Collection 2 Level-2 Surface Temperature Product Product,2022-02-21T09:05:48.357958Z,LANDSAT_7,57.0,57.0,134.53582696,23.17594616,18
LE07_L2SP_196028_20220221_20220319_02_T1_ST,Landsat Collection 2 Level-2 Surface Temperature Product Product,2022-02-21T09:05:24.477887Z,LANDSAT_7,64.0,64.0,135.33322099,22.37214269,18
LC08_L2SP_197028_20220220_20220301_02_T1_ST,Landsat Collection 2 Level-2 Surface Temperature Product Product,2022-02-20T10:29:17.795373Z,LANDSAT_8,89.8,89.8,155.16850147,29.85049561,18
LC08_L2SP_196029_20220213_20220222_02_T1_ST,Landsat Collection 2 Level-2 Surface Temperature Product Product,2022-02-13T10:23:34.469368Z,LANDSAT_8,29.63,29.63,155.12255401,28.65762441,18
LC08_L2SP_196028_20220213_20220222_02_T1_ST,Landsat Collection 2 Level-2 Surface Temperature Product Product,2022-02-13T10:23:10.591036Z,LANDSAT_8,2.45,2.45,155.87526052,27.48567595,18
LC09_L2SP_197028_20220212_20230427_02_T1_ST,Landsat Collection 2 Level-2 Surface Temperature Product Product,2022-02-12T10:29:29.321821Z,LANDSAT_9,69.63,69.63,155.98965795,27.16773411,18
LE07_L2SP_197028_20220212_20220310_02_T1_ST,Landsat Collection 2 Level-2 Surface Temperature Product Product,2022-02-12T09:12:28.317669Z,LANDSAT_7,81.0,81.0,137.05517386,19.68042286,18
LC09_L2SP_196029_20220205_20230429_02_T1_ST,Landsat Collection 2 Level-2 Surface Temperature Product Product,2022-02-05T10:23:44.818475Z,LANDSAT_9,15.78,15.78,156.07286396,26.22709538,18
LC09_L2SP_196028_20220205_20230429_02_T1_ST,Landsat Collection 2 Level-2 Surface Temperature Product Product,2022-02-05T10:23:20.931695Z,LANDSAT_9,19.19,19.19,156.77076231,25.04121918,18
LE07_L2SP_196029_20220205_20220303_02_T1_ST,Landsat Collection 2 Level-2 Surface Temperature Product Product,2022-02-05T09:07:25.002345Z,LANDSAT_7,24.0,24.0,137.72582082,18.69636162,18
LE07_L2SP_196028_20220205_20220303_02_T1_ST,Landsat Collection 2 Level-2 Surface Temperature Product Product,2022-02-05T09:07:01.122270Z,LANDSAT_7,21.0,21.0,138.40307149,17.82987915,18
LC08_L2SP_197028_20220204_20220212_02_T1_ST,Landsat Collection 2 Level-2 Surface Temperature Product Product,2022-02-04T10:29:24.075278Z,LANDSAT_8,81.8,81.8,156.8841526,24.75769305,18
LC08_L2SP_196029_20220128_20220204_02_T1_ST,Landsat Collection 2 Level-2 Surface Temperature Product Product,2022-01-28T10:23:37.390353Z,LANDSAT_8,24.71,24.71,157.09861449,24.12583048,18
LC08_L2SP_196028_20220128_20220204_02_T1_ST,Landsat Collection 2 Level-2 Surface Temperature Product Product,2022-01-28T10:23:13.507785Z,LANDSAT_8,33.35,33.35,157.75034372,22.92569449,18
LC09_L2SP_197028_20220127_20230430_02_T1_ST,Landsat Collection 2 Level-2 Surface Temperature Product Product,2022-01-27T10:29:32.489292Z,LANDSAT_9,69.72,69.72,157.87714588,22.68788575,18
LE07_L2SP_197028_20220127_20220222_02_T1_ST,Landsat Collection 2 Level-2 Surface Temperature Product Product,2022-01-27T09:14:06.024188Z,LANDSAT_7,69.0,69.0,140.13965176,15.84162181,18
LC09_L2SP_196029_20220120_20230430_02_T1_ST,Landsat Collection 2 Level-2 Surface Temperature Product Product,2022-01-20T10:23:44.766094Z,LANDSAT_9,30.69,30.69,158.17965461,22.40538615,18
LC09_L2SP_196028_20220120_20230430_02_T1_ST,Landsat Collection 2 Level-2 Surface Temperature Product Product,2022-01-20T10:23:20.883549Z,LANDSAT_9,69.61,69.61,158.79327578,21.19015893,18
LE07_L2SP_196029_20220120_20220215_02_T1_ST,Landsat Collection 2 Level-2 Surface Temperature Product Product,2022-01-20T09:09:00.085249Z,LANDSAT_7,31.0,31.0,140.87787177,15.55605681,18
LC08_L2SP_197028_20220119_20220127_02_T1_ST,Landsat Collection 2 Level-2 Surface Temperature Product Product,2022-01-19T10:29:28.081772Z,LANDSAT_8,73.64,73.64,158.9313381,21.00461862,18
LC08_L2SP_196029_20220112_20220123_02_T1_ST,Landsat Collection 2 Level-2 Surface Temperature Product Product,2022-01-12T10:23:42.999338Z,LANDSAT_8,21.22,21.22,159.3017153,21.11044324,18
LC08_L2SP_196028_20220112_20220123_02_T1_ST,Landsat Collection 2 Level-2 Surface Temperature Product Product,2022-01-12T10:23:19.112535Z,LANDSAT_8,30.97,30.97,159.88618372,19.88015212,18
LC09_L2SP_197028_20220111_20230502_02_T1_ST,Landsat Collection 2 Level-2 Surface Temperature Product Product,2022-01-11T10:29:30.610244Z,LANDSAT_9,35.85,35.85,160.01455075,19.74628587,18
LC09_L2SP_196029_20220104_20230502_02_T1_ST,Landsat Collection 2 Level-2 Surface Temperature Product Product,2022-01-04T10:23:45.660666Z,LANDSAT_9,94.22,94.22,160.40799558,20.26722219,18
LC09_L2SP_196028_20220104_20230502_02_T1_ST,Landsat Collection 2 Level-2 Surface Temperature Product Product,2022-01-04T10:23:21.778123Z,LANDSAT_9,97.07,97.07,160.97106429,19.02250429,18
LC08_L2SP_197028_20220103_20220113_02_T1_ST,Landsat Collection 2 Level-2 Surface Temperature Product Product,2022-01-03T10:29:30.861936Z,LANDSAT_8,99.98,99.98,161.1184049,18.95182106,18
LC08_L2SP_196029_20211227_20220105_02_T2_ST,Landsat Collection 2 Level-2 Surface Temperature Product,2021-12-27T10:23:45.652187Z,LANDSAT_8,99.98,99.98,161.49185314,19.90396599,18
LC08_L2SP_196028_20211227_20220105_02_T2_ST,Landsat Collection 2 Level-2 Surface Temperature Product,2021-12-27T10:23:21.769619Z,LANDSAT_8,100.0,100.0,162.04123012,18.6456873,18
LC09_L2SP_197028_20211226_20230503_02_T1_ST,Landsat Collection 2 Level-2 Surface Temperature Product Product,2021-12-26T10:29:33.651857Z,LANDSAT_9,96.21,96.21,162.15148394,18.62813675,18
LC09_L2SP_196029_20211219_20230504_02_T1_ST,Landsat Collection 2 Level-2 Surface Temperature Product Product,2021-12-19T10:23:45.986679Z,LANDSAT_9,16.44,16.44,162.44570246,20.01163467,18
LC09_L2SP_196028_20211219_20230504_02_T1_ST,Landsat Collection 2 Level-2 Surface Temperature Product Product,2021-12-19T10:23:22.099898Z,LANDSAT_9,48.28,48.28,162.98936852,18.74114819,18
LC08_L2SP_197028_20211218_20211223_02_T1_ST,Landsat Collection 2 Level-2 Surface Temperature Product Product,2021-12-18T10:29:36.005581Z,LANDSAT_8,68.79,68.79,163.12046754,18.79100586,18
LC08_L2SP_196029_20211211_20211216_02_T1_ST,Landsat Collection 2 Level-2 Surface Temperature Product Product,2021-12-11T10:23:50.338977Z,LANDSAT_8,43.75,43.75,163.28960005,20.59578902,18
LC08_L2SP_196028_20211211_20211216_02_T2_ST,Landsat Collection 2 Level-2 Surface Temperature Product,2021-12-11T10:23:26.460647Z,LANDSAT_8,91.79,91.79,163.8342224,19.31574223,18
LC09_L2SP_197028_20211210_20230505_02_T2_ST,Landsat Collection 2 Level-2 Surface Temperature Product Product,2021-12-10T10:29:36.751914Z,LANDSAT_9,84.29,84.29,163.90112299,19.41355957,18
LE07_L2SP_196029_20211203_20211230_02_T1_ST,Landsat Collection 2 Level-2 Surface Temperature Product Product,2021-12-03T09:13:38.616312Z,LANDSAT_7,11.0,11.0,147.44023204,16.40077171,18
LE07_L2SP_196028_20211203_20211230_02_T1_ST,Landsat Collection 2 Level-2 Surface Temperature Product Product,2021-12-03T09:13:14.732925Z,LANDSAT_7,10.0,10.0,148.01481455,15.34980105,18
LC08_L2SP_197028_20211202_20211209_02_T2_ST,Landsat Collection 2 Level-2 Surface Temperature Product,2021-12-02T10:29:37.833014Z,LANDSAT_8,92.67,92.67,164.54583736,20.4933377,18
LC08_L2SP_196029_20211125_20211201_02_T2_ST,Landsat Collection 2 Level-2 Surface Temperature Product,2021-11-25T10:23:50.272655Z,LANDSAT_8,99.99,99.99,164.32418841,23.06250219,18
LC08_L2SP_196028_20211125_20211201_02_T2_ST,Landsat Collection 2 Level-2 Surface Temperature Product,2021-11-25T10:23:26.394323Z,LANDSAT_8,100.0,100.0,164.89293326,21.7702025,18
LE07_L2SP_197028_20211124_20211221_02_T1_ST,Landsat Collection 2 Level-2 Surface Temperature Product Product,2021-11-24T09:20:15.460918Z,LANDSAT_7,52.0,52.0,148.27788647,17.11986685,18
LC09_L2SP_197028_20211121_20230505_02_T1_ST,Landsat Collection 2 Level-2 Surface Temperature Product Product,2021-11-21T10:26:52.795627Z,LANDSAT_9,93.6,93.6,164.92264148,22.61283284,18
LE07_L2SP_196029_20211117_20211213_02_T1_ST,Landsat Collection 2 Level-2 Surface Temperature Product Product,2021-11-17T09:15:09.852776Z,LANDSAT_7,83.0,83.0,147.54988166,19.81742615,18
LE07_L2SP_196028_20211117_20211213_02_T2_ST,Landsat Collection 2 Level-2 Surface Temperature Product,2021-11-17T09:14:45.971332Z,LANDSAT_7,90.0,90.0,148.18981602,18.76372897,18
LC08_L2SP_197028_20211116_20211125_02_T2_ST,Landsat Collection 2 Level-2 Surface Temperature Product,2021-11-16T10:29:36.461972Z,LANDSAT_8,99.95,99.95,165.03995679,23.81939177,18
LC09_L2SP_196029_20211116_20230506_02_T1_ST,Landsat Collection 2 Level-2 Surface Temperature Product Product,2021-11-16T10:24:49.095773Z,LANDSAT_9,41.65,41.65,164.33325187,25.09352978,18
LC09_L2SP_196028_20211116_20230506_02_T1_ST,Landsat Collection 2 Level-2 Surface Temperature Product Product,2021-11-16T10:24:25.251354Z,LANDSAT_9,89.96,89.96,164.92972515,23.80058041,18
LC08_L2SP_196029_20211109_20211117_02_T1_ST,Landsat Collection 2 Level-2 Surface Temperature Product Product,2021-11-09T10:23:52.476741Z,LANDSAT_8,14.05,14.05,164.27398821,26.98311742,18
LC08_L2SP_196028_20211109_20211117_02_T1_ST,Landsat Collection 2 Level-2 Surface Temperature Product Product,2021-11-09T10:23:28.594173Z,LANDSAT_8,45.99,45.99,164.89770454,25.69085023,18
LE07_L2SP_197028_20211108_20211204_02_T1_ST,Landsat Collection 2 Level-2 Surface Temperature Product Product,2021-11-08T09:21:49.393337Z,LANDSAT_7,59.0,59.0,147.6885292,21.163129,18
LE07_L2SP_196029_20211101_20211127_02_T1_ST,Landsat Collection 2 Level-2 Surface Temperature Product Product,2021-11-01T09:16:42.492056Z,LANDSAT_7,83.0,83.0,146.25726873,24.23521879,18
LE07_L2SP_196028_20211101_20211128_02_T2_ST,Landsat Collection 2 Level-2 Surface Temperature Product,2021-11-01T09:16:18.611762Z,LANDSAT_7,76.0,76.0,146.9961901,23.20357137,18
LC08_L2SP_197028_20211031_20211109_02_T1_ST,Landsat Collection 2 Level-2 Surface Temperature Product Product,2021-10-31T10:29:41.724180Z,LANDSAT_8,27.53,27.53,164.37597974,28.38595189,18
LC08_L2SP_196029_20211024_20211103_02_T1_ST,Landsat Collection 2 Level-2 Surface Temperature Product Product,2021-10-24T10:23:55.215168Z,LANDSAT_8,1.17,1.17,162.97546453,31.93550487,18
LC08_L2SP_196028_20211024_20211103_02_T1_ST,Landsat Collection 2 Level-2 Surface Temperature Product Product,2021-10-24T10:23:31.328364Z,LANDSAT_8,1.25,1.25,163.69107272,30.65780952,18
LE07_L2SP_197028_20211023_20211118_02_T1_ST,Landsat Collection 2 Level-2 Surface Temperature Product Product,2021-10-23T09:23:19.325044Z,LANDSAT_7,5.0,5.0,145.7170863,25.98082166,18
LE07_L2SP_196029_20211016_20211111_02_T1_ST,Landsat Collection 2 Level-2 Surface Temperature Product Product,2021-10-16T09:18:10.463917Z,LANDSAT_7,1.0,1.0,143.55365145,29.20271931,18
LE07_L2SP_196028_20211016_20211111_02_T1_ST,Landsat Collection 2 Level-2 Surface Temperature Product Product,2021-10-16T09:17:46.583951Z,LANDSAT_7,23.0,23.0,144.42925898,28.21941462,18
LC08_L2SP_197028_20211015_20211025_02_T1_ST,Landsat Collection 2 Level-2 Surface Temperature Product Product,2021-10-15T10:29:41.439262Z,LANDSAT_8,34.98,34.98,162.4590635,33.7319008,18
LC08_L2SP_196029_20211008_20211018_02_T1_ST,Landsat Collection 2 Level-2 Surface Temperature Product Product,2021-10-08T10:23:53.053830Z,LANDSAT_8,15.58,15.58,160.38528269,37.44907395,18
LC08_L2SP_196028_20211008_20211018_02_T1_ST,Landsat Collection 2 Level-2 Surface Temperature Product Product,2021-10-08T10:23:29.167027Z,LANDSAT_8,43.75,43.75,161.23964848,36.20298311,18
LE07_L2SP_197028_20211007_20211102_02_T1_ST,Landsat Collection 2 Level-2 Surface Temperature Product Product,2021-10-07T09:24:45.348644Z,LANDSAT_7,38.0,38.0,142.44007487,31.14234206,18
LE07_L2SP_196029_20210930_20211027_02_T1_ST,Landsat Collection 2 Level-2 Surface Temperature Product Product,2021-09-30T09:19:34.943943Z,LANDSAT_7,5.0,5.0,139.60576577,34.31994483,18
LE07_L2SP_196028_20210930_20211027_02_T1_ST,Landsat Collection 2 Level-2 Surface Temperature Product Product,2021-09-30T09:19:11.062797Z,LANDSAT_7,2.0,2.0,140.65654589,33.41487436,18
LC08_L2SP_197028_20210929_20211012_02_T1_ST,Landsat Collection 2 Level-2 Surface Temperature Product Product,2021-09-29T10:29:36.846988Z,LANDSAT_8,71.81,71.81,159.35976612,39.41156492,18
LC08_L2SP_196029_20210922_20210930_02_T1_ST,Landsat Collection 2 Level-2 Surface Temperature Product Product,2021-09-22T10:23:46.983677Z,LANDSAT_8,6.78,6.78,156.62514505,43.09003612,18
LC08_L2SP_196028_20210922_20210930_02_T1_ST,Landsat Collection 2 Level-2 Surface Temperature Product Product,2021-09-22T10:23:23.096872Z,LANDSAT_8,30.77,30.77,157.6757293,41.89411799,18
LE07_L2SP_197028_20210921_20211017_02_T1_ST,Landsat Collection 2 Level-2 Surface Temperature Product Product,2021-09-21T09:26:10.328337Z,LANDSAT_7,84.0,84.0,138.11319511,36.2784442,18
LE07_L2SP_196029_20210914_20211010_02_T1_ST,Landsat Collection 2 Level-2 Surface Temperature Product Product,2021-09-14T09:21:00.952242Z,LANDSAT_7,75.0,75.0,134.71832986,39.25248354,18
LE07_L2SP_196028_20210914_20211010_02_T1_ST,Landsat Collection 2 Level-2 Surface Temperature Product Product,2021-09-14T09:20:37.069582Z,LANDSAT_7,82.0,82.0,135.98238772,38.44266583,18
LC08_L2SP_197028_20210913_20210924_02_T1_ST,Landsat Collection 2 Level-2 Surface Temperature Product Product,2021-09-13T10:29:32.793682Z,LANDSAT_8,2.36,2.36,155.27473349,45.01161754,18
LC08_L2SP_196029_20210906_20210915_02_T1_ST,Landsat Collection 2 Level-2 Surface Temperature Product Product,2021-09-06T10:23:44.319648Z,LANDSAT_8,13.95,13.95,151.96442771,48.48195402,18
LC08_L2SP_196028_20210906_20210915_02_T1_ST,Landsat Collection 2 Level-2 Surface Temperature Product Product,2021-09-06T10:23:20.428607Z,LANDSAT_8,6.87,6.87,153.27452944,47.35459088,18
LE07_L2SP_197028_20210905_20211001_02_T1_ST,Landsat Collection 2 Level-2 Surface Temperature Product Product,2021-09-05T09:27:35.491847Z,LANDSAT_7,4.0,4.0,133.12683811,41.11224005,18
LE07_L2SP_196029_20210829_20210924_02_T1_ST,Landsat Collection 2 Level-2 Surface Temperature Product Product,2021-08-29T09:22:25.049944Z,LANDSAT_7,15.0,15.0,129.3797308,43.77956945,18
LE07_L2SP_196028_20210829_20210924_02_T1_ST,Landsat Collection 2 Level-2 Surface Temperature Product Product,2021-08-29T09:22:01.166238Z,LANDSAT_7,31.0,31.0,130.87501915,43.08094713,18
LC08_L2SP_197028_20210828_20210901_02_T1_ST,Landsat Collection 2 Level-2 Surface Temperature Product Product,2021-08-28T10:29:28.351138Z,LANDSAT_8,24.47,24.47,150.59924837,50.21059034,18
LC08_L2SP_196029_20210821_20210827_02_T1_ST,Landsat Collection 2 Level-2 Surface Temperature Product Product,2021-08-21T10:23:39.572461Z,LANDSAT_8,0.42,0.42,146.87535673,53.33510003,18
LC08_L2SP_196028_20210821_20210827_02_T1_ST,Landsat Collection 2 Level-2 Surface Temperature Product Product,2021-08-21T10:23:15.685657Z,LANDSAT_8,0.63,0.63,148.50131186,52.29072176,18
LE07_L2SP_197028_20210820_20210915_02_T1_ST,Landsat Collection 2 Level-2 Surface Temperature Product Product,2021-08-20T09:28:58.181617Z,LANDSAT_7,3.0,3.0,128.03186239,45.45160913,18
LE07_L2SP_196029_20210813_20210908_02_T1_ST,Landsat Collection 2 Level-2 Surface Temperature Product Product,2021-08-13T09:23:48.204606Z,LANDSAT_7,0.0,0.0,124.19819276,47.74465808,18
LE07_L2SP_196028_20210813_20210908_02_T1_ST,Landsat Collection 2 Level-2 Surface Temperature Product Product,2021-08-13T09:23:24.321112Z,LANDSAT_7,6.0,6.0,125.93149137,47.16263331,18
LC08_L2SP_197028_20210812_20210819_02_T1_ST,Landsat Collection 2 Level-2 Surface Temperature Product Product,2021-08-12T10:29:23.871786Z,LANDSAT_8,11.96,11.96,145.89429746,54.75118731,18
LC08_L2SP_196029_20210805_20210811_02_T1_ST,Landsat Collection 2 Level-2 Surface Temperature Product Product,2021-08-05T10:23:34.327482Z,LANDSAT_8,39.97,39.97,142.0525231,57.445391,18
LC08_L2SP_196028_20210805_20210811_02_T1_ST,Landsat Collection 2 Level-2 Surface Temperature Product Product,2021-08-05T10:23:10.440679Z,LANDSAT_8,85.35,85.35,144.02536594,56.48612425,18
LE07_L2SP_197028_20210804_20210831_02_T2_ST,Landsat Collection 2 Level-2 Surface Temperature Product,2021-08-04T09:30:23.262925Z,LANDSAT_7,100.0,100.0,123.50346347,49.17983737,18
LE07_L2SP_196029_20210728_20210823_02_T1_ST,Landsat Collection 2 Level-2 Surface Temperature Product Product,2021-07-28T09:25:13.380024Z,LANDSAT_7,63.0,63.0,119.90888492,51.07832328,18
LE07_L2SP_196028_20210728_20210823_02_T2_ST,Landsat Collection 2 Level-2 Surface Temperature Product,2021-07-28T09:24:49.498066Z,LANDSAT_7,86.0,86.0,121.87378039,50.59463146,18
LC08_L2SP_197028_20210727_20210804_02_T1_ST,Landsat Collection 2 Level-2 Surface Temperature Product Product,2021-07-27T10:29:17.203205Z,LANDSAT_8,59.16,59.16,141.94250381,58.45298476,18
LC08_L2SP_196029_20210720_20210729_02_T1_ST,Landsat Collection 2 Level-2 Surface Temperature Product Product,2021-07-20T10:23:26.439114Z,LANDSAT_8,2.43,2.43,138.35888638,60.6544397,18
LC08_L2SP_196028_20210720_20210729_02_T1_ST,Landsat Collection 2 Level-2 Surface Temperature Product Product,2021-07-20T10:23:02.548074Z,LANDSAT_8,2.96,2.96,140.65945076,59.76387581,18
LE07_L2SP_197028_20210719_20210814_02_T1_ST,Landsat Collection 2 Level-2 Surface Temperature Product Product,2021-07-19T09:31:47.261535Z,LANDSAT_7,1.0,1.0,120.24573626,52.19358202,18
LE07_L2SP_196029_20210712_20210807_02_T1_ST,Landsat Collection 2 Level-2 Surface Temperature Product Product,2021-07-12T09:26:36.451354Z,LANDSAT_7,42.0,42.0,117.22929981,53.67576379,18
LE07_L2SP_196028_20210712_20210807_02_T1_ST,Landsat Collection 2 Level-2 Surface Temperature Product Product,2021-07-12T09:26:12.570906Z,LANDSAT_7,76.0,76.0,119.39476288,53.25268496,18
LC08_L2SP_197028_20210711_20210720_02_T1_ST,Landsat Collection 2 Level-2 Surface Temperature Product Product,2021-07-11T10:29:10.573993Z,LANDSAT_8,31.1,31.1,139.5613342,61.14089831,18
LC08_L2SP_196029_20210704_20210713_02_T2_ST,Landsat Collection 2 Level-2 Surface Temperature Product,2021-07-04T10:23:23.211791Z,LANDSAT_8,100.0,100.0,136.65637956,62.80838873,18
LC08_L2SP_196028_20210704_20210713_02_T2_ST,Landsat Collection 2 Level-2 Surface Temperature Product,2021-07-04T10:22:59.329224Z,LANDSAT_8,99.97,99.97,139.19098518,61.95010796,18
LE07_L2SP_197028_20210703_20210730_02_T2_ST,Landsat Collection 2 Level-2 Surface Temperature Product,2021-07-03T09:33:09.220533Z,LANDSAT_7,100.0,100.0,118.91098081,54.34999417,18
LE07_L2SP_196029_20210626_20210722_02_T1_ST,Landsat Collection 2 Level-2 Surface Temperature Product Product,2021-06-26T09:27:57.530736Z,LANDSAT_7,8.0,8.0,116.72971236,55.37356572,18
LE07_L2SP_196028_20210626_20210722_02_T1_ST,Landsat Collection 2 Level-2 Surface Temperature Product Product,2021-06-26T09:27:33.650974Z,LANDSAT_7,26.0,26.0,119.01471624,54.96224492,18
LC08_L2SP_197028_20210625_20210707_02_T1_ST,Landsat Collection 2 Level-2 Surface Temperature Product Product,2021-06-25T10:29:08.824960Z,LANDSAT_8,61.8,61.8,139.35057378,62.61228691,18
LC08_L2SP_196029_20210618_20210628_02_T1_ST,Landsat Collection 2 Level-2 Surface Temperature Product Product,2021-06-18T10:23:20.209170Z,LANDSAT_8,26.99,26.99,137.3460833,63.68180808,18
LC08_L2SP_196028_20210618_20210628_02_T1_ST,Landsat Collection 2 Level-2 Surface Temperature Product Product,2021-06-18T10:22:56.326604Z,LANDSAT_8,15.57,15.57,139.94397434,62.80892344,18
LE07_L2SP_197028_20210617_20210713_02_T1_ST,Landsat Collection 2 Level-2 Surface Temperature Product Product,2021-06-17T09:34:29.082368Z,LANDSAT_7,79.0,79.0,119.78443718,55.40524281,18
LE07_L2SP_196029_20210610_20210706_02_T1_ST,Landsat Collection 2 Level-2 Surface Temperature Product Product,2021-06-10T09:29:16.422895Z,LANDSAT_7,14.0,14.0,118.50888265,55.90558388,18
LE07_L2SP_196028_20210610_20210706_02_T1_ST,Landsat Collection 2 Level-2 Surface Temperature Product Product,2021-06-10T09:28:52.542333Z,LANDSAT_7,10.0,10.0,120.8124415,55.45139233,18
LC08_L2SP_197028_20210609_20210615_02_T1_ST,Landsat Collection 2 Level-2 Surface Temperature Product Product,2021-06-09T10:29:04.204941Z,LANDSAT_8,43.95,43.95,141.21746828,62.61968493,18
LC08_L2SP_196029_20210602_20210608_02_T1_ST,Landsat Collection 2 Level-2 Surface Temperature Product Product,2021-06-02T10:23:14.340796Z,LANDSAT_8,96.46,96.46,140.02673081,63.03291542,18
LC08_L2SP_196028_20210602_20210608_02_T1_ST,Landsat Collection 2 Level-2 Surface Temperature Product Product,2021-06-02T10:22:50.453994Z,LANDSAT_8,93.82,93.82,142.48011562,62.10796706,18
LE07_L2SP_197028_20210601_20210627_02_T1_ST,Landsat Collection 2 Level-2 Surface Temperature Product Product,2021-06-01T09:35:46.867948Z,LANDSAT_7,4.0,4.0,122.60174185,55.08620358,18
LE07_L2SP_196029_20210525_20210620_02_T1_ST,Landsat Collection 2 Level-2 Surface Temperature Product Product,2021-05-25T09:30:36.381990Z,LANDSAT_7,35.0,35.0,122.05001638,54.99121661,18
LE07_L2SP_196028_20210525_20210620_02_T1_ST,Landsat Collection 2 Level-2 Surface Temperature Product Product,2021-05-25T09:30:12.500183Z,LANDSAT_7,78.0,78.0,124.2467898,54.45245035,18
LC08_L2SP_197028_20210524_20210529_02_T1_ST,Landsat Collection 2 Level-2 Surface Temperature Product Product,2021-05-24T10:28:56.740907Z,LANDSAT_8,86.65,86.65,144.25936883,60.97375095,18
LC08_L2SP_196029_20210517_20210525_02_T1_ST,Landsat Collection 2 Level-2 Surface Temperature Product Product,2021-05-17T10:23:05.623618Z,LANDSAT_8,62.18,62.18,143.49153775,60.71362424,18
LC08_L2SP_196028_20210517_20210525_02_T1_ST,Landsat Collection 2 Level-2 Surface Temperature Product Product,2021-05-17T10:22:41.736814Z,LANDSAT_8,84.95,84.95,145.64753403,59.72551538,18
LE07_L2SP_197028_20210516_20210612_02_T2_ST,Landsat Collection 2 Level-2 Surface Temperature Product,2021-05-16T09:37:09.419399Z,LANDSAT_7,100.0,100.0,126.53180096,53.18277239,18
LE07_L2SP_196029_20210509_20210604_02_T1_ST,Landsat Collection 2 Level-2 Surface Temperature Product Product,2021-05-09T09:31:57.821474Z,LANDSAT_7,52.0,52.0,126.37608375,52.48273751,18
LE07_L2SP_196028_20210509_20210604_02_T1_ST,Landsat Collection 2 Level-2 Surface Temperature Product Product,2021-05-09T09:31:33.938202Z,LANDSAT_7,37.0,37.0,128.34764499,51.84644045,18
LC08_L2SP_197028_20210508_20210518_02_T1_ST,Landsat Collection 2 Level-2 Surface Temperature Product Product,2021-05-08T10:28:46.236895Z,LANDSAT_8,14.48,14.48,147.31636354,57.68184409,18
LC08_L2SP_196029_20210501_20210508_02_T2_ST,Landsat Collection 2 Level-2 Surface Temperature Product,2021-05-01T10:23:01.570758Z,LANDSAT_8,100.0,100.0,146.61152729,56.8118501,18
LC08_L2SP_196028_20210501_20210508_02_T2_ST,Landsat Collection 2 Level-2 Surface Temperature Product,2021-05-01T10:22:37.688190Z,LANDSAT_8,99.99,99.99,148.42150171,55.76956129,18
LE07_L2SP_197028_20210430_20210527_02_T2_ST,Landsat Collection 2 Level-2 Surface Temperature Product,2021-04-30T09:38:29.519135Z,LANDSAT_7,100.0,100.0,130.60688494,49.71502003,18
LE07_L2SP_196029_20210423_20210520_02_T1_ST,Landsat Collection 2 Level-2 Surface Temperature Product Product,2021-04-23T09:33:18.103774Z,LANDSAT_7,3.0,3.0,130.56888929,48.49058944,18
LE07_L2SP_196028_20210423_20210520_02_T1_ST,Landsat Collection 2 Level-2 Surface Temperature Product Product,2021-04-23T09:32:54.220212Z,LANDSAT_7,1.0,1.0,132.26246526,47.76373728,18
LC08_L2SP_197028_20210422_20210430_02_T1_ST,Landsat Collection 2 Level-2 Surface Temperature Product Product,2021-04-22T10:28:53.947718Z,LANDSAT_8,13.07,13.07,149.72127499,52.99011789,18
LC08_L2SP_196029_20210415_20210424_02_T1_ST,Landsat Collection 2 Level-2 Surface Temperature Product Product,2021-04-15T10:23:10.489503Z,LANDSAT_8,14.64,14.64,149.06836096,51.67900467,18
LC08_L2SP_196028_20210415_20210424_02_T1_ST,Landsat Collection 2 Level-2 Surface Temperature Product Product,2021-04-15T10:22:46.606935Z,LANDSAT_8,23.41,23.41,150.56502706,50.59704607,18
LE07_L2SP_197028_20210414_20210510_02_T1_ST,Landsat Collection 2 Level-2 Surface Temperature Product Product,2021-04-14T09:39:50.784375Z,LANDSAT_7,0.0,0.0,134.21102158,44.94306773,18
LE07_L2SP_196029_20210407_20210503_02_T1_ST,Landsat Collection 2 Level-2 Surface Temperature Product Product,2021-04-07T09:34:38.935407Z,LANDSAT_7,29.0,29.0,134.18936939,43.35346124,18
LE07_L2SP_196028_20210407_20210503_02_T1_ST,Landsat Collection 2 Level-2 Surface Temperature Product Product,2021-04-07T09:34:15.052678Z,LANDSAT_7,48.0,48.0,135.60755892,42.55601002,18
LC08_L2SP_197028_20210406_20210415_02_T1_ST,Landsat Collection 2 Level-2 Surface Temperature Product Product,2021-04-06T10:29:00.939549Z,LANDSAT_8,39.6,39.6,151.47617026,47.29857246,18
LC08_L2SP_196029_20210330_20210409_02_T1_ST,Landsat Collection 2 Level-2 Surface Temperature Product Product,2021-03-30T10:23:16.159441Z,LANDSAT_8,2.37,2.37,150.83922562,45.71303736,18
LC08_L2SP_196028_20210330_20210409_02_T1_ST,Landsat Collection 2 Level-2 Surface Temperature Product Product,2021-03-30T10:22:52.276875Z,LANDSAT_8,2.7,2.7,152.07667909,44.6038821,18
LE07_L2SP_197028_20210329_20210424_02_T1_ST,Landsat Collection 2 Level-2 Surface Temperature Product Product,2021-03-29T09:41:10.405753Z,LANDSAT_7,0.0,0.0,137.2472585,39.30617905,18
LE07_L2SP_196029_20210322_20210417_02_T1_ST,Landsat Collection 2 Level-2 Surface Temperature Product Product,2021-03-22T09:35:57.634299Z,LANDSAT_7,36.0,36.0,137.26139667,37.55589836,18
LE07_L2SP_196028_20210322_20210417_02_T1_ST,Landsat Collection 2 Level-2 Surface Temperature Product Product,2021-03-22T09:35:33.753570Z,LANDSAT_7,30.0,30.0,138.43293023,36.69561399,18
LC08_L2SP_197028_20210321_20210401_02_T1_ST,Landsat Collection 2 Level-2 Surface Temperature Product Product,2021-03-21T10:29:04.927191Z,LANDSAT_8,41.05,41.05,152.77523255,41.05306269,18
LC08_L2SP_196029_20210314_20210328_02_T1_ST,Landsat Collection 2 Level-2 Surface Temperature Product Product,2021-03-14T10:23:20.723372Z,LANDSAT_8,56.97,56.97,152.27569465,39.40123668,18
LC08_L2SP_196028_20210314_20210328_02_T2_ST,Landsat Collection 2 Level-2 Surface Temperature Product,2021-03-14T10:22:56.840804Z,LANDSAT_8,98.15,98.15,153.30471646,38.27064281,18
LE07_L2SP_197028_20210313_20210410_02_T1_ST,Landsat Collection 2 Level-2 Surface Temperature Product Product,2021-03-13T09:42:27.785313Z,LANDSAT_7,86.0,86.0,139.8947874,33.31500534,18
LE07_L2SP_196029_20210306_20210401_02_T1_ST,Landsat Collection 2 Level-2 Surface Temperature Product Product,2021-03-06T09:37:13.968029Z,LANDSAT_7,61.0,61.0,140.0332724,31.63362246,18
LE07_L2SP_196028_20210306_20210401_02_T1_ST,Landsat Collection 2 Level-2 Surface Temperature Product Product,2021-03-06T09:36:50.088114Z,LANDSAT_7,48.0,48.0,141.00721413,30.72160973,18
LC08_L2SP_197028_20210305_20210312_02_T1_ST,Landsat Collection 2 Level-2 Surface Temperature Product Product,2021-03-05T10:29:13.020687Z,LANDSAT_8,95.67,95.67,154.00672103,34.74926683,18
LC08_L2SP_196029_20210226_20210304_02_T1_ST,Landsat Collection 2 Level-2 Surface Temperature Product Product,2021-02-26T10:23:29.593480Z,LANDSAT_8,11.53,11.53,153.73289266,33.25486043,18
LC08_L2SP_196028_20210226_20210304_02_T1_ST,Landsat Collection 2 Level-2 Surface Temperature Product Product,2021-02-26T10:23:05.710912Z,LANDSAT_8,3.93,3.93,154.59561904,32.10294736,18
LE07_L2SP_197028_20210225_20210323_02_T1_ST,Landsat Collection 2 Level-2 Surface Temperature Product Product,2021-02-25T09:43:42.865580Z,LANDSAT_7,0.0,0.0,142.42578481,27.51194965,18
LE07_L2SP_196029_20210218_20210316_02_T1_ST,Landsat Collection 2 Level-2 Surface Temperature Product Product,2021-02-18T09:38:28.007718Z,LANDSAT_7,83.0,83.0,142.73731456,26.13249076,18
LE07_L2SP_196028_20210218_20210316_02_T1_ST,Landsat Collection 2 Level-2 Surface Temperature Product Product,2021-02-18T09:38:04.127487Z,LANDSAT_7,86.0,86.0,143.54963117,25.16999279,18
LC08_L2SP_197028_20210217_20210302_02_T1_ST,Landsat Collection 2 Level-2 Surface Temperature Product Product,2021-02-17T10:29:20.019309Z,LANDSAT_8,9.39,9.39,155.43507779,28.89904222,18
LC08_L2SP_196029_20210210_20210302_02_T1_ST,Landsat Collection 2 Level-2 Surface Temperature Product Product,2021-02-10T10:23:35.105298Z,LANDSAT_8,38.48,38.48,155.44029297,27.78728664,18
LC08_L2SP_196028_20210210_20210302_02_T1_ST,Landsat Collection 2 Level-2 Surface Temperature Product Product,2021-02-10T10:23:11.226967Z,LANDSAT_8,91.58,91.58,156.17322193,26.61081135,18
LE07_L2SP_197028_20210209_20210308_02_T2_ST,Landsat Collection 2 Level-2 Surface Temperature Product,2021-02-09T09:44:55.552381Z,LANDSAT_7,100.0,100.0,145.03596539,22.43190047,18
LE07_L2SP_196029_20210202_20210228_02_T1_ST,Landsat Collection 2 Level-2 Surface Temperature Product Product,2021-02-02T09:39:39.787987Z,LANDSAT_7,98.0,98.0,145.52422216,21.57989359,18
LE07_L2SP_196028_20210202_20210301_02_T2_ST,Landsat Collection 2 Level-2 Surface Temperature Product,2021-02-02T09:39:15.906004Z,LANDSAT_7,86.0,86.0,146.214794,20.56275281,18
LC08_L2SP_197028_20210201_20210302_02_T2_ST,Landsat Collection 2 Level-2 Surface Temperature Product,2021-02-01T10:29:23.815819Z,LANDSAT_8,99.95,99.95,157.21590605,24.00489524,18
LC08_L2SP_196029_20210125_20210305_02_T1_ST,Landsat Collection 2 Level-2 Surface Temperature Product Product,2021-01-25T10:23:37.581001Z,LANDSAT_8,58.22,58.22,157.46090394,23.48870144,18
LC08_L2SP_196028_20210125_20210305_02_T2_ST,Landsat Collection 2 Level-2 Surface Temperature Product,2021-01-25T10:23:13.698434Z,LANDSAT_8,83.52,83.52,158.09877632,22.28360059,18
LE07_L2SP_197028_20210124_20210219_02_T1_ST,Landsat Collection 2 Level-2 Surface Temperature Product Product,2021-01-24T09:46:06.150188Z,LANDSAT_7,40.0,40.0,147.75831065,18.56840859,18
LE07_L2SP_196029_20210117_20210212_02_T1_ST,Landsat Collection 2 Level-2 Surface Temperature Product Product,2021-01-17T09:40:49.384233Z,LANDSAT_7,56.0,56.0,148.34956328,18.42630979,18
LE07_L2SP_196028_20210117_20210213_02_T2_ST,Landsat Collection 2 Level-2 Surface Temperature Product,2021-01-17T09:40:25.500756Z,LANDSAT_7,56.0,56.0,148.95890048,17.36001416,18
LC08_L2SP_197028_20210116_20210306_02_T1_ST,Landsat Collection 2 Level-2 Surface Temperature Product Product,2021-01-16T10:29:25.855639Z,LANDSAT_8,67.86,67.86,159.29901034,20.52118934,18
LC08_L2SP_196029_20210109_20210307_02_T1_ST,Landsat Collection 2 Level-2 Surface Temperature Product Product,2021-01-09T10:23:42.445411Z,LANDSAT_8,100.0,100.0,159.68800987,20.76865709,18
LC08_L2SP_196028_20210109_20210307_02_T1_ST,Landsat Collection 2 Level-2 Surface Temperature Product Product,2021-01-09T10:23:18.562843Z,LANDSAT_8,61.03,61.03,160.26425018,19.53357306,18
LE07_L2SP_197028_20210108_20210203_02_T2_ST,Landsat Collection 2 Level-2 Surface Temperature Product,2021-01-08T09:47:14.458958Z,LANDSAT_7,58.0,58.0,150.47215802,16.30476882,18
LE07_L2SP_196029_20210101_20210127_02_T1_ST,Landsat Collection 2 Level-2 Surface Temperature Product Product,2021-01-01T09:41:56.759207Z,LANDSAT_7,87.0,87.0,151.01445301,16.9897993,18
LE07_L2SP_196028_20210101_20210127_02_T2_ST,Landsat Collection 2 Level-2 Surface Temperature Product,2021-01-01T09:41:32.874933Z,LANDSAT_7,94.0,94.0,151.58145941,15.87925508,18
LC08_L2SP_197028_20201231_20210308_02_T2_ST,Landsat Collection 2 Level-2 Surface Temperature Product,2020-12-31T10:29:33.075184Z,LANDSAT_8,89.65,89.65,161.48252115,18.78736245,18
LC08_L2SP_196029_20201224_20210310_02_T1_ST,Landsat Collection 2 Level-2 Surface Temperature Product Product,2020-12-24T10:23:48.212682Z,LANDSAT_8,91.0,91.0,161.83236967,19.88751703,18
LC08_L2SP_196028_20201224_20210310_02_T2_ST,Landsat Collection 2 Level-2 Surface Temperature Product,2020-12-24T10:23:24.321642Z,LANDSAT_8,98.21,98.21,162.37916905,18.62449642,18
LE07_L2SP_197028_20201223_20210119_02_T2_ST,Landsat Collection 2 Level-2 Surface Temperature Product,2020-12-23T09:48:20.467134Z,LANDSAT_7,100.0,100.0,152.87598642,15.85979232,18
LE07_L2SP_196029_20201216_20210112_02_T1_ST,Landsat Collection 2 Level-2 Surface Temperature Product Product,2020-12-16T09:43:05.505568Z,LANDSAT_7,41.0,41.0,153.17866372,17.39050325,18
LE07_L2SP_196028_20201216_20210112_02_T1_ST,Landsat Collection 2 Level-2 Surface Temperature Product Product,2020-12-16T09:42:41.622271Z,LANDSAT_7,31.0,31.0,153.73977458,16.24556855,18
LC08_L2SP_197028_20201215_20210314_02_T2_ST,Landsat Collection 2 Level-2 Surface Temperature Product,2020-12-15T10:29:36.801708Z,LANDSAT_8,77.34,77.34,163.41164294,18.95493005,18
LC08_L2SP_196029_20201208_20210313_02_T1_ST,Landsat Collection 2 Level-2 Surface Temperature Product Product,2020-12-08T10:23:50.350614Z,LANDSAT_8,63.43,63.43,163.5297375,20.90165047,18
LC08_L2SP_196028_20201208_20210313_02_T1_ST,Landsat Collection 2 Level-2 Surface Temperature Product Product,2020-12-08T10:23:26.472283Z,LANDSAT_8,46.97,46.97,164.07655324,19.61874493,18
LE07_L2SP_197028_20201207_20210102_02_T1_ST,Landsat Collection 2 Level-2 Surface Temperature Product Product,2020-12-07T09:49:33.263586Z,LANDSAT_7,39.0,39.0,154.61182221,17.23834815,18
LE07_L2SP_196029_20201130_20201226_02_T1_ST,Landsat Collection 2 Level-2 Surface Temperature Product Product,2020-11-30T09:44:17.448304Z,LANDSAT_7,37.0,37.0,154.47523985,19.53103213,18
LE07_L2SP_196028_20201130_20201226_02_T1_ST,Landsat Collection 2 Level-2 Surface Temperature Product Product,2020-11-30T09:43:53.566152Z,LANDSAT_7,84.0,84.0,155.06441885,18.36610829,18
LC08_L2SP_197028_20201129_20210316_02_T1_ST,Landsat Collection 2 Level-2 Surface Temperature Product Product,2020-11-29T10:29:36.799100Z,LANDSAT_8,81.49,81.49,164.69805424,20.95888893,18
LC08_L2SP_196029_20201122_20210315_02_T1_ST,Landsat Collection 2 Level-2 Surface Temperature Product Product,2020-11-22T10:23:48.449577Z,LANDSAT_8,3.56,3.56,164.38914213,23.64321569,18
LC08_L2SP_196028_20201122_20210315_02_T1_ST,Landsat Collection 2 Level-2 Surface Temperature Product Product,2020-11-22T10:23:24.562775Z,LANDSAT_8,26.01,26.01,164.96540553,22.34968,18
LE07_L2SP_197028_20201121_20201217_02_T1_ST,Landsat Collection 2 Level-2 Surface Temperature Product Product,2020-11-21T09:50:43.223915Z,LANDSAT_7,20.0,20.0,155.32001127,20.22548459,18
LE07_L2SP_196029_20201114_20201211_02_T1_ST,Landsat Collection 2 Level-2 Surface Temperature Product Product,2020-11-14T09:45:25.868749Z,LANDSAT_7,27.0,27.0,154.59669928,23.11834089,18
LE07_L2SP_196028_20201114_20201211_02_T1_ST,Landsat Collection 2 Level-2 Surface Temperature Product Product,2020-11-14T09:45:01.988084Z,LANDSAT_7,2.0,2.0,155.24660559,21.95112096,18
LE07_L2SP_197028_20201105_20201201_02_T1_ST,Landsat Collection 2 Level-2 Surface Temperature Product Product,2020-11-05T09:51:50.003837Z,LANDSAT_7,86.0,86.0,154.78046879,24.45677868,18
LE07_L2SP_196029_20201029_20201125_02_T1_ST,Landsat Collection 2 Level-2 Surface Temperature Product Product,2020-10-29T09:46:31.468541Z,LANDSAT_7,79.0,79.0,153.37806848,27.73535304,18
LE07_L2SP_196028_20201029_20201125_02_T2_ST,Landsat Collection 2 Level-2 Surface Temperature Product,2020-10-29T09:46:07.588055Z,LANDSAT_7,91.0,91.0,154.12507388,26.58611024,18
LC08_L2SP_197028_20201028_20201106_02_T1_ST,Landsat Collection 2 Level-2 Surface Temperature Product Product,2020-10-28T10:29:35.635762Z,LANDSAT_8,81.94,81.94,164.12377026,29.26237523,18
LC08_L2SP_196029_20201021_20201106_02_T1_ST,Landsat Collection 2 Level-2 Surface Temperature Product Product,2020-10-21T10:23:49.268958Z,LANDSAT_8,59.28,59.28,162.6052972,32.8552035,18
LC08_L2SP_196028_20201021_20201106_02_T1_ST,Landsat Collection 2 Level-2 Surface Temperature Product Product,2020-10-21T10:23:25.386391Z,LANDSAT_8,92.42,92.42,163.34120117,31.58213504,18
LE07_L2SP_197028_20201020_20201115_02_T1_ST,Landsat Collection 2 Level-2 Surface Temperature Product Product,2020-10-20T09:52:54.144292Z,LANDSAT_7,96.0,96.0,152.9077613,29.48742002,18
LE07_L2SP_196029_20201013_20201108_02_T1_ST,Landsat Collection 2 Level-2 Surface Temperature Product Product,2020-10-13T09:47:34.552595Z,LANDSAT_7,61.0,61.0,150.79409033,32.93921423,18
LE07_L2SP_196028_20201013_20201108_02_T1_ST,Landsat Collection 2 Level-2 Surface Temperature Product Product,2020-10-13T09:47:10.670911Z,LANDSAT_7,71.0,71.0,151.67960931,31.82965739,18
LC08_L2SP_197028_20201012_20201105_02_T1_ST,Landsat Collection 2 Level-2 Surface Temperature Product Product,2020-10-12T10:29:36.090106Z,LANDSAT_8,71.14,71.14,161.99563291,34.69955354,18
LC08_L2SP_196029_20201005_20201016_02_T1_ST,Landsat Collection 2 Level-2 Surface Temperature Product Product,2020-10-05T10:23:48.537627Z,LANDSAT_8,66.79,66.79,159.80213083,38.42256104,18
LC08_L2SP_196028_20201005_20201016_02_T1_ST,Landsat Collection 2 Level-2 Surface Temperature Product Product,2020-10-05T10:23:24.646587Z,LANDSAT_8,92.37,92.37,160.68628131,37.18378303,18
LE07_L2SP_197028_20201004_20201031_02_T1_ST,Landsat Collection 2 Level-2 Surface Temperature Product Product,2020-10-04T09:53:56.098998Z,LANDSAT_7,99.0,99.0,149.77201185,34.88247959,18
LE07_L2SP_196029_20200927_20201023_02_T1_ST,Landsat Collection 2 Level-2 Surface Temperature Product Product,2020-09-27T09:48:35.657218Z,LANDSAT_7,78.0,78.0,146.97431623,38.29771214,18
LE07_L2SP_196028_20200927_20201024_02_T2_ST,Landsat Collection 2 Level-2 Surface Temperature Product,2020-09-27T09:48:11.773807Z,LANDSAT_7,100.0,100.0,148.04650242,37.25161009,18
LC08_L2SP_197028_20200926_20201006_02_T1_ST,Landsat Collection 2 Level-2 Surface Temperature Product Product,2020-09-26T10:29:33.859987Z,LANDSAT_8,80.75,80.75,158.6981143,40.38804732,18
LC08_L2SP_196029_20200919_20201006_02_T1_ST,Landsat Collection 2 Level-2 Surface Temperature Product Product,2020-09-19T10:23:45.122499Z,LANDSAT_8,67.81,67.81,155.85467104,44.04184241,18
LC08_L2SP_196028_20200919_20201006_02_T1_ST,Landsat Collection 2 Level-2 Surface Temperature Product Product,2020-09-19T10:23:21.231460Z,LANDSAT_8,63.09,63.09,156.94586454,42.85659684,18
LE07_L2SP_197028_20200918_20201015_02_T1_ST,Landsat Collection 2 Level-2 Surface Temperature Product Product,2020-09-18T09:54:57.507283Z,LANDSAT_7,13.0,13.0,145.58950686,40.24696466,18
LE07_L2SP_196029_20200911_20201009_02_T1_ST,Landsat Collection 2 Level-2 Surface Temperature Product Product,2020-09-11T09:49:38.589133Z,LANDSAT_7,28.0,28.0,142.21373764,43.47048363,18
LE07_L2SP_196028_20200911_20201009_02_T1_ST,Landsat Collection 2 Level-2 Surface Temperature Product Product,2020-09-11T09:49:14.705142Z,LANDSAT_7,10.0,10.0,143.52050663,42.50974507,18
LC08_L2SP_197028_20200910_20200919_02_T1_ST,Landsat Collection 2 Level-2 Surface Temperature Product Product,2020-09-10T10:29:29.068764Z,LANDSAT_8,8.11,8.11,154.48059864,45.94192989,18
LC08_L2SP_196029_20200903_20200918_02_T1_ST,Landsat Collection 2 Level-2 Surface Temperature Product Product,2020-09-03T10:23:39.407498Z,LANDSAT_8,1.43,1.43,151.07812329,49.35795492,18
LC08_L2SP_196028_20200903_20200918_02_T1_ST,Landsat Collection 2 Level-2 Surface Temperature Product Product,2020-09-03T10:23:15.520695Z,LANDSAT_8,12.49,12.49,152.43926682,48.24466468,18
LE07_L2SP_197028_20200902_20200928_02_T1_ST,Landsat Collection 2 Level-2 Surface Temperature Product Product,2020-09-02T09:56:01.167621Z,LANDSAT_7,18.0,18.0,140.74899154,45.28603302,18
LE07_L2SP_196029_20200826_20200921_02_T1_ST,Landsat Collection 2 Level-2 Surface Temperature Product Product,2020-08-26T09:50:41.614628Z,LANDSAT_7,9.0,9.0,136.96806914,48.18661612,18
LE07_L2SP_196028_20200826_20200921_02_T1_ST,Landsat Collection 2 Level-2 Surface Temperature Product Product,2020-08-26T09:50:17.731052Z,LANDSAT_7,57.0,57.0,138.54868685,47.32675811,18
LC08_L2SP_197028_20200825_20200905_02_T1_ST,Landsat Collection 2 Level-2 Surface Temperature Product Product,2020-08-25T10:29:22.155185Z,LANDSAT_8,14.18,14.18,149.74085789,51.03773046,18
LC08_L2SP_196029_20200818_20200823_02_T1_ST,Landsat Collection 2 Level-2 Surface Temperature Product Product,2020-08-18T10:23:31.544800Z,LANDSAT_8,16.14,16.14,145.97441772,54.09427344,18
LC08_L2SP_196028_20200818_20200823_02_T1_ST,Landsat Collection 2 Level-2 Surface Temperature Product Product,2020-08-18T10:23:07.657995Z,LANDSAT_8,29.74,29.74,147.65949028,53.065289,18
LE07_L2SP_197028_20200817_20200917_02_T1_ST,Landsat Collection 2 Level-2 Surface Temperature Product Product,2020-08-17T09:57:03.393203Z,LANDSAT_7,56.0,56.0,135.79578928,49.77763482,18
LC08_L2SP_197028_20200809_20200917_02_T1_ST,Landsat Collection 2 Level-2 Surface Temperature Product Product,2020-08-09T10:29:14.304776Z,LANDSAT_8,8.41,8.41,145.10895445,55.44716754,18
LC08_L2SP_196029_20200802_20200914_02_T1_ST,Landsat Collection 2 Level-2 Surface Temperature Product Product,2020-08-02T10:23:26.235850Z,LANDSAT_8,40.98,40.98,141.27488097,58.05598648,18
LC08_L2SP_196028_20200802_20200914_02_T1_ST,Landsat Collection 2 Level-2 Surface Temperature Product Product,2020-08-02T10:23:02.344812Z,LANDSAT_8,71.7,71.7,143.30795726,57.11080488,18
LE07_L2SP_197028_20200801_20200914_02_T1_ST,Landsat Collection 2 Level-2 Surface Temperature Product Product,2020-08-01T09:58:04.301146Z,LANDSAT_7,0.0,0.0,131.4474019,53.56999914,18
LE07_L2SP_196029_20200725_20200903_02_T1_ST,Landsat Collection 2 Level-2 Surface Temperature Product Product,2020-07-25T09:52:43.591880Z,LANDSAT_7,1.0,1.0,127.78066935,55.64478337,18
LE07_L2SP_196028_20200725_20200903_02_T1_ST,Landsat Collection 2 Level-2 Surface Temperature Product Product,2020-07-25T09:52:19.711035Z,LANDSAT_7,10.0,10.0,129.92952152,54.97828313,18
LC08_L2SP_197028_20200724_20200911_02_T1_ST,Landsat Collection 2 Level-2 Surface Temperature Product Product,2020-07-24T10:29:11.117445Z,LANDSAT_8,5.83,5.83,141.35815373,58.9817912,18
LC08_L2SP_196029_20200717_20200911_02_T1_ST,Landsat Collection 2 Level-2 Surface Temperature Product Product,2020-07-17T10:23:22.120230Z,LANDSAT_8,35.05,35.05,137.8694399,61.09559972,18
LC08_L2SP_196028_20200717_20200911_02_T1_ST,Landsat Collection 2 Level-2 Surface Temperature Product Product,2020-07-17T10:22:58.241897Z,LANDSAT_8,87.2,87.2,140.21837447,60.21485968,18
LE07_L2SP_197028_20200716_20200904_02_T2_ST,Landsat Collection 2 Level-2 Surface Temperature Product,2020-07-16T09:59:03.835304Z,LANDSAT_7,93.0,93.0,128.48896767,56.53950833,18
LE07_L2SP_196029_20200709_20200907_02_T1_ST,Landsat Collection 2 Level-2 Surface Temperature Product Product,2020-07-09T09:53:42.562424Z,LANDSAT_7,0.0,0.0,125.43369694,58.15482407,18
LE07_L2SP_196028_20200709_20200907_02_T1_ST,Landsat Collection 2 Level-2 Surface Temperature Product Product,2020-07-09T09:53:18.682459Z,LANDSAT_7,8.0,8.0,127.81020752,57.53891982,18
LC08_L2SP_197028_20200708_20200912_02_T1_ST,Landsat Collection 2 Level-2 Surface Temperature Product Product,2020-07-08T10:29:05.896047Z,LANDSAT_8,0.01,0.01,139.32409297,61.47643794,18
LC08_L2SP_196029_20200701_20200913_02_T1_ST,Landsat Collection 2 Level-2 Surface Temperature Product Product,2020-07-01T10:23:16.042789Z,LANDSAT_8,19.74,19.74,136.55624479,63.04259156,18
LC08_L2SP_196028_20200701_20200913_02_T1_ST,Landsat Collection 2 Level-2 Surface Temperature Product Product,2020-07-01T10:22:52.151751Z,LANDSAT_8,30.35,30.35,139.11683932,62.18588621,18
LE07_L2SP_197028_20200630_20200822_02_T1_ST,Landsat Collection 2 Level-2 Surface Temperature Product Product,2020-06-30T10:00:02.054676Z,LANDSAT_7,2.0,2.0,127.58216864,58.51273001,18
LE07_L2SP_196029_20200623_20200822_02_T1_ST,Landsat Collection 2 Level-2 Surface Temperature Product Product,2020-06-23T09:54:40.200039Z,LANDSAT_7,4.0,4.0,125.40969655,59.61838435,18
LE07_L2SP_196028_20200623_20200822_02_T1_ST,Landsat Collection 2 Level-2 Surface Temperature Product Product,2020-06-23T09:54:16.318960Z,LANDSAT_7,4.0,4.0,127.9164906,58.99977069,18
LC08_L2SP_197028_20200622_20200824_02_T1_ST,Landsat Collection 2 Level-2 Surface Temperature Product Product,2020-06-22T10:28:58.704610Z,LANDSAT_8,38.26,38.26,139.49171127,62.71160192,18
LC08_L2SP_196029_20200615_20200823_02_T1_ST,Landsat Collection 2 Level-2 Surface Temperature Product Product,2020-06-15T10:23:07.970458Z,LANDSAT_8,26.95,26.95,137.65174614,63.67242644,18
LC08_L2SP_196028_20200615_20200823_02_T1_ST,Landsat Collection 2 Level-2 Surface Temperature Product Product,2020-06-15T10:22:44.083653Z,LANDSAT_8,62.77,62.77,140.23960543,62.79327475,18
LE07_L2SP_197028_20200614_20200823_02_T1_ST,Landsat Collection 2 Level-2 Surface Temperature Product Product,2020-06-14T10:00:58.909533Z,LANDSAT_7,46.0,46.0,128.95858255,59.2407531,18
LE07_L2SP_196029_20200607_20200823_02_T1_ST,Landsat Collection 2 Level-2 Surface Temperature Product Product,2020-06-07T09:55:36.424768Z,LANDSAT_7,61.0,61.0,127.70529698,59.76676347,18
LE07_L2SP_196028_20200607_20200823_02_T1_ST,Landsat Collection 2 Level-2 Surface Temperature Product Product,2020-06-07T09:55:12.542378Z,LANDSAT_7,84.0,84.0,130.17090162,59.09828209,18
LC08_L2SP_197028_20200606_20200824_02_T1_ST,Landsat Collection 2 Level-2 Surface Temperature Product Product,2020-06-06T10:28:49.480521Z,LANDSAT_8,88.9,88.9,141.64069422,62.44346807,18
LC08_L2SP_196029_20200530_20200820_02_T1_ST,Landsat Collection 2 Level-2 Surface Temperature Product Product,2020-05-30T10:22:57.798759Z,LANDSAT_8,23.12,23.12,140.54424076,62.73806025,18
LC08_L2SP_196028_20200530_20200820_02_T1_ST,Landsat Collection 2 Level-2 Surface Temperature Product Product,2020-05-30T10:22:33.911957Z,LANDSAT_8,25.32,25.32,142.95508963,61.80348245,18
LE07_L2SP_197028_20200529_20200820_02_T1_ST,Landsat Collection 2 Level-2 Surface Temperature Product Product,2020-05-29T10:01:54.234423Z,LANDSAT_7,0.0,0.0,132.10904853,58.45978105,18
LE07_L2SP_196029_20200522_20200820_02_T1_ST,Landsat Collection 2 Level-2 Surface Temperature Product Product,2020-05-22T09:56:32.673173Z,LANDSAT_7,12.0,12.0,131.50876869,58.3509612,18
LE07_L2SP_196028_20200522_20200820_02_T1_ST,Landsat Collection 2 Level-2 Surface Temperature Product Product,2020-05-22T09:56:08.789340Z,LANDSAT_7,52.0,52.0,133.78754656,57.59885071,18
LC08_L2SP_197028_20200521_20200820_02_T1_ST,Landsat Collection 2 Level-2 Surface Temperature Product Product,2020-05-21T10:28:42.398535Z,LANDSAT_8,0.03,0.03,144.7605215,60.50713887,18
LC08_L2SP_196029_20200514_20200820_02_T1_ST,Landsat Collection 2 Level-2 Surface Temperature Product Product,2020-05-14T10:22:53.903194Z,LANDSAT_8,74.68,74.68,144.03140646,60.1350569,18
LC08_L2SP_196028_20200514_20200820_02_T1_ST,Landsat Collection 2 Level-2 Surface Temperature Product Product,2020-05-14T10:22:30.016390Z,LANDSAT_8,81.97,81.97,146.12926287,59.13757597,18
LE07_L2SP_197028_20200513_20200820_02_T2_ST,Landsat Collection 2 Level-2 Surface Temperature Product,2020-05-13T10:02:53.058239Z,LANDSAT_7,100.0,100.0,135.99699126,56.03442141,18
LE07_L2SP_196029_20200506_20200820_02_T1_ST,Landsat Collection 2 Level-2 Surface Temperature Product Product,2020-05-06T09:57:31.854849Z,LANDSAT_7,20.0,20.0,135.66929134,55.30616045,18
LE07_L2SP_196028_20200506_20200820_02_T1_ST,Landsat Collection 2 Level-2 Surface Temperature Product Product,2020-05-06T09:57:07.971089Z,LANDSAT_7,56.0,56.0,137.64274031,54.47121902,18
LC08_L2SP_197028_20200505_20200820_02_T1_ST,Landsat Collection 2 Level-2 Surface Temperature Product Product,2020-05-05T10:28:41.383266Z,LANDSAT_8,85.43,85.43,147.67286393,56.93902583,18
LC08_L2SP_196029_20200428_20200820_02_T1_ST,Landsat Collection 2 Level-2 Surface Temperature Product Product,2020-04-28T10:22:58.622709Z,LANDSAT_8,97.97,97.97,147.05241733,55.99725468,18
LC08_L2SP_196028_20200428_20200820_02_T2_ST,Landsat Collection 2 Level-2 Surface Temperature Product,2020-04-28T10:22:34.740142Z,LANDSAT_8,99.97,99.97,148.80556847,54.9476646,18
LE07_L2SP_197028_20200427_20200820_02_T1_ST,Landsat Collection 2 Level-2 Surface Temperature Product Product,2020-04-27T10:03:51.319898Z,LANDSAT_7,35.0,35.0,139.61354017,52.06550495,18
LE07_L2SP_196029_20200420_20200820_02_T2_ST,Landsat Collection 2 Level-2 Surface Temperature Product,2020-04-20T09:58:29.330644Z,LANDSAT_7,100.0,100.0,139.33075454,50.8321331,18
LE07_L2SP_196028_20200420_20200820_02_T1_ST,Landsat Collection 2 Level-2 Surface Temperature Product Product,2020-04-20T09:58:05.447762Z,LANDSAT_7,77.0,77.0,140.99226348,49.92404096,18
LC08_L2SP_197028_20200419_20200822_02_T2_ST,Landsat Collection 2 Level-2 Surface Temperature Product,2020-04-19T10:28:50.185921Z,LANDSAT_8,100.0,100.0,150.04171415,52.06182104,18
LC08_L2SP_196029_20200412_20200822_02_T1_ST,Landsat Collection 2 Level-2 Surface Temperature Product Product,2020-04-12T10:23:06.307243Z,LANDSAT_8,38.76,38.76,149.38631917,50.68976643,18
LC08_L2SP_196028_20200412_20200822_02_T1_ST,Landsat Collection 2 Level-2 Surface Temperature Product Product,2020-04-12T10:22:42.424677Z,LANDSAT_8,21.24,21.24,150.83468403,49.60282985,18
LE07_L2SP_197028_20200411_20200820_02_T1_ST,Landsat Collection 2 Level-2 Surface Temperature Product Product,2020-04-11T10:04:47.803024Z,LANDSAT_7,0.0,0.0,142.5506571,46.8900092,18
LE07_L2SP_196029_20200404_20200822_02_T1_ST,Landsat Collection 2 Level-2 Surface Temperature Product Product,2020-04-04T09:59:25.051181Z,LANDSAT_7,2.0,2.0,142.25816636,45.31684701,18
LE07_L2SP_196028_20200404_20200822_02_T1_ST,Landsat Collection 2 Level-2 Surface Temperature Product Product,2020-04-04T09:59:01.169933Z,LANDSAT_7,5.0,5.0,143.63314179,44.35902155,18
LC08_L2SP_197028_20200403_20200822_02_T1_ST,Landsat Collection 2 Level-2 Surface Temperature Product Product,2020-04-03T10:28:56.439855Z,LANDSAT_8,4.3,4.3,151.69009407,46.24250868,18
LC08_L2SP_196029_20200327_20200822_02_T1_ST,Landsat Collection 2 Level-2 Surface Temperature Product Product,2020-03-27T10:23:13.879109Z,LANDSAT_8,51.82,51.82,151.07208821,44.6297118,18
LC08_L2SP_196028_20200327_20200822_02_T1_ST,Landsat Collection 2 Level-2 Surface Temperature Product Product,2020-03-27T10:22:50.000777Z,LANDSAT_8,46.1,46.1,152.27038066,43.51723514,18
LE07_L2SP_197028_20200326_20200822_02_T1_ST,Landsat Collection 2 Level-2 Surface Temperature Product Product,2020-03-26T10:05:42.589361Z,LANDSAT_7,13.0,13.0,144.88702437,40.95962812,18
LE07_L2SP_196029_20200319_20200822_02_T1_ST,Landsat Collection 2 Level-2 Surface Temperature Product Product,2020-03-19T10:00:19.105780Z,LANDSAT_7,2.0,2.0,144.66450487,39.26307537,18
LE07_L2SP_196028_20200319_20200822_02_T1_ST,Landsat Collection 2 Level-2 Surface Temperature Product Product,2020-03-19T09:59:55.225369Z,LANDSAT_7,3.0,3.0,145.79893582,38.25840276,18
LC08_L2SP_197028_20200318_20200822_02_T1_ST,Landsat Collection 2 Level-2 Surface Temperature Product Product,2020-03-18T10:29:05.981401Z,LANDSAT_8,0.21,0.21,152.96666286,39.95187394,18
LC08_L2SP_196029_20200311_20200822_02_T1_ST,Landsat Collection 2 Level-2 Surface Temperature Product Product,2020-03-11T10:23:22.560694Z,LANDSAT_8,8.76,8.76,152.49811511,38.31145379,18
LC08_L2SP_196028_20200311_20200822_02_T1_ST,Landsat Collection 2 Level-2 Surface Temperature Product Product,2020-03-11T10:22:58.678126Z,LANDSAT_8,44.37,44.37,153.49572473,37.17759319,18
LE07_L2SP_197028_20200310_20200822_02_T2_ST,Landsat Collection 2 Level-2 Surface Temperature Product,2020-03-10T10:06:35.750290Z,LANDSAT_7,100.0,100.0,146.91759204,34.7885513,18
LE07_L2SP_196029_20200303_20200822_02_T1_ST,Landsat Collection 2 Level-2 Surface Temperature Product Product,2020-03-03T10:01:11.582877Z,LANDSAT_7,30.0,30.0,146.84876604,33.18579115,18
LE07_L2SP_196028_20200303_20200822_02_T1_ST,Landsat Collection 2 Level-2 Surface Temperature Product Product,2020-03-03T10:00:47.702050Z,LANDSAT_7,34.0,34.0,147.78968676,32.14364569,18
LC08_L2SP_197028_20200302_20200822_02_T2_ST,Landsat Collection 2 Level-2 Surface Temperature Product,2020-03-02T10:29:13.270345Z,LANDSAT_8,99.94,99.94,154.21191241,33.69135645,18
LC08_L2SP_196029_20200224_20200822_02_T1_ST,Landsat Collection 2 Level-2 Surface Temperature Product Product,2020-02-24T10:23:28.766557Z,LANDSAT_8,1.64,1.64,153.98963285,32.24652264,18
LC08_L2SP_196028_20200224_20200822_02_T1_ST,Landsat Collection 2 Level-2 Surface Temperature Product Product,2020-02-24T10:23:04.883989Z,LANDSAT_8,7.94,7.94,154.8274424,31.09079434,18
LE07_L2SP_197028_20200223_20200822_02_T1_ST,Landsat Collection 2 Level-2 Surface Temperature Product Product,2020-02-23T10:07:27.374647Z,LANDSAT_7,8.0,8.0,148.94782326,28.90000793,18
LE07_L2SP_196029_20200216_20200822_02_T1_ST,Landsat Collection 2 Level-2 Surface Temperature Product Product,2020-02-16T10:02:02.493017Z,LANDSAT_7,92.0,92.0,149.10023111,27.62322685,18
LE07_L2SP_196028_20200216_20200822_02_T1_ST,Landsat Collection 2 Level-2 Surface Temperature Product Product,2020-02-16T10:01:38.610591Z,LANDSAT_7,93.0,93.0,149.8890181,26.54338165,18
LC08_L2SP_197028_20200215_20200823_02_T1_ST,Landsat Collection 2 Level-2 Surface Temperature Product Product,2020-02-15T10:29:18.022882Z,LANDSAT_8,7.58,7.58,155.70770485,27.97143635,18
LC08_L2SP_196029_20200208_20200823_02_T1_ST,Landsat Collection 2 Level-2 Surface Temperature Product Product,2020-02-08T10:23:32.370706Z,LANDSAT_8,28.98,28.98,155.75571333,26.94859678,18
LC08_L2SP_196028_20200208_20200823_02_T1_ST,Landsat Collection 2 Level-2 Surface Temperature Product Product,2020-02-08T10:23:08.483902Z,LANDSAT_8,12.88,12.88,156.47005895,25.7672409,18
LE07_L2SP_197028_20200207_20200822_02_T1_ST,Landsat Collection 2 Level-2 Surface Temperature Product Product,2020-02-07T10:08:17.348292Z,LANDSAT_7,1.0,1.0,151.16227795,23.81555854,18
LE07_L2SP_196029_20200131_20200822_02_T1_ST,Landsat Collection 2 Level-2 Surface Temperature Product Product,2020-01-31T10:02:51.751817Z,LANDSAT_7,24.0,24.0,151.52392698,23.08061795,18
LE07_L2SP_196028_20200131_20200822_02_T1_ST,Landsat Collection 2 Level-2 Surface Temperature Product Product,2020-01-31T10:02:27.867857Z,LANDSAT_7,64.0,64.0,152.19800492,21.96504527,18
LC08_L2SP_197028_20200130_20200823_02_T1_ST,Landsat Collection 2 Level-2 Surface Temperature Product Product,2020-01-30T10:29:21.923872Z,LANDSAT_8,99.97,99.97,157.54575377,23.29131013,18
LC08_L2SP_196029_20200123_20200823_02_T1_ST,Landsat Collection 2 Level-2 Surface Temperature Product Product,2020-01-23T10:23:37.415418Z,LANDSAT_8,89.62,89.62,157.83137885,22.89702161,18
LC08_L2SP_196028_20200123_20200823_02_T1_ST,Landsat Collection 2 Level-2 Surface Temperature Product Product,2020-01-23T10:23:13.528615Z,LANDSAT_8,68.77,68.77,158.45633778,21.68661464,18
LE07_L2SP_197028_20200122_20200822_02_T1_ST,Landsat Collection 2 Level-2 Surface Temperature Product Product,2020-01-22T10:09:05.633726Z,LANDSAT_7,43.0,43.0,153.59175761,20.00817904,18
LE07_L2SP_196029_20200115_20200822_02_T1_ST,Landsat Collection 2 Level-2 Surface Temperature Product Product,2020-01-15T10:03:39.331909Z,LANDSAT_7,83.0,83.0,154.08610645,20.00476531,18
LE07_L2SP_196028_20200115_20200822_02_T1_ST,Landsat Collection 2 Level-2 Surface Temperature Product Product,2020-01-15T10:03:15.447622Z,LANDSAT_7,30.0,30.0,154.68728275,18.84675622,18
LC08_L2SP_197028_20200114_20200823_02_T1_ST,Landsat Collection 2 Level-2 Surface Temperature Product Product,2020-01-14T10:29:26.752847Z,LANDSAT_8,39.5,39.5,159.67457292,20.09083904,18
LC08_L2SP_196029_20200107_20200824_02_T1_ST,Landsat Collection 2 Level-2 Surface Temperature Product Product,2020-01-07T10:23:41.118104Z,LANDSAT_8,36.34,36.34,160.0684238,20.48131609,18
LC08_L2SP_196028_20200107_20200823_02_T1_ST,Landsat Collection 2 Level-2 Surface Temperature Product Product,2020-01-07T10:23:17.231301Z,LANDSAT_8,42.59,42.59,160.63739136,19.24100267,18
LE07_L2SP_197028_20200106_20200822_02_T1_ST,Landsat Collection 2 Level-2 Surface Temperature Product Product,2020-01-06T10:09:52.740547Z,LANDSAT_7,8.0,8.0,156.07673294,17.85726831,18
LE07_L2SP_196029_20191230_20200823_02_T1_ST,Landsat Collection 2 Level-2 Surface Temperature Product Product,2019-12-30T10:04:28.060278Z,LANDSAT_7,9.0,9.0,156.5476076,18.69136219,18
LE07_L2SP_196028_20191230_20200823_02_T1_ST,Landsat Collection 2 Level-2 Surface Temperature Product Product,2019-12-30T10:04:04.176743Z,LANDSAT_7,34.0,34.0,157.11015619,17.49676146,18
LC08_L2SP_197028_20191229_20200824_02_T1_ST,Landsat Collection 2 Level-2 Surface Temperature Product Product,2019-12-29T10:29:30.150860Z,LANDSAT_8,54.33,54.33,161.84117109,18.67972338,18
LC08_L2SP_196029_20191222_20200824_02_T1_ST,Landsat Collection 2 Level-2 Surface Temperature Product Product,2019-12-22T10:23:45.256971Z,LANDSAT_8,63.36,63.36,162.17294361,19.93080773,18
LC08_L2SP_196028_20191222_20200824_02_T2_ST,Landsat Collection 2 Level-2 Surface Temperature Product,2019-12-22T10:23:21.378639Z,LANDSAT_8,95.86,95.86,162.71742649,18.66427622,18
LE07_L2SP_197028_20191221_20200823_02_T1_ST,Landsat Collection 2 Level-2 Surface Temperature Product Product,2019-12-21T10:10:43.065679Z,LANDSAT_7,26.0,26.0,158.3214811,17.5686883,18
LE07_L2SP_196029_20191214_20200823_02_T1_ST,Landsat Collection 2 Level-2 Surface Temperature Product Product,2019-12-14T10:05:17.622157Z,LANDSAT_7,71.0,71.0,158.56825714,19.25040169,18
LE07_L2SP_196028_20191214_20200823_02_T1_ST,Landsat Collection 2 Level-2 Surface Temperature Product Product,2019-12-14T10:04:53.739923Z,LANDSAT_7,58.0,58.0,159.12532553,18.0275142,18
LC08_L2SP_197028_20191213_20201023_02_T1_ST,Landsat Collection 2 Level-2 Surface Temperature Product Product,2019-12-13T10:29:34.106007Z,LANDSAT_8,65.52,65.52,163.6935721,19.17650712,18
LC08_L2SP_196029_20191206_20200824_02_T1_ST,Landsat Collection 2 Level-2 Surface Temperature Product Product,2019-12-06T10:23:48.005515Z,LANDSAT_8,7.2,7.2,163.74925037,21.25961702,18
LC08_L2SP_196028_20191206_20200824_02_T1_ST,Landsat Collection 2 Level-2 Surface Temperature Product Product,2019-12-06T10:23:24.118711Z,LANDSAT_8,14.69,14.69,164.29921318,19.97361253,18
LE07_L2SP_197028_20191205_20200823_02_T1_ST,Landsat Collection 2 Level-2 Surface Temperature Product Product,2019-12-05T10:11:31.551883Z,LANDSAT_7,25.0,25.0,159.93386463,19.11699585,18
LE07_L2SP_196029_20191128_20200823_02_T1_ST,Landsat Collection 2 Level-2 Surface Temperature Product Product,2019-11-28T10:06:05.242633Z,LANDSAT_7,80.0,80.0,159.77384946,21.5650506,18
LE07_L2SP_196028_20191128_20200823_02_T2_ST,Landsat Collection 2 Level-2 Surface Temperature Product,2019-11-28T10:05:41.361479Z,LANDSAT_7,90.0,90.0,160.35644596,20.32577716,18
LC08_L2SP_197028_20191127_20200825_02_T1_ST,Landsat Collection 2 Level-2 Surface Temperature Product Product,2019-11-27T10:29:35.289430Z,LANDSAT_8,92.49,92.49,164.83469792,21.4750587,18
LC08_L2SP_196029_20191120_20200825_02_T1_ST,Landsat Collection 2 Level-2 Surface Temperature Product Product,2019-11-20T10:23:48.477309Z,LANDSAT_8,34.73,34.73,164.44300828,24.27211038,18
LC08_L2SP_196028_20191120_20200825_02_T1_ST,Landsat Collection 2 Level-2 Surface Temperature Product Product,2019-11-20T10:23:24.594743Z,LANDSAT_8,31.85,31.85,165.02710912,22.97806755,18
LE07_L2SP_197028_20191119_20200823_02_T1_ST,Landsat Collection 2 Level-2 Surface Temperature Product Product,2019-11-19T10:12:17.998537Z,LANDSAT_7,94.0,94.0,160.58307255,22.29136493,18
LE07_L2SP_196029_20191112_20200824_02_T1_ST,Landsat Collection 2 Level-2 Surface Temperature Product Product,2019-11-12T10:06:50.714624Z,LANDSAT_7,3.0,3.0,159.85881652,25.3356072,18
LE07_L2SP_196028_20191112_20200823_02_T1_ST,Landsat Collection 2 Level-2 Surface Temperature Product Product,2019-11-12T10:06:26.833625Z,LANDSAT_7,17.0,17.0,160.49935824,24.09496589,18
LC08_L2SP_197028_20191111_20200825_02_T1_ST,Landsat Collection 2 Level-2 Surface Temperature Product Product,2019-11-11T10:29:37.836962Z,LANDSAT_8,57.74,57.74,164.95237398,25.27784161,18
LC08_L2SP_196029_20191104_20200825_02_T1_ST,Landsat Collection 2 Level-2 Surface Temperature Product Product,2019-11-04T10:23:52.131238Z,LANDSAT_8,93.46,93.46,163.97427469,28.59950761,18
LC08_L2SP_196028_20191104_20200825_02_T2_ST,Landsat Collection 2 Level-2 Surface Temperature Product,2019-11-04T10:23:28.244436Z,LANDSAT_8,89.16,89.16,164.62507098,27.31038344,18
LE07_L2SP_197028_20191103_20200824_02_T1_ST,Landsat Collection 2 Level-2 Surface Temperature Product Product,2019-11-03T10:13:02.227014Z,LANDSAT_7,89.0,89.0,160.03358616,26.70512298,18
LE07_L2SP_196029_20191027_20200824_02_T1_ST,Landsat Collection 2 Level-2 Surface Temperature Product Product,2019-10-27T10:07:33.979632Z,LANDSAT_7,48.0,48.0,158.65365618,30.14058153,18
LE07_L2SP_196028_20191027_20200823_02_T1_ST,Landsat Collection 2 Level-2 Surface Temperature Product Product,2019-10-27T10:07:10.097411Z,LANDSAT_7,38.0,38.0,159.39354042,28.91665628,18
LC08_L2SP_197028_20191026_20200825_02_T1_ST,Landsat Collection 2 Level-2 Surface Temperature Product Product,2019-10-26T10:29:39.848177Z,LANDSAT_8,5.6,5.6,163.86130013,30.16714572,18
LC08_L2SP_196029_20191019_20200825_02_T1_ST,Landsat Collection 2 Level-2 Surface Temperature Product Product,2019-10-19T10:23:52.863387Z,LANDSAT_8,76.17,76.17,162.23001597,33.79912738,18
LC08_L2SP_196028_20191019_20200825_02_T1_ST,Landsat Collection 2 Level-2 Surface Temperature Product Product,2019-10-19T10:23:28.976584Z,LANDSAT_8,89.68,89.68,162.98748317,32.53028298,18
LE07_L2SP_197028_20191018_20200823_02_T1_ST,Landsat Collection 2 Level-2 Surface Temperature Product Product,2019-10-18T10:13:44.238313Z,LANDSAT_7,91.0,91.0,158.20277746,31.92075548,18
LE07_L2SP_196029_20191011_20200823_02_T1_ST,Landsat Collection 2 Level-2 Surface Temperature Product Product,2019-10-11T10:08:15.043687Z,LANDSAT_7,0.0,0.0,156.12943129,35.52448873,18
LE07_L2SP_196028_20191011_20200823_02_T1_ST,Landsat Collection 2 Level-2 Surface Temperature Product Product,2019-10-11T10:07:51.159847Z,LANDSAT_7,1.0,1.0,157.00869707,34.33499144,18
LC08_L2SP_197028_20191010_20200825_02_T1_ST,Landsat Collection 2 Level-2 Surface Temperature Product Product,2019-10-10T10:29:38.967059Z,LANDSAT_8,87.66,87.66,161.52256801,35.6773006,18
LC08_L2SP_196029_20191003_20200825_02_T1_ST,Landsat Collection 2 Level-2 Surface Temperature Product Product,2019-10-03T10:23:50.843470Z,LANDSAT_8,3.14,3.14,159.21407775,39.40172324,18
LC08_L2SP_196028_20191003_20200825_02_T1_ST,Landsat Collection 2 Level-2 Surface Temperature Product Product,2019-10-03T10:23:26.956666Z,LANDSAT_8,3.29,3.29,160.12899178,38.17077003,18
LE07_L2SP_197028_20191002_20200824_02_T1_ST,Landsat Collection 2 Level-2 Surface Temperature Product Product,2019-10-02T10:14:24.253698Z,LANDSAT_7,82.0,82.0,155.14831473,37.48340644,18
LE07_L2SP_196029_20190925_20200824_02_T1_ST,Landsat Collection 2 Level-2 Surface Temperature Product Product,2019-09-25T10:08:54.261862Z,LANDSAT_7,52.0,52.0,152.41445048,41.06267364,18
LE07_L2SP_196028_20190925_20200823_02_T1_ST,Landsat Collection 2 Level-2 Surface Temperature Product Product,2019-09-25T10:08:30.377406Z,LANDSAT_7,84.0,84.0,153.48090459,39.92721484,18
LC08_L2SP_197028_20190924_20200826_02_T1_ST,Landsat Collection 2 Level-2 Surface Temperature Product Product,2019-09-24T10:29:35.532729Z,LANDSAT_8,87.78,87.78,158.05396575,41.3723119,18
LC08_L2SP_196029_20190917_20200826_02_T1_ST,Landsat Collection 2 Level-2 Surface Temperature Product Product,2019-09-17T10:23:46.388726Z,LANDSAT_8,0.43,0.43,155.1064796,44.99606991,18
LC08_L2SP_196028_20190917_20200827_02_T1_ST,Landsat Collection 2 Level-2 Surface Temperature Product Product,2019-09-17T10:23:22.501923Z,LANDSAT_8,3.81,3.81,156.23911331,43.82173937,18
LE07_L2SP_197028_20190916_20200825_02_T1_ST,Landsat Collection 2 Level-2 Surface Temperature Product Product,2019-09-16T10:15:05.320295Z,LANDSAT_7,1.0,1.0,151.09220743,43.00680956,18
LE07_L2SP_196029_20190909_20200824_02_T1_ST,Landsat Collection 2 Level-2 Surface Temperature Product Product,2019-09-09T10:09:37.017210Z,LANDSAT_7,8.0,8.0,147.7670729,46.38316026,18
LE07_L2SP_196028_20190909_20200824_02_T1_ST,Landsat Collection 2 Level-2 Surface Temperature Product Product,2019-09-09T10:09:13.133381Z,LANDSAT_7,21.0,21.0,149.08833148,45.32416264,18
LC08_L2SP_197028_20190908_20200826_02_T1_ST,Landsat Collection 2 Level-2 Surface Temperature Product Product,2019-09-08T10:29:29.820637Z,LANDSAT_8,85.08,85.08,153.71090195,46.8653479,18
LC08_L2SP_196029_20190901_20200826_02_T1_ST,Landsat Collection 2 Level-2 Surface Temperature Product Product,2019-09-01T10:23:41.113446Z,LANDSAT_8,57.29,57.29,150.23298131,50.22869569,18
LC08_L2SP_196028_20190901_20200826_02_T1_ST,Landsat Collection 2 Level-2 Surface Temperature Product Product,2019-09-01T10:23:17.230878Z,LANDSAT_8,57.61,57.61,151.64588229,49.12894409,18
LE07_L2SP_197028_20190831_20200825_02_T1_ST,Landsat Collection 2 Level-2 Surface Temperature Product Product,2019-08-31T10:15:47.530175Z,LANDSAT_7,2.0,2.0,146.40080997,48.16706479,18
LE07_L2SP_196029_20190824_20200825_02_T1_ST,Landsat Collection 2 Level-2 Surface Temperature Product Product,2019-08-24T10:10:18.591842Z,LANDSAT_7,3.0,3.0,142.67599749,51.22008486,18
LE07_L2SP_196028_20190824_20200824_02_T1_ST,Landsat Collection 2 Level-2 Surface Temperature Product Product,2019-08-24T10:09:54.709308Z,LANDSAT_7,2.0,2.0,144.28980142,50.24873077,18
LC08_L2SP_197028_20190823_20200826_02_T1_ST,Landsat Collection 2 Level-2 Surface Temperature Product Product,2019-08-23T10:29:26.244311Z,LANDSAT_8,0.74,0.74,148.952053,51.86228492,18
LC08_L2SP_196029_20190816_20200827_02_T1_ST,Landsat Collection 2 Level-2 Surface Temperature Product Product,2019-08-16T10:23:37.520272Z,LANDSAT_8,7.4,7.4,145.14879272,54.8456333,18
LC08_L2SP_196028_20190816_20200827_02_T1_ST,Landsat Collection 2 Level-2 Surface Temperature Product Product,2019-08-16T10:23:13.633469Z,LANDSAT_8,41.94,41.94,146.8927148,53.83091962,18
LE07_L2SP_197028_20190815_20200824_02_T1_ST,Landsat Collection 2 Level-2 Surface Temperature Product Product,2019-08-15T10:16:28.366707Z,LANDSAT_7,78.0,78.0,141.65198309,52.72928138,18
LE07_L2SP_196029_20190808_20200825_02_T1_ST,Landsat Collection 2 Level-2 Surface Temperature Product Product,2019-08-08T10:10:58.919081Z,LANDSAT_7,3.0,3.0,137.79109705,55.36824293,18
LE07_L2SP_196028_20190808_20200824_02_T1_ST,Landsat Collection 2 Level-2 Surface Temperature Product Product,2019-08-08T10:10:35.037798Z,LANDSAT_7,5.0,5.0,139.73810967,54.49099201,18
LC08_L2SP_197028_20190807_20200827_02_T1_ST,Landsat Collection 2 Level-2 Surface Temperature Product Product,2019-08-07T10:29:21.571399Z,LANDSAT_8,83.73,83.73,144.41020353,56.13034228,18
LC08_L2SP_196029_20190731_20200827_02_T1_ST,Landsat Collection 2 Level-2 Surface Temperature Product Product,2019-07-31T10:23:31.979182Z,LANDSAT_8,15.15,15.15,140.61264276,58.66098611,18
LC08_L2SP_196028_20190731_20200827_02_T1_ST,Landsat Collection 2 Level-2 Surface Temperature Product Product,2019-07-31T10:23:08.096615Z,LANDSAT_8,40.12,40.12,142.70328447,57.72834907,18
LE07_L2SP_197028_20190730_20200824_02_T1_ST,Landsat Collection 2 Level-2 Surface Temperature Product Product,2019-07-30T10:17:07.986215Z,LANDSAT_7,81.0,81.0,137.57949579,56.52020539,18
LE07_L2SP_196029_20190723_20200825_02_T1_ST,Landsat Collection 2 Level-2 Surface Temperature Product Product,2019-07-23T10:11:37.993709Z,LANDSAT_7,2.0,2.0,133.97141974,58.70091393,18
LE07_L2SP_196028_20190723_20200825_02_T1_ST,Landsat Collection 2 Level-2 Surface Temperature Product Product,2019-07-23T10:11:14.112765Z,LANDSAT_7,0.0,0.0,136.22419907,57.90184981,18
LC08_L2SP_197028_20190722_20200827_02_T1_ST,Landsat Collection 2 Level-2 Surface Temperature Product Product,2019-07-22T10:29:14.933372Z,LANDSAT_8,2.29,2.29,140.91340625,59.5037816,18
LC08_L2SP_196029_20190715_20200827_02_T1_ST,Landsat Collection 2 Level-2 Surface Temperature Product Product,2019-07-15T10:23:25.828022Z,LANDSAT_8,59.98,59.98,137.52136992,61.52648121,18
LC08_L2SP_196028_20190715_20200827_02_T1_ST,Landsat Collection 2 Level-2 Surface Temperature Product Product,2019-07-15T10:23:01.945455Z,LANDSAT_8,60.72,60.72,139.91649289,60.65209014,18
LE07_L2SP_197028_20190714_20200825_02_T1_ST,Landsat Collection 2 Level-2 Surface Temperature Product Product,2019-07-14T10:17:46.346795Z,LANDSAT_7,16.0,16.0,135.00363001,59.38937778,18
LE07_L2SP_196029_20190707_20200825_02_T1_ST,Landsat Collection 2 Level-2 Surface Temperature Product Product,2019-07-07T10:12:15.790072Z,LANDSAT_7,14.0,14.0,132.03642969,61.06744697,18
LE07_L2SP_196028_20190707_20200825_02_T1_ST,Landsat Collection 2 Level-2 Surface Temperature Product Product,2019-07-07T10:11:51.908408Z,LANDSAT_7,11.0,11.0,134.53008641,60.30302261,18
LC08_L2SP_197028_20190706_20200827_02_T1_ST,Landsat Collection 2 Level-2 Surface Temperature Product Product,2019-07-06T10:29:11.378089Z,LANDSAT_8,62.32,62.32,139.23647851,61.79710359,18
LC08_L2SP_196029_20190629_20200827_02_T1_ST,Landsat Collection 2 Level-2 Surface Temperature Product Product,2019-06-29T10:23:22.886830Z,LANDSAT_8,1.33,1.33,136.63567957,63.26749311,18
LC08_L2SP_196028_20190629_20200827_02_T1_ST,Landsat Collection 2 Level-2 Surface Temperature Product Product,2019-06-29T10:22:59.000026Z,LANDSAT_8,1.73,1.73,139.21497995,62.40905209,18
LE07_L2SP_197028_20190628_20200825_02_T1_ST,Landsat Collection 2 Level-2 Surface Temperature Product Product,2019-06-28T10:18:23.323991Z,LANDSAT_7,0.0,0.0,134.57794064,61.14047858,18
LE07_L2SP_196029_20190621_20200825_02_T1_ST,Landsat Collection 2 Level-2 Surface Temperature Product Product,2019-06-21T10:12:52.144896Z,LANDSAT_7,74.0,74.0,132.52303124,62.26521643,18
LE07_L2SP_196028_20190621_20200825_02_T1_ST,Landsat Collection 2 Level-2 Surface Temperature Product Product,2019-06-21T10:12:28.261888Z,LANDSAT_7,83.0,83.0,135.11371538,61.48927988,18
LC08_L2SP_197028_20190620_20200827_02_T1_ST,Landsat Collection 2 Level-2 Surface Temperature Product Product,2019-06-20T10:29:07.297833Z,LANDSAT_8,57.52,57.52,139.80014392,62.79320244,18
LC08_L2SP_196029_20190613_20200828_02_T1_ST,Landsat Collection 2 Level-2 Surface Temperature Product Product,2019-06-13T10:23:17.938369Z,LANDSAT_8,1.66,1.66,138.10639938,63.64277147,18
LC08_L2SP_196028_20190613_20200828_02_T1_ST,Landsat Collection 2 Level-2 Surface Temperature Product Product,2019-06-13T10:22:54.051566Z,LANDSAT_8,3.21,3.21,140.677178,62.7546897,18
LE07_L2SP_197028_20190612_20200825_02_T1_ST,Landsat Collection 2 Level-2 Surface Temperature Product Product,2019-06-12T10:18:58.891292Z,LANDSAT_7,49.0,49.0,136.36057539,61.51403435,18
LE07_L2SP_196029_20190605_20200825_02_T1_ST,Landsat Collection 2 Level-2 Surface Temperature Product Product,2019-06-05T10:13:27.086141Z,LANDSAT_7,20.0,20.0,135.18760307,62.01554621,18
LE07_L2SP_196028_20190605_20200825_02_T1_ST,Landsat Collection 2 Level-2 Surface Temperature Product Product,2019-06-05T10:13:03.201880Z,LANDSAT_7,23.0,23.0,137.68333546,61.18390913,18
LC08_L2SP_197028_20190604_20200828_02_T1_ST,Landsat Collection 2 Level-2 Surface Temperature Product Product,2019-06-04T10:29:01.201647Z,LANDSAT_8,17.7,17.7,142.20370525,62.24433092,18
LC08_L2SP_196029_20190528_20200828_02_T1_ST,Landsat Collection 2 Level-2 Surface Temperature Product Product,2019-05-28T10:23:10.877139Z,LANDSAT_8,88.33,88.33,141.21167359,62.42442964,18
LC08_L2SP_196028_20190528_20200828_02_T2_ST,Landsat Collection 2 Level-2 Surface Temperature Product,2019-05-28T10:22:46.990337Z,LANDSAT_8,98.64,98.64,143.5742885,61.47746072,18
LE07_L2SP_197028_20190527_20200825_02_T1_ST,Landsat Collection 2 Level-2 Surface Temperature Product Product,2019-05-27T10:19:32.937478Z,LANDSAT_7,95.0,95.0,139.64119169,60.28739666,18
LE07_L2SP_196029_20190520_20200825_02_T1_ST,Landsat Collection 2 Level-2 Surface Temperature Product Product,2019-05-20T10:14:00.928416Z,LANDSAT_7,87.0,87.0,139.00073921,60.12338772,18
LE07_L2SP_196028_20190520_20200825_02_T2_ST,Landsat Collection 2 Level-2 Surface Temperature Product,2019-05-20T10:13:37.044825Z,LANDSAT_7,100.0,100.0,141.23514469,59.22190999,18
LC08_L2SP_197028_20190519_20200828_02_T2_ST,Landsat Collection 2 Level-2 Surface Temperature Product,2019-05-19T10:28:52.874704Z,LANDSAT_8,97.52,97.52,145.37229588,60.01892924,18
LC08_L2SP_196029_20190512_20200828_02_T1_ST,Landsat Collection 2 Level-2 Surface Temperature Product Product,2019-05-12T10:23:01.571692Z,LANDSAT_8,30.1,30.1,144.66309135,59.53910776,18
LC08_L2SP_196028_20190512_20200828_02_T1_ST,Landsat Collection 2 Level-2 Surface Temperature Product Product,2019-05-12T10:22:37.680653Z,LANDSAT_8,49.7,49.7,146.70116601,58.53042849,18
LE07_L2SP_197028_20190511_20200825_02_T1_ST,Landsat Collection 2 Level-2 Surface Temperature Product Product,2019-05-11T10:20:09.370849Z,LANDSAT_7,62.0,62.0,143.21571404,57.3945965,18
LE07_L2SP_196029_20190504_20200825_02_T1_ST,Landsat Collection 2 Level-2 Surface Temperature Product Product,2019-05-04T10:14:38.762772Z,LANDSAT_7,53.0,53.0,142.74389753,56.61544893,18
LE07_L2SP_196028_20190504_20200825_02_T2_ST,Landsat Collection 2 Level-2 Surface Temperature Product,2019-05-04T10:14:14.880016Z,LANDSAT_7,94.0,94.0,144.63521924,55.64287958,18
LC08_L2SP_197028_20190503_20200828_02_T1_ST,Landsat Collection 2 Level-2 Surface Temperature Product Product,2019-05-03T10:28:42.320568Z,LANDSAT_8,67.45,67.45,148.23344575,56.20514897,18
LC08_L2SP_196029_20190426_20200829_02_T1_ST,Landsat Collection 2 Level-2 Surface Temperature Product Product,2019-04-26T10:22:52.348855Z,LANDSAT_8,44.07,44.07,147.55028786,55.16444763,18
LC08_L2SP_196028_20190426_20200829_02_T1_ST,Landsat Collection 2 Level-2 Surface Temperature Product Product,2019-04-26T10:22:28.462052Z,LANDSAT_8,66.19,66.19,149.25012032,54.10749037,18
LE07_L2SP_197028_20190425_20200825_02_T2_ST,Landsat Collection 2 Level-2 Surface Temperature Product,2019-04-25T10:20:46.144174Z,LANDSAT_7,97.0,97.0,146.25117008,53.02084674,18
LE07_L2SP_196029_20190418_20200827_02_T1_ST,Landsat Collection 2 Level-2 Surface Temperature Product Product,2019-04-18T10:15:14.802897Z,LANDSAT_7,7.0,7.0,145.74893228,51.75607156,18
LE07_L2SP_196028_20190418_20200827_02_T1_ST,Landsat Collection 2 Level-2 Surface Temperature Product Product,2019-04-18T10:14:50.921367Z,LANDSAT_7,7.0,7.0,147.31752593,50.73175399,18
LC08_L2SP_197028_20190417_20200828_02_T1_ST,Landsat Collection 2 Level-2 Surface Temperature Product Product,2019-04-17T10:28:42.946763Z,LANDSAT_8,7.44,7.44,150.32800018,51.1045998,18
LC08_L2SP_196029_20190410_20200829_02_T1_ST,Landsat Collection 2 Level-2 Surface Temperature Product Product,2019-04-10T10:22:58.824859Z,LANDSAT_8,92.39,92.39,149.66442145,49.67422916,18
LC08_L2SP_196028_20190410_20200828_02_T1_ST,Landsat Collection 2 Level-2 Surface Temperature Product Product,2019-04-10T10:22:34.942292Z,LANDSAT_8,53.44,53.44,151.06677864,48.58309174,18
LE07_L2SP_197028_20190409_20200827_02_T1_ST,Landsat Collection 2 Level-2 Surface Temperature Product Product,2019-04-09T10:21:21.258924Z,LANDSAT_7,33.0,33.0,148.50280235,47.53896475,18
LE07_L2SP_196029_20190402_20200827_02_T1_ST,Landsat Collection 2 Level-2 Surface Temperature Product Product,2019-04-02T10:15:49.088726Z,LANDSAT_7,83.0,83.0,148.0081935,45.97326585,18
LE07_L2SP_196028_20190402_20200827_02_T1_ST,Landsat Collection 2 Level-2 Surface Temperature Product Product,2019-04-02T10:15:25.207735Z,LANDSAT_7,35.0,35.0,149.30585466,44.90856251,18
LC08_L2SP_197028_20190401_20200829_02_T1_ST,Landsat Collection 2 Level-2 Surface Temperature Product Product,2019-04-01T10:28:48.558125Z,LANDSAT_8,45.64,45.64,151.88234665,45.16615061,18
LC08_L2SP_196029_20190325_20200829_02_T1_ST,Landsat Collection 2 Level-2 Surface Temperature Product Product,2019-03-25T10:23:03.258185Z,LANDSAT_8,23.64,23.64,151.27694261,43.53113858,18
LC08_L2SP_196028_20190325_20200829_02_T1_ST,Landsat Collection 2 Level-2 Surface Temperature Product Product,2019-03-25T10:22:39.375617Z,LANDSAT_8,23.23,23.23,152.43825066,42.4155629,18
LE07_L2SP_197028_20190324_20200827_02_T1_ST,Landsat Collection 2 Level-2 Surface Temperature Product Product,2019-03-24T10:21:54.535117Z,LANDSAT_7,9.0,9.0,150.22397241,41.41357603,18
LE07_L2SP_196029_20190317_20200827_02_T1_ST,Landsat Collection 2 Level-2 Surface Temperature Product Product,2019-03-17T10:16:21.675373Z,LANDSAT_7,20.0,20.0,149.81760836,39.75322594,18
LE07_L2SP_196028_20190317_20200827_02_T1_ST,Landsat Collection 2 Level-2 Surface Temperature Product Product,2019-03-17T10:15:57.793941Z,LANDSAT_7,56.0,56.0,150.89171226,38.66000701,18
LC08_L2SP_197028_20190316_20200829_02_T1_ST,Landsat Collection 2 Level-2 Surface Temperature Product Product,2019-03-16T10:28:51.611146Z,LANDSAT_8,19.54,19.54,153.11511932,38.84277071,18
LC08_L2SP_196029_20190309_20200829_02_T1_ST,Landsat Collection 2 Level-2 Surface Temperature Product Product,2019-03-09T10:23:07.121539Z,LANDSAT_8,63.23,63.23,152.68130812,37.21701224,18
LC08_L2SP_196028_20190309_20200829_02_T2_ST,Landsat Collection 2 Level-2 Surface Temperature Product,2019-03-09T10:22:43.238971Z,LANDSAT_8,98.14,98.14,153.64940616,36.08063533,18
LE07_L2SP_197028_20190308_20200827_02_T2_ST,Landsat Collection 2 Level-2 Surface Temperature Product,2019-03-08T10:22:26.242462Z,LANDSAT_7,83.0,83.0,151.7556288,35.14790484,18
LE07_L2SP_196029_20190301_20200827_02_T1_ST,Landsat Collection 2 Level-2 Surface Temperature Product Product,2019-03-01T10:16:52.666882Z,LANDSAT_7,26.0,26.0,151.5535646,33.61248795,18
LE07_L2SP_196028_20190301_20200827_02_T2_ST,Landsat Collection 2 Level-2 Surface Temperature Product,2019-03-01T10:16:28.783863Z,LANDSAT_7,100.0,100.0,152.44886619,32.49221351,18
LC08_L2SP_197028_20190228_20200829_02_T1_ST,Landsat Collection 2 Level-2 Surface Temperature Product Product,2019-02-28T10:28:57.263045Z,LANDSAT_8,7.68,7.68,154.38961192,32.63673257,18
LC08_L2SP_196029_20190221_20200829_02_T1_ST,Landsat Collection 2 Level-2 Surface Temperature Product Product,2019-02-21T10:23:12.294940Z,LANDSAT_8,2.37,2.37,154.20620257,31.24643402,18
LC08_L2SP_196028_20190221_20200829_02_T1_ST,Landsat Collection 2 Level-2 Surface Temperature Product Product,2019-02-21T10:22:48.412374Z,LANDSAT_8,1.89,1.89,155.02089272,30.08776017,18
LE07_L2SP_197028_20190220_20200827_02_T1_ST,Landsat Collection 2 Level-2 Surface Temperature Product Product,2019-02-20T10:22:56.340929Z,LANDSAT_7,8.0,8.0,153.40529389,29.25431668,18
LE07_L2SP_196029_20190213_20200827_02_T1_ST,Landsat Collection 2 Level-2 Surface Temperature Product Product,2019-02-13T10:17:22.069042Z,LANDSAT_7,2.0,2.0,153.45375118,28.07254246,18
LE07_L2SP_196028_20190213_20200827_02_T1_ST,Landsat Collection 2 Level-2 Surface Temperature Product Product,2019-02-13T10:16:58.184771Z,LANDSAT_7,21.0,21.0,154.21034946,26.92378883,18
LC08_L2SP_197028_20190212_20200829_02_T1_ST,Landsat Collection 2 Level-2 Surface Temperature Product Product,2019-02-12T10:29:01.017669Z,LANDSAT_8,51.99,51.99,155.92729539,27.05964753,18
LC08_L2SP_196029_20190205_20200829_02_T1_ST,Landsat Collection 2 Level-2 Surface Temperature Product Product,2019-02-05T10:23:14.931792Z,LANDSAT_8,1.71,1.71,156.02101595,26.12908485,18
LC08_L2SP_196028_20190205_20200829_02_T1_ST,Landsat Collection 2 Level-2 Surface Temperature Product Product,2019-02-05T10:22:51.049225Z,LANDSAT_8,3.59,3.59,156.71801133,24.94425537,18
LE07_L2SP_197028_20190204_20200827_02_T1_ST,Landsat Collection 2 Level-2 Surface Temperature Product Product,2019-02-04T10:23:24.845125Z,LANDSAT_7,42.0,42.0,155.33689559,24.24410234,18
LE07_L2SP_196029_20190128_20200827_02_T1_ST,Landsat Collection 2 Level-2 Surface Temperature Product Product,2019-01-28T10:17:50.252793Z,LANDSAT_7,40.0,40.0,155.62953407,23.62838918,18
LE07_L2SP_196028_20190128_20200827_02_T1_ST,Landsat Collection 2 Level-2 Surface Temperature Product Product,2019-01-28T10:17:26.368584Z,LANDSAT_7,69.0,69.0,156.28091705,22.45105289,18
LC08_L2SP_197028_20190127_20200830_02_T1_ST,Landsat Collection 2 Level-2 Surface Temperature Product Product,2019-01-27T10:29:03.092461Z,LANDSAT_8,70.81,70.81,157.82592139,22.60487916,18
LC08_L2SP_196029_20190120_20200830_02_T1_ST,Landsat Collection 2 Level-2 Surface Temperature Product Product,2019-01-20T10:23:17.998917Z,LANDSAT_8,52.91,52.91,158.13306289,22.33491827,18
LC08_L2SP_196028_20190120_20200829_02_T1_ST,Landsat Collection 2 Level-2 Surface Temperature Product Product,2019-01-20T10:22:54.116351Z,LANDSAT_8,77.81,77.81,158.74649071,21.12066628,18
LE07_L2SP_197028_20190119_20200827_02_T1_ST,Landsat Collection 2 Level-2 Surface Temperature Product Product,2019-01-19T10:23:55.037791Z,LANDSAT_7,42.0,42.0,157.55630114,20.58009988,18
LE07_L2SP_196029_20190112_20200827_02_T1_ST,Landsat Collection 2 Level-2 Surface Temperature Product Product,2019-01-12T10:18:21.627404Z,LANDSAT_7,29.0,29.0,157.98272825,20.70839348,18
LE07_L2SP_196028_20190112_20200827_02_T1_ST,Landsat Collection 2 Level-2 Surface Temperature Product Product,2019-01-12T10:17:57.743914Z,LANDSAT_7,64.0,64.0,158.5688784,19.49391337,18
LC08_L2SP_197028_20190111_20200830_02_T1_ST,Landsat Collection 2 Level-2 Surface Temperature Product Product,2019-01-11T10:29:07.041473Z,LANDSAT_8,44.94,44.94,159.96944918,19.69406864,18
LC08_L2SP_196029_20190104_20200829_02_T1_ST,Landsat Collection 2 Level-2 Surface Temperature Product Product,2019-01-04T10:23:21.190197Z,LANDSAT_8,34.15,34.15,160.36668591,20.23009519,18
LC08_L2SP_196028_20190104_20200829_02_T1_ST,Landsat Collection 2 Level-2 Surface Temperature Product Product,2019-01-04T10:22:57.303394Z,LANDSAT_8,7.14,7.14,160.92983636,18.98592625,18
LE07_L2SP_197028_20190103_20200827_02_T1_ST,Landsat Collection 2 Level-2 Surface Temperature Product Product,2019-01-03T10:24:25.472932Z,LANDSAT_7,8.0,8.0,159.87178531,18.61991326,18
LE07_L2SP_196029_20181227_20200827_02_T1_ST,Landsat Collection 2 Level-2 Surface Temperature Product Product,2018-12-27T10:18:51.291094Z,LANDSAT_7,15.0,15.0,160.28669046,19.59306294,18
LE07_L2SP_196028_20181227_20200827_02_T1_ST,Landsat Collection 2 Level-2 Surface Temperature Product Product,2018-12-27T10:18:27.408583Z,LANDSAT_7,45.0,45.0,160.83808234,18.34796875,18
LC08_L2SP_197028_20181226_20200829_02_T1_ST,Landsat Collection 2 Level-2 Surface Temperature Product Product,2018-12-26T10:29:08.708717Z,LANDSAT_8,61.06,61.06,162.10571756,18.61013116,18
LC08_L2SP_196029_20181219_20200830_02_T2_ST,Landsat Collection 2 Level-2 Surface Temperature Product,2018-12-19T10:23:21.590399Z,LANDSAT_8,49.83,49.83,162.39574068,20.00747487,18
LC08_L2SP_196028_20181219_20200830_02_T2_ST,Landsat Collection 2 Level-2 Surface Temperature Product,2018-12-19T10:22:57.707832Z,LANDSAT_8,94.86,94.86,162.93985204,18.73801967,18
LE07_L2SP_197028_20181218_20200827_02_T1_ST,Landsat Collection 2 Level-2 Surface Temperature Product Product,2018-12-18T10:24:54.036530Z,LANDSAT_7,39.0,39.0,161.96248038,18.54209785,18
LE07_L2SP_196029_20181211_20200827_02_T1_ST,Landsat Collection 2 Level-2 Surface Temperature Product Product,2018-12-11T10:19:18.991265Z,LANDSAT_7,14.0,14.0,162.15488206,20.36676273,18
LE07_L2SP_196028_20181211_20200827_02_T1_ST,Landsat Collection 2 Level-2 Surface Temperature Product Product,2018-12-11T10:18:55.109471Z,LANDSAT_7,11.0,11.0,162.70657229,19.09908593,18
LC08_L2SP_197028_20181210_20200830_02_T1_ST,Landsat Collection 2 Level-2 Surface Temperature Product Product,2018-12-10T10:29:08.947041Z,LANDSAT_8,76.48,76.48,163.84797641,19.42985289,18
LC08_L2SP_196029_20181203_20200830_02_T1_ST,Landsat Collection 2 Level-2 Surface Temperature Product Product,2018-12-03T10:23:23.651065Z,LANDSAT_8,85.85,85.85,163.83727617,21.64705307,18
LC08_L2SP_196028_20181203_20200830_02_T1_ST,Landsat Collection 2 Level-2 Surface Temperature Product Product,2018-12-03T10:22:59.764263Z,LANDSAT_8,83.7,83.7,164.39193413,20.36010841,18
LE07_L2SP_197028_20181202_20200827_02_T2_ST,Landsat Collection 2 Level-2 Surface Temperature Product,2018-12-02T10:25:20.537189Z,LANDSAT_7,100.0,100.0,163.44452661,20.31345496,18
LE07_L2SP_196029_20181125_20200827_02_T1_ST,Landsat Collection 2 Level-2 Surface Temperature Product Product,2018-11-25T10:19:44.536386Z,LANDSAT_7,76.0,76.0,163.23373379,22.89675369,18
LE07_L2SP_196028_20181125_20200827_02_T1_ST,Landsat Collection 2 Level-2 Surface Temperature Product Product,2018-11-25T10:19:20.654308Z,LANDSAT_7,75.0,75.0,163.80733226,21.61478173,18
LC08_L2SP_197028_20181124_20200830_02_T1_ST,Landsat Collection 2 Level-2 Surface Temperature Product Product,2018-11-24T10:29:11.902519Z,LANDSAT_8,31.2,31.2,164.82171981,22.0129656,18
LC08_L2SP_196029_20181117_20200830_02_T2_ST,Landsat Collection 2 Level-2 Surface Temperature Product,2018-11-17T10:23:25.314684Z,LANDSAT_8,86.0,86.0,164.3257233,24.91162995,18
LC08_L2SP_196028_20181117_20200830_02_T1_ST,Landsat Collection 2 Level-2 Surface Temperature Product Product,2018-11-17T10:23:01.423645Z,LANDSAT_8,81.07,81.07,164.92026564,23.61866811,18
LE07_L2SP_197028_20181116_20200827_02_T1_ST,Landsat Collection 2 Level-2 Surface Temperature Product Product,2018-11-16T10:25:44.838729Z,LANDSAT_7,72.0,72.0,163.96725229,23.69047322,18
LE07_L2SP_196029_20181109_20200827_02_T1_ST,Landsat Collection 2 Level-2 Surface Temperature Product Product,2018-11-09T10:20:07.863263Z,LANDSAT_7,89.0,89.0,163.20926013,26.85816875,18
LE07_L2SP_196028_20181109_20200827_02_T1_ST,Landsat Collection 2 Level-2 Surface Temperature Product Product,2018-11-09T10:19:43.980295Z,LANDSAT_7,57.0,57.0,163.84016839,25.57659279,18
LC08_L2SP_197028_20181108_20200830_02_T1_ST,Landsat Collection 2 Level-2 Surface Temperature Product Product,2018-11-08T10:29:11.905672Z,LANDSAT_8,48.97,48.97,164.72269713,26.03282252,18
LC08_L2SP_196029_20181101_20200830_02_T1_ST,Landsat Collection 2 Level-2 Surface Temperature Product Product,2018-11-01T10:23:24.009034Z,LANDSAT_8,82.6,82.6,163.6297019,29.42214812,18
LC08_L2SP_196028_20181101_20200830_02_T1_ST,Landsat Collection 2 Level-2 Surface Temperature Product Product,2018-11-01T10:23:00.122231Z,LANDSAT_8,45.56,45.56,164.29732875,28.13708319,18
LE07_L2SP_197028_20181031_20200827_02_T2_ST,Landsat Collection 2 Level-2 Surface Temperature Product,2018-10-31T10:26:06.869518Z,LANDSAT_7,100.0,100.0,163.32622382,28.28480648,18
LE07_L2SP_196029_20181024_20200827_02_T1_ST,Landsat Collection 2 Level-2 Surface Temperature Product Product,2018-10-24T10:20:28.905207Z,LANDSAT_7,1.0,1.0,161.92536109,31.83055283,18
LE07_L2SP_196028_20181024_20200827_02_T1_ST,Landsat Collection 2 Level-2 Surface Temperature Product Product,2018-10-24T10:20:05.021391Z,LANDSAT_7,20.0,20.0,162.65013337,30.56381961,18
LC08_L2SP_197028_20181023_20200830_02_T1_ST,Landsat Collection 2 Level-2 Surface Temperature Product Product,2018-10-23T10:29:08.943413Z,LANDSAT_8,27.73,27.73,163.39590244,31.05715476,18
LC08_L2SP_196029_20181016_20200830_02_T1_ST,Landsat Collection 2 Level-2 Surface Temperature Product Product,2018-10-16T10:23:19.856801Z,LANDSAT_8,80.31,80.31,161.6338235,34.71476819,18
LC08_L2SP_196028_20181016_20200830_02_T1_ST,Landsat Collection 2 Level-2 Surface Temperature Product Product,2018-10-16T10:22:55.974234Z,LANDSAT_8,13.07,13.07,162.41649139,33.45354745,18
LE07_L2SP_197028_20181015_20200828_02_T1_ST,Landsat Collection 2 Level-2 Surface Temperature Product Product,2018-10-15T10:26:27.230854Z,LANDSAT_7,60.0,60.0,161.43439583,33.64161264,18
LE07_L2SP_196029_20181008_20200828_02_T1_ST,Landsat Collection 2 Level-2 Surface Temperature Product Product,2018-10-08T10:20:51.085466Z,LANDSAT_7,78.0,78.0,159.36497421,37.34779392,18
LE07_L2SP_196028_20181008_20200828_02_T1_ST,Landsat Collection 2 Level-2 Surface Temperature Product Product,2018-10-08T10:20:27.201048Z,LANDSAT_7,58.0,58.0,160.22994992,36.11308266,18
LC08_L2SP_197028_20181007_20200830_02_T1_ST,Landsat Collection 2 Level-2 Surface Temperature Product Product,2018-10-07T10:29:03.246066Z,LANDSAT_8,91.72,91.72,160.83066948,36.62496816,18
LC08_L2SP_196029_20180930_20200830_02_T1_ST,Landsat Collection 2 Level-2 Surface Temperature Product Product,2018-09-30T10:23:12.968956Z,LANDSAT_8,70.1,70.1,158.39523584,40.34017151,18
LC08_L2SP_196028_20180930_20200830_02_T1_ST,Landsat Collection 2 Level-2 Surface Temperature Product Product,2018-09-30T10:22:49.082154Z,LANDSAT_8,33.26,33.26,159.34586665,39.12011089,18
LE07_L2SP_197028_20180929_20200828_02_T1_ST,Landsat Collection 2 Level-2 Surface Temperature Product Product,2018-09-29T10:26:51.282405Z,LANDSAT_7,41.0,41.0,158.36569368,39.3184927,18
LE07_L2SP_196029_20180922_20200828_02_T1_ST,Landsat Collection 2 Level-2 Surface Temperature Product Product,2018-09-22T10:21:14.311625Z,LANDSAT_7,10.0,10.0,155.63546853,42.98063834,18
LE07_L2SP_196028_20180922_20200828_02_T1_ST,Landsat Collection 2 Level-2 Surface Temperature Product Product,2018-09-22T10:20:50.427739Z,LANDSAT_7,21.0,21.0,156.69845276,41.79721675,18
LC08_L2SP_197028_20180921_20200830_02_T1_ST,Landsat Collection 2 Level-2 Surface Temperature Product Product,2018-09-21T10:28:54.901657Z,LANDSAT_8,88.47,88.47,157.15974534,42.30007127,18
LC08_L2SP_196029_20180914_20200830_02_T1_ST,Landsat Collection 2 Level-2 Surface Temperature Product Product,2018-09-14T10:23:06.260381Z,LANDSAT_8,33.13,33.13,154.09408571,45.8817738,18
LC08_L2SP_196028_20180914_20200830_02_T1_ST,Landsat Collection 2 Level-2 Surface Temperature Product Product,2018-09-14T10:22:42.373578Z,LANDSAT_8,63.17,63.17,155.2739776,44.72236736,18
LE07_L2SP_197028_20180913_20200828_02_T1_ST,Landsat Collection 2 Level-2 Surface Temperature Product Product,2018-09-13T10:27:13.589116Z,LANDSAT_7,17.0,17.0,154.32973351,44.91199249,18
LE07_L2SP_196029_20180906_20200828_02_T1_ST,Landsat Collection 2 Level-2 Surface Temperature Product Product,2018-09-06T10:21:35.898108Z,LANDSAT_7,96.0,96.0,151.03564157,48.36522841,18
LE07_L2SP_196028_20180906_20200828_02_T1_ST,Landsat Collection 2 Level-2 Surface Temperature Product Product,2018-09-06T10:21:12.015328Z,LANDSAT_7,95.0,95.0,152.35786322,47.25070915,18
LC08_L2SP_197028_20180905_20200831_02_T1_ST,Landsat Collection 2 Level-2 Surface Temperature Product Product,2018-09-05T10:28:50.692749Z,LANDSAT_8,10.18,10.18,152.68616038,47.7201257,18
LC08_L2SP_196029_20180829_20200831_02_T1_ST,Landsat Collection 2 Level-2 Surface Temperature Product Product,2018-08-29T10:23:01.373464Z,LANDSAT_8,46.52,46.52,149.11736789,51.01586158,18
LC08_L2SP_196028_20180829_20200831_02_T1_ST,Landsat Collection 2 Level-2 Surface Temperature Product Product,2018-08-29T10:22:37.486661Z,LANDSAT_8,74.75,74.75,150.58796408,49.93418893,18
LE07_L2SP_197028_20180828_20200829_02_T1_ST,Landsat Collection 2 Level-2 Surface Temperature Product Product,2018-08-28T10:27:34.330633Z,LANDSAT_7,4.0,4.0,149.73287248,50.10470303,18
LE07_L2SP_196029_20180821_20200829_02_T1_ST,Landsat Collection 2 Level-2 Surface Temperature Product Product,2018-08-21T10:21:55.925918Z,LANDSAT_7,4.0,4.0,146.04108641,53.21195709,18
LE07_L2SP_196028_20180821_20200829_02_T1_ST,Landsat Collection 2 Level-2 Surface Temperature Product Product,2018-08-21T10:21:32.043854Z,LANDSAT_7,6.0,6.0,147.677726,52.18029683,18
LC08_L2SP_197028_20180820_20200831_02_T1_ST,Landsat Collection 2 Level-2 Surface Temperature Product Product,2018-08-20T10:28:44.458933Z,LANDSAT_8,0.31,0.31,147.88022364,52.59146369,18
LC08_L2SP_196029_20180813_20200831_02_T1_ST,Landsat Collection 2 Level-2 Surface Temperature Product Product,2018-08-13T10:22:54.060455Z,LANDSAT_8,64.11,64.11,144.03747419,55.49271625,18
LC08_L2SP_196028_20180813_20200831_02_T1_ST,Landsat Collection 2 Level-2 Surface Temperature Product Product,2018-08-13T10:22:30.173651Z,LANDSAT_8,98.07,98.07,145.84435505,54.49789578,18
LE07_L2SP_197028_20180812_20200829_02_T1_ST,Landsat Collection 2 Level-2 Surface Temperature Product Product,2018-08-12T10:27:53.430641Z,LANDSAT_7,0.0,0.0,145.14835148,54.64528694,18
LE07_L2SP_196029_20180805_20200829_02_T1_ST,Landsat Collection 2 Level-2 Surface Temperature Product Product,2018-08-05T10:22:14.364725Z,LANDSAT_7,6.0,6.0,141.35430934,57.33316989,18
LE07_L2SP_196028_20180805_20200829_02_T1_ST,Landsat Collection 2 Level-2 Surface Temperature Product Product,2018-08-05T10:21:50.482976Z,LANDSAT_7,6.0,6.0,143.33447729,56.38457134,18
LC08_L2SP_197028_20180804_20200831_02_T1_ST,Landsat Collection 2 Level-2 Surface Temperature Product Product,2018-08-04T10:28:35.880129Z,LANDSAT_8,5.25,5.25,143.43812999,56.71037139,18
LC08_L2SP_196029_20180728_20200831_02_T1_ST,Landsat Collection 2 Level-2 Surface Temperature Product Product,2018-07-28T10:22:44.532971Z,LANDSAT_8,82.85,82.85,139.6630502,59.14464037,18
LC08_L2SP_196028_20180728_20200831_02_T2_ST,Landsat Collection 2 Level-2 Surface Temperature Product,2018-07-28T10:22:20.646168Z,LANDSAT_8,100.0,100.0,141.81357732,58.22991983,18
LE07_L2SP_197028_20180727_20200829_02_T1_ST,Landsat Collection 2 Level-2 Surface Temperature Product Product,2018-07-27T10:28:11.055827Z,LANDSAT_7,6.0,6.0,141.34062266,58.36034326,18
LE07_L2SP_196029_20180720_20200829_02_T1_ST,Landsat Collection 2 Level-2 Surface Temperature Product Product,2018-07-20T10:22:31.371958Z,LANDSAT_7,64.0,64.0,137.83084868,60.55841644,18
LE07_L2SP_196028_20180720_20200829_02_T1_ST,Landsat Collection 2 Level-2 Surface Temperature Product Product,2018-07-20T10:22:07.489486Z,LANDSAT_7,65.0,65.0,140.13355762,59.67605784,18
LC08_L2SP_197028_20180719_20200831_02_T1_ST,Landsat Collection 2 Level-2 Surface Temperature Product Product,2018-07-19T10:28:27.784135Z,LANDSAT_8,0.4,0.4,140.16970854,59.89869393,18
LC08_L2SP_196029_20180712_20200831_02_T1_ST,Landsat Collection 2 Level-2 Surface Temperature Product Product,2018-07-12T10:22:37.962395Z,LANDSAT_8,25.09,25.09,136.88421096,61.82215908,18
LC08_L2SP_196028_20180712_20200831_02_T1_ST,Landsat Collection 2 Level-2 Surface Temperature Product Product,2018-07-12T10:22:14.075592Z,LANDSAT_8,16.11,16.11,139.32348968,60.96026898,18
LE07_L2SP_197028_20180711_20200829_02_T1_ST,Landsat Collection 2 Level-2 Surface Temperature Product Product,2018-07-11T10:28:27.197749Z,LANDSAT_7,34.0,34.0,139.14397865,61.06845735,18
LE07_L2SP_196029_20180704_20200829_02_T1_ST,Landsat Collection 2 Level-2 Surface Temperature Product Product,2018-07-04T10:22:48.890275Z,LANDSAT_7,10.0,10.0,136.31579605,62.73895361,18
LE07_L2SP_196028_20180704_20200829_02_T1_ST,Landsat Collection 2 Level-2 Surface Temperature Product Product,2018-07-04T10:22:25.006969Z,LANDSAT_7,10.0,10.0,138.85049575,61.88517739,18
LC08_L2SP_197028_20180703_20200831_02_T1_ST,Landsat Collection 2 Level-2 Surface Temperature Product Product,2018-07-03T10:28:20.536744Z,LANDSAT_8,27.73,27.73,138.85131079,61.98251266,18
LC08_L2SP_196029_20180626_20200831_02_T1_ST,Landsat Collection 2 Level-2 Surface Temperature Product Product,2018-06-26T10:22:29.740397Z,LANDSAT_8,13.14,13.14,136.38821147,63.340411,18
LC08_L2SP_196028_20180626_20200831_02_T1_ST,Landsat Collection 2 Level-2 Surface Temperature Product Product,2018-06-26T10:22:05.853595Z,LANDSAT_8,4.43,4.43,138.98220953,62.48706304,18
LE07_L2SP_197028_20180625_20200829_02_T1_ST,Landsat Collection 2 Level-2 Surface Temperature Product Product,2018-06-25T10:28:46.761550Z,LANDSAT_7,7.0,7.0,139.12730619,62.56110277,18
LE07_L2SP_196029_20180618_20200829_02_T1_ST,Landsat Collection 2 Level-2 Surface Temperature Product Product,2018-06-18T10:23:07.912849Z,LANDSAT_7,23.0,23.0,137.22090208,63.63820725,18
LE07_L2SP_196028_20180618_20200829_02_T1_ST,Landsat Collection 2 Level-2 Surface Temperature Product Product,2018-06-18T10:22:44.028437Z,LANDSAT_7,36.0,36.0,139.81422638,62.76978494,18
LC08_L2SP_197028_20180617_20200831_02_T1_ST,Landsat Collection 2 Level-2 Surface Temperature Product Product,2018-06-17T10:28:10.972469Z,LANDSAT_8,99.95,99.95,139.75291127,62.72353153,18
LC08_L2SP_196029_20180610_20200831_02_T1_ST,Landsat Collection 2 Level-2 Surface Temperature Product Product,2018-06-10T10:22:19.058892Z,LANDSAT_8,55.04,55.04,138.20276038,63.45481001,18
LC08_L2SP_196028_20180610_20200831_02_T1_ST,Landsat Collection 2 Level-2 Surface Temperature Product Product,2018-06-10T10:21:55.167853Z,LANDSAT_8,57.26,57.26,140.75331125,62.56496608,18
LE07_L2SP_197028_20180609_20200829_02_T1_ST,Landsat Collection 2 Level-2 Surface Temperature Product Product,2018-06-09T10:29:04.695000Z,LANDSAT_7,31.0,31.0,141.19940638,62.59118483,18
LE07_L2SP_196029_20180602_20200829_02_T1_ST,Landsat Collection 2 Level-2 Surface Temperature Product Product,2018-06-02T10:23:25.081544Z,LANDSAT_7,54.0,54.0,140.10746317,63.01316935,18
LE07_L2SP_196028_20180602_20200829_02_T1_ST,Landsat Collection 2 Level-2 Surface Temperature Product Product,2018-06-02T10:23:01.197429Z,LANDSAT_7,17.0,17.0,142.54513338,62.08711786,18
LC08_L2SP_197028_20180601_20200831_02_T1_ST,Landsat Collection 2 Level-2 Surface Temperature Product Product,2018-06-01T10:28:03.295365Z,LANDSAT_8,74.71,74.71,142.36715995,61.89202815,18
LC08_L2SP_196029_20180525_20200901_02_T1_ST,Landsat Collection 2 Level-2 Surface Temperature Product Product,2018-05-25T10:22:22.048602Z,LANDSAT_8,11.32,11.32,141.41489541,61.942248,18
LC08_L2SP_196028_20180525_20200901_02_T1_ST,Landsat Collection 2 Level-2 Surface Temperature Product Product,2018-05-25T10:21:58.161800Z,LANDSAT_8,9.42,9.42,143.72742053,60.99058088,18
LE07_L2SP_197028_20180524_20200829_02_T1_ST,Landsat Collection 2 Level-2 Surface Temperature Product Product,2018-05-24T10:29:20.789968Z,LANDSAT_7,7.0,7.0,144.42882069,60.95661242,18
LE07_L2SP_196029_20180517_20200829_02_T1_ST,Landsat Collection 2 Level-2 Surface Temperature Product Product,2018-05-17T10:23:40.316749Z,LANDSAT_7,52.0,52.0,143.748253,60.70932993,18
LE07_L2SP_196028_20180517_20200829_02_T1_ST,Landsat Collection 2 Level-2 Surface Temperature Product Product,2018-05-17T10:23:16.433322Z,LANDSAT_7,59.0,59.0,145.89220504,59.71428492,18
LC08_L2SP_197028_20180516_20201015_02_T1_ST,Landsat Collection 2 Level-2 Surface Temperature Product Product,2018-05-16T10:28:16.134565Z,LANDSAT_8,83.11,83.11,145.59882656,59.39509967,18
LC08_L2SP_196029_20180509_20200901_02_T1_ST,Landsat Collection 2 Level-2 Surface Temperature Product Product,2018-05-09T10:22:34.108863Z,LANDSAT_8,66.18,66.18,144.98322323,58.82239226,18
LC08_L2SP_196028_20180509_20201015_02_T1_ST,Landsat Collection 2 Level-2 Surface Temperature Product Product,2018-05-09T10:22:10.234769Z,LANDSAT_8,61.25,61.25,146.95983523,57.80800164,18
LE07_L2SP_196029_20180501_20200829_02_T2_ST,Landsat Collection 2 Level-2 Surface Temperature Product,2018-05-01T10:23:56.298623Z,LANDSAT_7,100.0,100.0,147.03160365,56.82544803,18
LE07_L2SP_196028_20180501_20200829_02_T2_ST,Landsat Collection 2 Level-2 Surface Temperature Product,2018-05-01T10:23:32.416787Z,LANDSAT_7,97.0,97.0,148.83121958,55.7744122,18
LC08_L2SP_197028_20180430_20200901_02_T1_ST,Landsat Collection 2 Level-2 Surface Temperature Product Product,2018-04-30T10:28:26.550752Z,LANDSAT_8,66.64,66.64,148.49329064,55.3682629,18
LC08_L2SP_196029_20180423_20200901_02_T1_ST,Landsat Collection 2 Level-2 Surface Temperature Product Product,2018-04-23T10:22:43.313549Z,LANDSAT_8,49.4,49.4,147.86200489,54.25832419,18
LC08_L2SP_196028_20180423_20200901_02_T1_ST,Landsat Collection 2 Level-2 Surface Temperature Product Product,2018-04-23T10:22:19.430982Z,LANDSAT_8,85.05,85.05,149.50522247,53.1956762,18
LE07_L2SP_197028_20180422_20200829_02_T1_ST,Landsat Collection 2 Level-2 Surface Temperature Product Product,2018-04-22T10:29:53.210981Z,LANDSAT_7,34.0,34.0,150.12390499,52.98640965,18
LE07_L2SP_196029_20180415_20200829_02_T1_ST,Landsat Collection 2 Level-2 Surface Temperature Product Product,2018-04-15T10:24:13.593649Z,LANDSAT_7,50.0,50.0,149.47513591,51.67914907,18
LE07_L2SP_196028_20180415_20200829_02_T1_ST,Landsat Collection 2 Level-2 Surface Temperature Product Product,2018-04-15T10:23:49.712090Z,LANDSAT_7,62.0,62.0,150.96238591,50.58921438,18
LC08_L2SP_197028_20180414_20200901_02_T2_ST,Landsat Collection 2 Level-2 Surface Temperature Product,2018-04-14T10:28:35.509536Z,LANDSAT_8,100.0,100.0,150.59732029,50.11755958,18
LC08_L2SP_196029_20180407_20200901_02_T1_ST,Landsat Collection 2 Level-2 Surface Temperature Product Product,2018-04-07T10:22:52.738053Z,LANDSAT_8,84.98,84.98,149.94747306,48.63923883,18
LC08_L2SP_196028_20180407_20200901_02_T1_ST,Landsat Collection 2 Level-2 Surface Temperature Product Product,2018-04-07T10:22:28.855486Z,LANDSAT_8,62.5,62.5,151.30424404,47.54368293,18
LE07_L2SP_197028_20180406_20200829_02_T1_ST,Landsat Collection 2 Level-2 Surface Temperature Product Product,2018-04-06T10:30:09.285302Z,LANDSAT_7,0.0,0.0,151.86221253,47.28637078,18
LE07_L2SP_196029_20180330_20200829_02_T1_ST,Landsat Collection 2 Level-2 Surface Temperature Product Product,2018-03-30T10:24:28.767972Z,LANDSAT_7,87.0,87.0,151.22867228,45.70635728,18
LE07_L2SP_196028_20180330_20200829_02_T1_ST,Landsat Collection 2 Level-2 Surface Temperature Product Product,2018-03-30T10:24:04.885894Z,LANDSAT_7,95.0,95.0,152.4569789,44.58961491,18
LC08_L2SP_197028_20180329_20200901_02_T1_ST,Landsat Collection 2 Level-2 Surface Temperature Product Product,2018-03-29T10:28:44.282353Z,LANDSAT_8,89.55,89.55,152.08301541,44.08261768,18
LC08_L2SP_196029_20180322_20200901_02_T1_ST,Landsat Collection 2 Level-2 Surface Temperature Product Product,2018-03-22T10:23:00.342322Z,LANDSAT_8,10.08,10.08,151.50475807,42.43469031,18
LC08_L2SP_196028_20180322_20200901_02_T1_ST,Landsat Collection 2 Level-2 Surface Temperature Product Product,2018-03-22T10:22:36.459754Z,LANDSAT_8,4.45,4.45,152.62939493,41.31566272,18
LE07_L2SP_197028_20180321_20200830_02_T1_ST,Landsat Collection 2 Level-2 Surface Temperature Product Product,2018-03-21T10:30:23.408069Z,LANDSAT_7,10.0,10.0,153.1532149,41.03978555,18
LE07_L2SP_196029_20180314_20200830_02_T1_ST,Landsat Collection 2 Level-2 Surface Temperature Product Product,2018-03-14T10:24:42.001061Z,LANDSAT_7,3.0,3.0,152.65985254,39.39480845,18
LE07_L2SP_196028_20180314_20200830_02_T1_ST,Landsat Collection 2 Level-2 Surface Temperature Product Product,2018-03-14T10:24:18.117779Z,LANDSAT_7,8.0,8.0,153.68682267,38.25810461,18
LC08_L2SP_197028_20180313_20200901_02_T1_ST,Landsat Collection 2 Level-2 Surface Temperature Product Product,2018-03-13T10:28:51.107644Z,LANDSAT_8,90.99,90.99,153.32013575,37.74676907,18
LC08_L2SP_196029_20180306_20200901_02_T1_ST,Landsat Collection 2 Level-2 Surface Temperature Product Product,2018-03-06T10:23:08.468209Z,LANDSAT_8,74.96,74.96,152.9299777,36.14733256,18
LC08_L2SP_196028_20180306_20200901_02_T2_ST,Landsat Collection 2 Level-2 Surface Temperature Product,2018-03-06T10:22:44.581406Z,LANDSAT_8,97.18,97.18,153.86871147,35.00697837,18
LE07_L2SP_197028_20180305_20200830_02_T1_ST,Landsat Collection 2 Level-2 Surface Temperature Product Product,2018-03-05T10:30:35.487992Z,LANDSAT_7,13.0,13.0,154.38206535,34.74089896,18
LE07_L2SP_196029_20180226_20200830_02_T1_ST,Landsat Collection 2 Level-2 Surface Temperature Product Product,2018-02-26T10:24:53.255580Z,LANDSAT_7,32.0,32.0,154.11276812,33.26144196,18
LE07_L2SP_196028_20180226_20200829_02_T1_ST,Landsat Collection 2 Level-2 Surface Temperature Product Product,2018-02-26T10:24:29.371344Z,LANDSAT_7,38.0,38.0,154.96924542,32.10263805,18
LC08_L2SP_197028_20180225_20200902_02_T1_ST,Landsat Collection 2 Level-2 Surface Temperature Product Product,2018-02-25T10:29:00.152662Z,LANDSAT_8,58.86,58.86,154.63316366,31.6164744,18
LC08_L2SP_196029_20180218_20200902_02_T1_ST,Landsat Collection 2 Level-2 Surface Temperature Product Product,2018-02-18T10:23:16.362376Z,LANDSAT_8,37.43,37.43,154.50335621,30.2917115,18
LC08_L2SP_196028_20180218_20200902_02_T1_ST,Landsat Collection 2 Level-2 Surface Temperature Product Product,2018-02-18T10:22:52.479810Z,LANDSAT_8,77.55,77.55,155.29491771,29.12850827,18
LE07_L2SP_197028_20180217_20200830_02_T2_ST,Landsat Collection 2 Level-2 Surface Temperature Product,2018-02-17T10:30:45.746133Z,LANDSAT_7,100.0,100.0,155.81208726,28.9078327,18
LE07_L2SP_196029_20180210_20200830_02_T1_ST,Landsat Collection 2 Level-2 Surface Temperature Product Product,2018-02-10T10:25:02.687310Z,LANDSAT_7,48.0,48.0,155.82447939,27.80812457,18
LE07_L2SP_196028_20180210_20200829_02_T2_ST,Landsat Collection 2 Level-2 Surface Temperature Product,2018-02-10T10:24:38.802766Z,LANDSAT_7,78.0,78.0,156.55266503,26.62455367,18
LC08_L2SP_197028_20180209_20200902_02_T2_ST,Landsat Collection 2 Level-2 Surface Temperature Product,2018-02-09T10:29:06.447953Z,LANDSAT_8,55.4,55.4,156.2489338,26.20286093,18
LC08_L2SP_196029_20180202_20200902_02_T1_ST,Landsat Collection 2 Level-2 Surface Temperature Product Product,2018-02-02T10:23:21.396145Z,LANDSAT_8,40.26,40.26,156.38594671,25.37425706,18
LC08_L2SP_196028_20180202_20200902_02_T1_ST,Landsat Collection 2 Level-2 Surface Temperature Product Product,2018-02-02T10:22:57.513577Z,LANDSAT_8,18.34,18.34,157.06572572,24.18406311,18
LE07_L2SP_197028_20180201_20200829_02_T1_ST,Landsat Collection 2 Level-2 Surface Temperature Product Product,2018-02-01T10:30:57.194886Z,LANDSAT_7,50.0,50.0,157.60146266,24.03400199,18
LC08_L2SP_197028_20180124_20200902_02_T1_ST,Landsat Collection 2 Level-2 Surface Temperature Product Product,2018-01-24T10:29:13.978091Z,LANDSAT_8,3.34,3.34,158.20325465,21.98930232,18
LC08_L2SP_196029_20180117_20200902_02_T1_ST,Landsat Collection 2 Level-2 Surface Temperature Product Product,2018-01-17T10:23:31.125259Z,LANDSAT_8,55.03,55.03,158.5439842,21.85185029,18
LC08_L2SP_196028_20180117_20200902_02_T1_ST,Landsat Collection 2 Level-2 Surface Temperature Product Product,2018-01-17T10:23:07.238457Z,LANDSAT_8,79.2,79.2,159.14611459,20.6316356,18
LE07_L2SP_197028_20180116_20200830_02_T1_ST,Landsat Collection 2 Level-2 Surface Temperature Product Product,2018-01-16T10:31:12.898913Z,LANDSAT_7,59.0,59.0,159.69354071,20.57441628,18
LE07_L2SP_196029_20180109_20200830_02_T1_ST,Landsat Collection 2 Level-2 Surface Temperature Product Product,2018-01-09T10:25:32.177168Z,LANDSAT_7,88.0,88.0,160.09019568,20.83763119,18
LE07_L2SP_196028_20180109_20200830_02_T2_ST,Landsat Collection 2 Level-2 Surface Temperature Product,2018-01-09T10:25:08.294395Z,LANDSAT_7,93.0,93.0,160.66294629,19.59595125,18
LC08_L2SP_197028_20180108_20200902_02_T1_ST,Landsat Collection 2 Level-2 Surface Temperature Product Product,2018-01-08T10:29:22.394130Z,LANDSAT_8,88.0,88.0,160.38329982,19.38147751,18
LC08_L2SP_196029_20180101_20200902_02_T1_ST,Landsat Collection 2 Level-2 Surface Temperature Product Product,2018-01-01T10:23:38.212274Z,LANDSAT_8,53.56,53.56,160.77723231,20.06435978,18
LC08_L2SP_196028_20180101_20200902_02_T1_ST,Landsat Collection 2 Level-2 Surface Temperature Product Product,2018-01-01T10:23:14.333943Z,LANDSAT_8,59.95,59.95,161.33434842,18.81529932,18
LE07_L2SP_197028_20171231_20200830_02_T1_ST,Landsat Collection 2 Level-2 Surface Temperature Product Product,2017-12-31T10:31:26.574227Z,LANDSAT_7,25.0,25.0,161.88924162,18.86375662,18
LE07_L2SP_196029_20171224_20200830_02_T1_ST,Landsat Collection 2 Level-2 Surface Temperature Product Product,2017-12-24T10:25:44.927191Z,LANDSAT_7,26.0,26.0,162.24540004,19.98171735,18
LE07_L2SP_196028_20171224_20200830_02_T1_ST,Landsat Collection 2 Level-2 Surface Temperature Product Product,2017-12-24T10:25:21.044979Z,LANDSAT_7,58.0,58.0,162.7891309,18.71256274,18
LC08_L2SP_197028_20171223_20200902_02_T2_ST,Landsat Collection 2 Level-2 Surface Temperature Product,2017-12-23T10:29:27.754056Z,LANDSAT_8,97.62,97.62,162.48349378,18.62594152,18
LC08_L2SP_196029_20171216_20200902_02_T1_ST,Landsat Collection 2 Level-2 Surface Temperature Product Product,2017-12-16T10:23:39.899227Z,LANDSAT_8,49.29,49.29,162.74523991,20.17244367,18
LC08_L2SP_196028_20171216_20200902_02_T2_ST,Landsat Collection 2 Level-2 Surface Temperature Product,2017-12-16T10:23:16.020896Z,LANDSAT_8,89.89,89.89,163.28847346,18.89893584,18
LE07_L2SP_197028_20171215_20200830_02_T1_ST,Landsat Collection 2 Level-2 Surface Temperature Product Product,2017-12-15T10:31:37.893486Z,LANDSAT_7,50.0,50.0,163.83492459,19.05886229,18
LE07_L2SP_196029_20171208_20200830_02_T2_ST,Landsat Collection 2 Level-2 Surface Temperature Product,2017-12-08T10:25:55.062977Z,LANDSAT_7,93.0,93.0,163.96411931,21.02390865,18
LE07_L2SP_196028_20171208_20200830_02_T1_ST,Landsat Collection 2 Level-2 Surface Temperature Product Product,2017-12-08T10:25:31.180566Z,LANDSAT_7,74.0,74.0,164.50805367,19.73414751,18
LC08_L2SP_197028_20171207_20200902_02_T1_ST,Landsat Collection 2 Level-2 Surface Temperature Product Product,2017-12-07T10:29:24.814389Z,LANDSAT_8,17.26,17.26,164.13436883,19.76719015,18
LC08_L2SP_196029_20171130_20200902_02_T1_ST,Landsat Collection 2 Level-2 Surface Temperature Product Product,2017-11-30T10:23:37.797859Z,LANDSAT_8,47.81,47.81,164.05435507,22.11324375,18
LC08_L2SP_196028_20171130_20200902_02_T2_ST,Landsat Collection 2 Level-2 Surface Temperature Product,2017-11-30T10:23:13.911056Z,LANDSAT_8,95.45,95.45,164.61307239,20.82368694,18
LE07_L2SP_197028_20171129_20200830_02_T1_ST,Landsat Collection 2 Level-2 Surface Temperature Product Product,2017-11-29T10:31:46.493404Z,LANDSAT_7,78.0,78.0,165.13954176,21.08940871,18
LE07_L2SP_196029_20171122_20200830_02_T1_ST,Landsat Collection 2 Level-2 Surface Temperature Product Product,2017-11-22T10:26:02.434090Z,LANDSAT_7,19.0,19.0,164.84861982,23.78983805,18
LE07_L2SP_196028_20171122_20200830_02_T1_ST,Landsat Collection 2 Level-2 Surface Temperature Product Product,2017-11-22T10:25:38.550591Z,LANDSAT_7,9.0,9.0,165.42150654,22.4901071,18
LC08_L2SP_197028_20171121_20200902_02_T1_ST,Landsat Collection 2 Level-2 Surface Temperature Product Product,2017-11-21T10:29:28.640396Z,LANDSAT_8,7.77,7.77,164.95069384,22.62529819,18
LC08_L2SP_196029_20171114_20200902_02_T1_ST,Landsat Collection 2 Level-2 Surface Temperature Product Product,2017-11-14T10:23:44.217907Z,LANDSAT_8,21.42,21.42,164.37171176,25.62681766,18
LC08_L2SP_196028_20171114_20200902_02_T1_ST,Landsat Collection 2 Level-2 Surface Temperature Product Product,2017-11-14T10:23:20.326867Z,LANDSAT_8,10.72,10.72,164.97542059,24.33310118,18
LE07_L2SP_197028_20171113_20200830_02_T2_ST,Landsat Collection 2 Level-2 Surface Temperature Product,2017-11-13T10:31:52.054801Z,LANDSAT_7,92.0,92.0,165.47936183,24.68642544,18
LE07_L2SP_196029_20171106_20200830_02_T1_ST,Landsat Collection 2 Level-2 Surface Temperature Product Product,2017-11-06T10:26:06.552827Z,LANDSAT_7,74.0,74.0,164.62705585,27.94846036,18
LE07_L2SP_196028_20171106_20200830_02_T1_ST,Landsat Collection 2 Level-2 Surface Temperature Product Product,2017-11-06T10:25:42.668494Z,LANDSAT_7,84.0,84.0,165.25944846,26.65091474,18
LC08_L2SP_197028_20171105_20200902_02_T1_ST,Landsat Collection 2 Level-2 Surface Temperature Product Product,2017-11-05T10:29:33.336658Z,LANDSAT_8,79.73,79.73,164.66616955,26.85345026,18
LC08_L2SP_196029_20171029_20200902_02_T1_ST,Landsat Collection 2 Level-2 Surface Temperature Product Product,2017-10-29T10:23:47.214996Z,LANDSAT_8,26.77,26.77,163.46754803,30.30521776,18
LC08_L2SP_196028_20171029_20200902_02_T1_ST,Landsat Collection 2 Level-2 Surface Temperature Product Product,2017-10-29T10:23:23.336666Z,LANDSAT_8,79.6,79.6,164.15027523,29.02229429,18
LE07_L2SP_197028_20171028_20200830_02_T1_ST,Landsat Collection 2 Level-2 Surface Temperature Product Product,2017-10-28T10:31:54.370771Z,LANDSAT_7,29.0,29.0,164.63263103,29.43994356,18
LE07_L2SP_196029_20171021_20200830_02_T1_ST,Landsat Collection 2 Level-2 Surface Temperature Product Product,2017-10-21T10:26:07.461468Z,LANDSAT_7,65.0,65.0,163.1437009,33.05289681,18
LE07_L2SP_196028_20171021_20200830_02_T1_ST,Landsat Collection 2 Level-2 Surface Temperature Product Product,2017-10-21T10:25:43.576925Z,LANDSAT_7,85.0,85.0,163.87410963,31.77218292,18
LC08_L2SP_197028_20171020_20200902_02_T2_ST,Landsat Collection 2 Level-2 Surface Temperature Product,2017-10-20T10:29:34.131472Z,LANDSAT_8,97.16,97.16,163.14127938,32.00782473,18
LC08_L2SP_196029_20171013_20200902_02_T1_ST,Landsat Collection 2 Level-2 Surface Temperature Product Product,2017-10-13T10:23:46.341042Z,LANDSAT_8,33.11,33.11,161.27749563,35.69558873,18
LC08_L2SP_196028_20171013_20200902_02_T1_ST,Landsat Collection 2 Level-2 Surface Temperature Product Product,2017-10-13T10:23:22.450004Z,LANDSAT_8,6.68,6.68,162.08364024,34.4380961,18
LE07_L2SP_197028_20171012_20200830_02_T1_ST,Landsat Collection 2 Level-2 Surface Temperature Product Product,2017-10-12T10:31:53.534405Z,LANDSAT_7,24.0,24.0,162.55435356,34.90460839,18
LE07_L2SP_196029_20171005_20200830_02_T1_ST,Landsat Collection 2 Level-2 Surface Temperature Product Product,2017-10-05T10:26:05.343729Z,LANDSAT_7,0.0,0.0,160.39363248,38.64686581,18
LE07_L2SP_196028_20171005_20200830_02_T1_ST,Landsat Collection 2 Level-2 Surface Temperature Product Product,2017-10-05T10:25:41.459470Z,LANDSAT_7,2.0,2.0,161.27125231,37.39917101,18
LC08_L2SP_197028_20171004_20200903_02_T1_ST,Landsat Collection 2 Level-2 Surface Temperature Product Product,2017-10-04T10:29:31.177323Z,LANDSAT_8,83.39,83.39,160.39458143,37.62872935,18
LC08_L2SP_196029_20170927_20200903_02_T1_ST,Landsat Collection 2 Level-2 Surface Temperature Product Product,2017-09-27T10:23:41.764586Z,LANDSAT_8,21.09,21.09,157.85615219,41.33746175,18
LC08_L2SP_196028_20170927_20200903_02_T1_ST,Landsat Collection 2 Level-2 Surface Temperature Product Product,2017-09-27T10:23:17.882020Z,LANDSAT_8,31.81,31.81,158.83940992,40.12480556,18
LE07_L2SP_197028_20170926_20200830_02_T1_ST,Landsat Collection 2 Level-2 Surface Temperature Product Product,2017-09-26T10:31:51.376961Z,LANDSAT_7,89.0,89.0,159.32095577,40.61821718,18
LE07_L2SP_196029_20170919_20200830_02_T1_ST,Landsat Collection 2 Level-2 Surface Temperature Product Product,2017-09-19T10:26:03.334379Z,LANDSAT_7,91.0,91.0,156.51609686,44.29763158,18
LE07_L2SP_196028_20170919_20200831_02_T1_ST,Landsat Collection 2 Level-2 Surface Temperature Product Product,2017-09-19T10:25:39.450901Z,LANDSAT_7,73.0,73.0,157.59984613,43.10195549,18
LC08_L2SP_197028_20170918_20200903_02_T1_ST,Landsat Collection 2 Level-2 Surface Temperature Product Product,2017-09-18T10:29:24.398751Z,LANDSAT_8,77.04,77.04,156.58854362,43.29354364,18
LC08_L2SP_196029_20170911_20200903_02_T1_ST,Landsat Collection 2 Level-2 Surface Temperature Product Product,2017-09-11T10:23:35.631778Z,LANDSAT_8,34.91,34.91,153.4404394,46.84314416,18
LC08_L2SP_196028_20170911_20200903_02_T1_ST,Landsat Collection 2 Level-2 Surface Temperature Product Product,2017-09-11T10:23:11.744976Z,LANDSAT_8,79.81,79.81,154.66348289,45.69340436,18
LE07_L2SP_197028_20170910_20200830_02_T1_ST,Landsat Collection 2 Level-2 Surface Temperature Product Product,2017-09-10T10:31:51.929841Z,LANDSAT_7,66.0,66.0,155.17392974,46.20000904,18
LE07_L2SP_196029_20170903_20200831_02_T1_ST,Landsat Collection 2 Level-2 Surface Temperature Product Product,2017-09-03T10:26:05.786799Z,LANDSAT_7,13.0,13.0,151.8160079,49.63979969,18
LE07_L2SP_196028_20170903_20200830_02_T1_ST,Landsat Collection 2 Level-2 Surface Temperature Product Product,2017-09-03T10:25:41.904370Z,LANDSAT_7,18.0,18.0,153.16493322,48.51674229,18
LC08_L2SP_197028_20170902_20200903_02_T1_ST,Landsat Collection 2 Level-2 Surface Temperature Product Product,2017-09-02T10:29:22.427821Z,LANDSAT_8,89.66,89.66,152.04251269,48.64483641,18
LC08_L2SP_196029_20170826_20200903_02_T1_ST,Landsat Collection 2 Level-2 Surface Temperature Product Product,2017-08-26T10:23:34.593069Z,LANDSAT_8,29.68,29.68,148.42100779,51.88753164,18
LC08_L2SP_196028_20170826_20200903_02_T1_ST,Landsat Collection 2 Level-2 Surface Temperature Product Product,2017-08-26T10:23:10.706265Z,LANDSAT_8,7.04,7.04,149.94411287,50.8171248,18
LE07_L2SP_197028_20170825_20200830_02_T1_ST,Landsat Collection 2 Level-2 Surface Temperature Product Product,2017-08-25T10:31:52.897758Z,LANDSAT_7,26.0,26.0,150.52328311,51.32448061,18
LE07_L2SP_196029_20170818_20200830_02_T1_ST,Landsat Collection 2 Level-2 Surface Temperature Product Product,2017-08-18T10:26:05.598463Z,LANDSAT_7,1.0,1.0,146.80593439,54.4081787,18
LE07_L2SP_196028_20170818_20200830_02_T1_ST,Landsat Collection 2 Level-2 Surface Temperature Product Product,2017-08-18T10:25:41.716013Z,LANDSAT_7,3.0,3.0,148.48420119,53.36323268,18
LC08_L2SP_197028_20170817_20200903_02_T1_ST,Landsat Collection 2 Level-2 Surface Temperature Product Product,2017-08-17T10:29:19.508422Z,LANDSAT_8,5.22,5.22,147.28074668,53.41429172,18
LC08_L2SP_196029_20170810_20200903_02_T1_ST,Landsat Collection 2 Level-2 Surface Temperature Product Product,2017-08-10T10:23:30.463025Z,LANDSAT_8,61.87,61.87,143.43652074,56.24753928,18
LC08_L2SP_196028_20170810_20200903_02_T1_ST,Landsat Collection 2 Level-2 Surface Temperature Product Product,2017-08-10T10:23:06.576224Z,LANDSAT_8,72.55,72.55,145.30091692,55.26317221,18
LE07_L2SP_197028_20170809_20200830_02_T1_ST,Landsat Collection 2 Level-2 Surface Temperature Product Product,2017-08-09T10:31:53.009485Z,LANDSAT_7,54.0,54.0,145.9865015,55.7583403,18
LE07_L2SP_196029_20170802_20200831_02_T1_ST,Landsat Collection 2 Level-2 Surface Temperature Product Product,2017-08-02T10:26:07.238365Z,LANDSAT_7,1.0,1.0,142.20767951,58.39383801,18
LE07_L2SP_196028_20170802_20200831_02_T1_ST,Landsat Collection 2 Level-2 Surface Temperature Product Product,2017-08-02T10:25:43.355440Z,LANDSAT_7,3.0,3.0,144.23043671,57.43251476,18
LC08_L2SP_197028_20170801_20200903_02_T1_ST,Landsat Collection 2 Level-2 Surface Temperature Product Product,2017-08-01T10:29:13.964779Z,LANDSAT_8,81.49,81.49,143.00382187,57.39220167,18
LC08_L2SP_196029_20170725_20200903_02_T1_ST,Landsat Collection 2 Level-2 Surface Temperature Product Product,2017-07-25T10:23:23.899526Z,LANDSAT_8,66.15,66.15,139.29980815,59.7521499,18
LC08_L2SP_196028_20170725_20200903_02_T1_ST,Landsat Collection 2 Level-2 Surface Temperature Product Product,2017-07-25T10:23:00.012723Z,LANDSAT_8,93.18,93.18,141.50424673,58.84391975,18
LE07_L2SP_197028_20170724_20200831_02_T1_ST,Landsat Collection 2 Level-2 Surface Temperature Product Product,2017-07-24T10:31:55.246059Z,LANDSAT_7,77.0,77.0,142.35326477,59.31300237,18
LE07_L2SP_196029_20170717_20200831_02_T1_ST,Landsat Collection 2 Level-2 Surface Temperature Product Product,2017-07-17T10:26:08.736662Z,LANDSAT_7,10.0,10.0,138.91022457,61.4502316,18
LE07_L2SP_196028_20170717_20200831_02_T1_ST,Landsat Collection 2 Level-2 Surface Temperature Product Product,2017-07-17T10:25:44.852657Z,LANDSAT_7,18.0,18.0,141.25854135,60.54707842,18
LC08_L2SP_197028_20170716_20200903_02_T1_ST,Landsat Collection 2 Level-2 Surface Temperature Product Product,2017-07-16T10:29:06.097479Z,LANDSAT_8,0.09,0.09,140.06392647,60.41701889,18
LC08_L2SP_196029_20170709_20200903_02_T1_ST,Landsat Collection 2 Level-2 Surface Temperature Product Product,2017-07-09T10:23:17.142059Z,LANDSAT_8,81.38,81.38,136.90961586,62.25502914,18
LC08_L2SP_196028_20170709_20200903_02_T1_ST,Landsat Collection 2 Level-2 Surface Temperature Product Product,2017-07-09T10:22:53.255257Z,LANDSAT_8,93.76,93.76,139.3863507,61.39198662,18
LE07_L2SP_197028_20170708_20200831_02_T1_ST,Landsat Collection 2 Level-2 Surface Temperature Product Product,2017-07-08T10:31:55.652679Z,LANDSAT_7,74.0,74.0,140.43055563,61.81062569,18
LE07_L2SP_196029_20170701_20200831_02_T1_ST,Landsat Collection 2 Level-2 Surface Temperature Product Product,2017-07-01T10:26:08.298202Z,LANDSAT_7,67.0,67.0,137.72304,63.39671847,18
LE07_L2SP_196028_20170701_20200831_02_T1_ST,Landsat Collection 2 Level-2 Surface Temperature Product Product,2017-07-01T10:25:44.413925Z,LANDSAT_7,92.0,92.0,140.28060609,62.5151278,18
LC08_L2SP_197028_20170630_20200903_02_T2_ST,Landsat Collection 2 Level-2 Surface Temperature Product,2017-06-30T10:29:02.580479Z,LANDSAT_8,98.06,98.06,139.14821453,62.29095508,18
LC08_L2SP_196029_20170623_20200903_02_T1_ST,Landsat Collection 2 Level-2 Surface Temperature Product Product,2017-06-23T10:23:13.996830Z,LANDSAT_8,32.13,32.13,136.86672865,63.55541455,18
LC08_L2SP_196028_20170623_20200903_02_T1_ST,Landsat Collection 2 Level-2 Surface Temperature Product Product,2017-06-23T10:22:50.110027Z,LANDSAT_8,13.29,13.29,139.46709101,62.69197211,18
LE07_L2SP_197028_20170622_20200831_02_T1_ST,Landsat Collection 2 Level-2 Surface Temperature Product Product,2017-06-22T10:31:54.227187Z,LANDSAT_7,7.0,7.0,140.72959287,63.03378712,18
LE07_L2SP_196029_20170615_20200831_02_T1_ST,Landsat Collection 2 Level-2 Surface Temperature Product Product,2017-06-15T10:26:06.081322Z,LANDSAT_7,10.0,10.0,138.93774136,64.00742264,18
LE07_L2SP_196028_20170615_20200831_02_T1_ST,Landsat Collection 2 Level-2 Surface Temperature Product Product,2017-06-15T10:25:42.197220Z,LANDSAT_7,27.0,27.0,141.50922406,63.10391659,18
LC08_L2SP_197028_20170614_20200903_02_T1_ST,Landsat Collection 2 Level-2 Surface Temperature Product Product,2017-06-14T10:28:58.062502Z,LANDSAT_8,49.68,49.68,140.44160327,62.78144865,18
LC08_L2SP_196029_20170607_20200903_02_T1_ST,Landsat Collection 2 Level-2 Surface Temperature Product Product,2017-06-07T10:23:08.302731Z,LANDSAT_8,19.01,19.01,139.03069978,63.40359488,18
LC08_L2SP_196028_20170607_20200903_02_T1_ST,Landsat Collection 2 Level-2 Surface Temperature Product Product,2017-06-07T10:22:44.415928Z,LANDSAT_8,47.81,47.81,141.54973542,62.49756635,18
LE07_L2SP_197028_20170606_20200831_02_T1_ST,Landsat Collection 2 Level-2 Surface Temperature Product Product,2017-06-06T10:31:50.889210Z,LANDSAT_7,57.0,57.0,142.94670757,62.73371334,18
LE07_L2SP_196029_20170530_20200831_02_T1_ST,Landsat Collection 2 Level-2 Surface Temperature Product Product,2017-05-30T10:26:01.870000Z,LANDSAT_7,31.0,31.0,141.88853956,63.03681069,18
LE07_L2SP_196028_20170530_20200831_02_T1_ST,Landsat Collection 2 Level-2 Surface Temperature Product Product,2017-05-30T10:25:37.986772Z,LANDSAT_7,43.0,43.0,144.28064359,62.07544643,18
LC08_L2SP_197028_20170529_20200903_02_T1_ST,Landsat Collection 2 Level-2 Surface Temperature Product Product,2017-05-29T10:28:50.882602Z,LANDSAT_8,0.09,0.09,143.2486337,61.65951239,18
LC08_L2SP_196029_20170522_20200904_02_T1_ST,Landsat Collection 2 Level-2 Surface Temperature Product Product,2017-05-22T10:22:59.818108Z,LANDSAT_8,56.28,56.28,142.4049,61.60702297,18
LC08_L2SP_196028_20170522_20200903_02_T1_ST,Landsat Collection 2 Level-2 Surface Temperature Product Product,2017-05-22T10:22:35.931306Z,LANDSAT_8,9.96,9.96,144.66292711,60.63833552,18
LE07_L2SP_197028_20170521_20200831_02_T1_ST,Landsat Collection 2 Level-2 Surface Temperature Product Product,2017-05-21T10:31:46.169716Z,LANDSAT_7,7.0,7.0,146.09749631,60.75761602,18
LE07_L2SP_196029_20170514_20200831_02_T1_ST,Landsat Collection 2 Level-2 Surface Temperature Product Product,2017-05-14T10:25:58.360206Z,LANDSAT_7,81.0,81.0,145.37137321,60.39227389,18
LE07_L2SP_196028_20170514_20200831_02_T1_ST,Landsat Collection 2 Level-2 Surface Temperature Product Product,2017-05-14T10:25:34.478046Z,LANDSAT_7,75.0,75.0,147.44660927,59.36937852,18
LC08_L2SP_197028_20170513_20200904_02_T1_ST,Landsat Collection 2 Level-2 Surface Temperature Product Product,2017-05-13T10:28:40.578999Z,LANDSAT_8,94.68,94.68,146.4125843,58.86529287,18
LC08_L2SP_196029_20170506_20200904_02_T2_ST,Landsat Collection 2 Level-2 Surface Temperature Product,2017-05-06T10:22:48.223096Z,LANDSAT_8,82.67,82.67,145.73229987,58.17742455,18
LC08_L2SP_196028_20170506_20200904_02_T2_ST,Landsat Collection 2 Level-2 Surface Temperature Product,2017-05-06T10:22:24.332057Z,LANDSAT_8,99.98,99.98,147.65122047,57.15046569,18
LE07_L2SP_197028_20170505_20200831_02_T1_ST,Landsat Collection 2 Level-2 Surface Temperature Product Product,2017-05-05T10:31:43.567929Z,LANDSAT_7,18.0,18.0,149.00738647,57.16127215,18
LE07_L2SP_196029_20170428_20200831_02_T1_ST,Landsat Collection 2 Level-2 Surface Temperature Product Product,2017-04-28T10:25:54.881487Z,LANDSAT_7,57.0,57.0,148.31439634,56.21485237,18
LE07_L2SP_196028_20170428_20200831_02_T1_ST,Landsat Collection 2 Level-2 Surface Temperature Product Product,2017-04-28T10:25:30.999510Z,LANDSAT_7,79.0,79.0,150.04688442,55.14326614,18
LC08_L2SP_197028_20170427_20200904_02_T1_ST,Landsat Collection 2 Level-2 Surface Temperature Product Product,2017-04-27T10:28:35.008291Z,LANDSAT_8,75.77,75.77,148.96000119,54.55035921,18
LC08_L2SP_196029_20170420_20200904_02_T1_ST,Landsat Collection 2 Level-2 Surface Temperature Product Product,2017-04-20T10:22:53.221807Z,LANDSAT_8,3.14,3.14,148.32617912,53.36471115,18
LC08_L2SP_196028_20170420_20200904_02_T1_ST,Landsat Collection 2 Level-2 Surface Temperature Product Product,2017-04-20T10:22:29.339241Z,LANDSAT_8,4.34,4.34,149.91534752,52.29453154,18
LE07_L2SP_197028_20170419_20200831_02_T1_ST,Landsat Collection 2 Level-2 Surface Temperature Product Product,2017-04-19T10:31:38.617342Z,LANDSAT_7,24.0,24.0,151.16734949,52.22610924,18
LE07_L2SP_196029_20170412_20200831_02_T1_ST,Landsat Collection 2 Level-2 Surface Temperature Product Product,2017-04-12T10:25:48.487395Z,LANDSAT_7,6.0,6.0,150.43956823,50.85328235,18
LE07_L2SP_196028_20170412_20200831_02_T1_ST,Landsat Collection 2 Level-2 Surface Temperature Product Product,2017-04-12T10:25:24.604594Z,LANDSAT_7,5.0,5.0,151.87226376,49.74848816,18
LC08_L2SP_197028_20170411_20200904_02_T1_ST,Landsat Collection 2 Level-2 Surface Temperature Product Product,2017-04-11T10:28:45.655605Z,LANDSAT_8,28.65,28.65,150.93051657,49.13057258,18
LC08_L2SP_196029_20170404_20200904_02_T1_ST,Landsat Collection 2 Level-2 Surface Temperature Product Product,2017-04-04T10:23:02.278139Z,LANDSAT_8,21.14,21.14,150.27935274,47.60898129,18
LC08_L2SP_196028_20170404_20200904_02_T1_ST,Landsat Collection 2 Level-2 Surface Temperature Product Product,2017-04-04T10:22:38.395574Z,LANDSAT_8,39.51,39.51,151.59217504,46.50834001,18
LE07_L2SP_197028_20170403_20200831_02_T1_ST,Landsat Collection 2 Level-2 Surface Temperature Product Product,2017-04-03T10:31:31.151940Z,LANDSAT_7,15.0,15.0,152.62805219,46.36503376,18
LE07_L2SP_196029_20170327_20200831_02_T1_ST,Landsat Collection 2 Level-2 Surface Temperature Product Product,2017-03-27T10:25:42.974109Z,LANDSAT_7,26.0,26.0,151.94628126,44.75196103,18
LE07_L2SP_196028_20170327_20200831_02_T1_ST,Landsat Collection 2 Level-2 Surface Temperature Product Product,2017-03-27T10:25:19.090310Z,LANDSAT_7,3.0,3.0,153.1388897,43.62659637,18
LC08_L2SP_197028_20170326_20200904_02_T1_ST,Landsat Collection 2 Level-2 Surface Temperature Product Product,2017-03-26T10:28:52.760458Z,LANDSAT_8,10.2,10.2,152.34303665,43.00751703,18
LC08_L2SP_196029_20170319_20200904_02_T1_ST,Landsat Collection 2 Level-2 Surface Temperature Product Product,2017-03-19T10:23:09.722443Z,LANDSAT_8,40.92,40.92,151.79085593,41.35290999,18
LC08_L2SP_196028_20170319_20200904_02_T1_ST,Landsat Collection 2 Level-2 Surface Temperature Product Product,2017-03-19T10:22:45.839878Z,LANDSAT_8,40.61,40.61,152.88005666,40.22959432,18
LE07_L2SP_197028_20170318_20200831_02_T1_ST,Landsat Collection 2 Level-2 Surface Temperature Product Product,2017-03-18T10:31:27.451541Z,LANDSAT_7,100.0,100.0,153.74284695,40.04516099,18
LE07_L2SP_196029_20170311_20200831_02_T1_ST,Landsat Collection 2 Level-2 Surface Temperature Product Product,2017-03-11T10:25:38.176548Z,LANDSAT_7,3.0,3.0,153.22604192,38.40558125,18
LE07_L2SP_196028_20170311_20200831_02_T1_ST,Landsat Collection 2 Level-2 Surface Temperature Product Product,2017-03-11T10:25:14.291842Z,LANDSAT_7,12.0,12.0,154.21559965,37.25991703,18
LC08_L2SP_197028_20170310_20200904_02_T1_ST,Landsat Collection 2 Level-2 Surface Temperature Product Product,2017-03-10T10:29:02.484367Z,LANDSAT_8,22.46,22.46,153.56426034,36.67066761,18
LC08_L2SP_196029_20170303_20200905_02_T1_ST,Landsat Collection 2 Level-2 Surface Temperature Product Product,2017-03-03T10:23:19.396049Z,LANDSAT_8,88.08,88.08,153.21235185,35.10226497,18
LC08_L2SP_196028_20170303_20200905_02_T1_ST,Landsat Collection 2 Level-2 Surface Temperature Product Product,2017-03-03T10:22:55.513482Z,LANDSAT_8,87.31,87.31,154.1227579,33.95790027,18
LE07_L2SP_197028_20170302_20200901_02_T1_ST,Landsat Collection 2 Level-2 Surface Temperature Product Product,2017-03-02T10:31:21.451821Z,LANDSAT_7,65.0,65.0,154.8622967,33.76438706,18
LE07_L2SP_196029_20170223_20201008_02_T1_ST,Landsat Collection 2 Level-2 Surface Temperature Product Product,2017-02-23T10:25:31.006620Z,LANDSAT_7,48.0,48.0,154.59692559,32.321292,18
LE07_L2SP_196028_20170223_20200901_02_T1_ST,Landsat Collection 2 Level-2 Surface Temperature Product Product,2017-02-23T10:25:07.121886Z,LANDSAT_7,41.0,41.0,155.4348453,31.15731425,18
LC08_L2SP_197028_20170222_20200905_02_T1_ST,Landsat Collection 2 Level-2 Surface Temperature Product Product,2017-02-22T10:29:10.146397Z,LANDSAT_8,71.23,71.23,154.91984562,30.62720473,18
LC08_L2SP_196029_20170215_20200905_02_T1_ST,Landsat Collection 2 Level-2 Surface Temperature Product Product,2017-02-15T10:23:25.393661Z,LANDSAT_8,66.81,66.81,154.83559255,29.37225704,18
LC08_L2SP_196028_20170215_20200905_02_T1_ST,Landsat Collection 2 Level-2 Surface Temperature Product Product,2017-02-15T10:23:01.511096Z,LANDSAT_8,27.12,27.12,155.6052165,28.2042503,18
LE07_L2SP_197028_20170214_20200901_02_T1_ST,Landsat Collection 2 Level-2 Surface Temperature Product Product,2017-02-14T10:31:12.706390Z,LANDSAT_7,97.0,97.0,156.25383086,28.0326516,18
LE07_L2SP_196029_20170207_20200901_02_T1_ST,Landsat Collection 2 Level-2 Surface Temperature Product Product,2017-02-07T10:25:27.275905Z,LANDSAT_7,89.0,89.0,156.23194284,26.99843464,18
LE07_L2SP_196028_20170207_20200901_02_T2_ST,Landsat Collection 2 Level-2 Surface Temperature Product,2017-02-07T10:25:03.392134Z,LANDSAT_7,100.0,100.0,156.94143781,25.8090958,18
LC08_L2SP_197028_20170206_20200905_02_T2_ST,Landsat Collection 2 Level-2 Surface Temperature Product,2017-02-06T10:29:15.636796Z,LANDSAT_8,96.74,96.74,156.58761146,25.38631185,18
LC08_L2SP_196029_20170130_20200905_02_T1_ST,Landsat Collection 2 Level-2 Surface Temperature Product Product,2017-01-30T10:23:32.583434Z,LANDSAT_8,95.79,95.79,156.76666546,24.66409841,18
LC08_L2SP_196028_20170130_20200905_02_T2_ST,Landsat Collection 2 Level-2 Surface Temperature Product,2017-01-30T10:23:08.700869Z,LANDSAT_8,99.99,99.99,157.4305033,23.46857956,18
LE07_L2SP_197028_20170129_20201008_02_T1_ST,Landsat Collection 2 Level-2 Surface Temperature Product Product,2017-01-29T10:31:16.802566Z,LANDSAT_7,100.0,100.0,158.01508574,23.34517834,18
LE07_L2SP_196029_20170122_20200901_02_T2_ST,Landsat Collection 2 Level-2 Surface Temperature Product,2017-01-22T10:25:32.646065Z,LANDSAT_7,95.0,95.0,158.30363293,22.96412653,18
LE07_L2SP_196028_20170122_20201008_02_T1_ST,Landsat Collection 2 Level-2 Surface Temperature Product Product,2017-01-22T10:25:08.763871Z,LANDSAT_7,57.0,57.0,158.92501143,21.74600646,18
LC08_L2SP_197028_20170121_20200905_02_T1_ST,Landsat Collection 2 Level-2 Surface Temperature Product Product,2017-01-21T10:29:23.466926Z,LANDSAT_8,1.55,1.55,158.59981931,21.42395996,18
LC08_L2SP_196029_20170114_20200905_02_T1_ST,Landsat Collection 2 Level-2 Surface Temperature Product Product,2017-01-14T10:23:38.923619Z,LANDSAT_8,58.74,58.74,158.95784981,21.41977774,18
LC08_L2SP_196028_20170114_20200905_02_T2_ST,Landsat Collection 2 Level-2 Surface Temperature Product,2017-01-14T10:23:15.036817Z,LANDSAT_8,94.65,94.65,159.54979687,20.19403338,18
LE07_L2SP_197028_20170113_20200901_02_T1_ST,Landsat Collection 2 Level-2 Surface Temperature Product Product,2017-01-13T10:31:25.995125Z,LANDSAT_7,94.0,94.0,160.14162308,20.16363715,18
LE07_L2SP_196029_20170106_20200901_02_T1_ST,Landsat Collection 2 Level-2 Surface Temperature Product Product,2017-01-06T10:25:43.568466Z,LANDSAT_7,8.0,8.0,160.53866649,20.57141054,18
LE07_L2SP_196028_20170106_20200901_02_T1_ST,Landsat Collection 2 Level-2 Surface Temperature Product Product,2017-01-06T10:25:19.686727Z,LANDSAT_7,8.0,8.0,161.1042373,19.32361436,18
LC08_L2SP_197028_20170105_20200905_02_T1_ST,Landsat Collection 2 Level-2 Surface Temperature Product Product,2017-01-05T10:29:28.016194Z,LANDSAT_8,72.17,72.17,160.78305344,19.12053544,18
LC08_L2SP_196029_20161229_20200905_02_T1_ST,Landsat Collection 2 Level-2 Surface Temperature Product Product,2016-12-29T10:23:43.049871Z,LANDSAT_8,7.5,7.5,161.17114882,19.95347078,18
LC08_L2SP_196028_20161229_20200905_02_T1_ST,Landsat Collection 2 Level-2 Surface Temperature Product Product,2016-12-29T10:23:19.158833Z,LANDSAT_8,41.78,41.78,161.72390341,18.69876094,18
LE07_L2SP_197028_20161228_20201008_02_T1_ST,Landsat Collection 2 Level-2 Surface Temperature Product Product,2016-12-28T10:31:36.605058Z,LANDSAT_7,39.0,39.0,162.32162781,18.77540138,18
LE07_L2SP_196029_20161221_20201008_02_T1_ST,Landsat Collection 2 Level-2 Surface Temperature Product Product,2016-12-21T10:25:53.011941Z,LANDSAT_7,64.0,64.0,162.65344436,20.04422936,18
LE07_L2SP_196028_20161221_20201008_02_T1_ST,Landsat Collection 2 Level-2 Surface Temperature Product Product,2016-12-21T10:25:29.129537Z,LANDSAT_7,64.0,64.0,163.19858402,18.77107024,18
LC08_L2SP_197028_20161220_20200905_02_T2_ST,Landsat Collection 2 Level-2 Surface Temperature Product,2016-12-20T10:29:30.288568Z,LANDSAT_8,71.04,71.04,162.83973823,18.69632259,18
LC08_L2SP_196029_20161213_20200905_02_T1_ST,Landsat Collection 2 Level-2 Surface Temperature Product Product,2016-12-13T10:23:46.034784Z,LANDSAT_8,16.97,16.97,163.05291807,20.38700206,18
LC08_L2SP_196028_20161213_20200905_02_T1_ST,Landsat Collection 2 Level-2 Surface Temperature Product Product,2016-12-13T10:23:22.147982Z,LANDSAT_8,48.6,48.6,163.59684016,19.10926839,18
LE07_L2SP_197028_20161212_20201008_02_T1_ST,Landsat Collection 2 Level-2 Surface Temperature Product Product,2016-12-12T10:31:43.469725Z,LANDSAT_7,60.0,60.0,164.17970582,19.29679866,18
LE07_L2SP_196029_20161205_20201008_02_T1_ST,Landsat Collection 2 Level-2 Surface Temperature Product Product,2016-12-05T10:25:58.636355Z,LANDSAT_7,13.0,13.0,164.24322458,21.39719897,18
LE07_L2SP_196028_20161205_20201008_02_T1_ST,Landsat Collection 2 Level-2 Surface Temperature Product Product,2016-12-05T10:25:34.752750Z,LANDSAT_7,23.0,23.0,164.78946502,20.10437446,18
LC08_L2SP_197028_20161204_20200905_02_T1_ST,Landsat Collection 2 Level-2 Surface Temperature Product Product,2016-12-04T10:29:35.378045Z,LANDSAT_8,28.52,28.52,164.36616039,20.14994983,18
LC08_L2SP_196029_20161127_20200905_02_T1_ST,Landsat Collection 2 Level-2 Surface Temperature Product Product,2016-11-27T10:23:49.433483Z,LANDSAT_8,44.87,44.87,164.21530825,22.62302203,18
LC08_L2SP_196028_20161127_20200905_02_T1_ST,Landsat Collection 2 Level-2 Surface Temperature Product Product,2016-11-27T10:23:25.555153Z,LANDSAT_8,52.48,52.48,164.77919571,21.33195745,18
LE07_L2SP_197028_20161126_20200901_02_T1_ST,Landsat Collection 2 Level-2 Surface Temperature Product Product,2016-11-26T10:31:47.324261Z,LANDSAT_7,37.0,37.0,165.3399479,21.61933646,18
LE07_L2SP_196029_20161119_20200901_02_T1_ST,Landsat Collection 2 Level-2 Surface Temperature Product Product,2016-11-19T10:26:00.983024Z,LANDSAT_7,25.0,25.0,164.95597504,24.43257791,18
LE07_L2SP_196028_20161119_20200901_02_T1_ST,Landsat Collection 2 Level-2 Surface Temperature Product Product,2016-11-19T10:25:37.098139Z,LANDSAT_7,63.0,63.0,165.54030295,23.13229829,18
LC08_L2SP_197028_20161118_20200905_02_T1_ST,Landsat Collection 2 Level-2 Surface Temperature Product Product,2016-11-18T10:29:36.443008Z,LANDSAT_8,100.0,100.0,165.01348066,23.27338951,18
LC08_L2SP_196029_20161111_20200905_02_T1_ST,Landsat Collection 2 Level-2 Surface Temperature Product Product,2016-11-11T10:23:48.677001Z,LANDSAT_8,45.75,45.75,164.3316723,26.36703941,18
LC08_L2SP_196028_20161111_20200905_02_T1_ST,Landsat Collection 2 Level-2 Surface Temperature Product Product,2016-11-11T10:23:24.785963Z,LANDSAT_8,74.15,74.15,164.94620875,25.07375828,18
LE07_L2SP_197028_20161110_20200901_02_T2_ST,Landsat Collection 2 Level-2 Surface Temperature Product,2016-11-10T10:31:51.112397Z,LANDSAT_7,85.0,85.0,165.48013626,25.44474558,18
LE07_L2SP_196029_20161103_20200901_02_T1_ST,Landsat Collection 2 Level-2 Surface Temperature Product Product,2016-11-03T10:26:07.766677Z,LANDSAT_7,13.0,13.0,164.52002359,28.78310295,18
LE07_L2SP_196028_20161103_20200901_02_T1_ST,Landsat Collection 2 Level-2 Surface Temperature Product Product,2016-11-03T10:25:43.881488Z,LANDSAT_7,16.0,16.0,165.16586252,27.48694881,18
LC08_L2SP_197028_20161102_20200905_02_T1_ST,Landsat Collection 2 Level-2 Surface Temperature Product Product,2016-11-02T10:29:36.855832Z,LANDSAT_8,99.97,99.97,164.51804085,27.69387118,18
LC08_L2SP_196029_20161026_20200905_02_T2_ST,Landsat Collection 2 Level-2 Surface Temperature Product,2016-10-26T10:23:50.179262Z,LANDSAT_8,92.42,92.42,163.2131684,31.20438162,18
LC08_L2SP_196028_20161026_20200905_02_T2_ST,Landsat Collection 2 Level-2 Surface Temperature Product,2016-10-26T10:23:26.292460Z,LANDSAT_8,52.11,52.11,163.91371504,29.92396637,18
LE07_L2SP_197028_20161025_20200901_02_T1_ST,Landsat Collection 2 Level-2 Surface Temperature Product Product,2016-10-25T10:31:58.222747Z,LANDSAT_7,100.0,100.0,164.4236004,30.36015203,18
LE07_L2SP_196029_20161018_20200901_02_T1_ST,Landsat Collection 2 Level-2 Surface Temperature Product Product,2016-10-18T10:26:13.219669Z,LANDSAT_7,24.0,24.0,162.81609993,34.00980331,18
LE07_L2SP_196028_20161018_20200901_02_T1_ST,Landsat Collection 2 Level-2 Surface Temperature Product Product,2016-10-18T10:25:49.335571Z,LANDSAT_7,46.0,46.0,163.5676056,32.73304711,18
LC08_L2SP_197028_20161017_20200905_02_T1_ST,Landsat Collection 2 Level-2 Surface Temperature Product Product,2016-10-17T10:29:36.190570Z,LANDSAT_8,100.0,100.0,162.78098499,32.96233909,18
LC08_L2SP_196029_20161010_20200905_02_T1_ST,Landsat Collection 2 Level-2 Surface Temperature Product Product,2016-10-10T10:23:47.404936Z,LANDSAT_8,11.74,11.74,160.79718413,36.66704842,18
LC08_L2SP_196028_20161010_20200905_02_T1_ST,Landsat Collection 2 Level-2 Surface Temperature Product Product,2016-10-10T10:23:23.518135Z,LANDSAT_8,40.78,40.78,161.62932809,35.4158026,18
LE07_L2SP_197028_20161009_20200901_02_T1_ST,Landsat Collection 2 Level-2 Surface Temperature Product Product,2016-10-09T10:32:01.402206Z,LANDSAT_7,62.0,62.0,162.12977047,35.89157359,18
LE07_L2SP_196029_20161002_20200901_02_T1_ST,Landsat Collection 2 Level-2 Surface Temperature Product Product,2016-10-02T10:26:14.494293Z,LANDSAT_7,87.0,87.0,159.85363235,39.64040645,18
LE07_L2SP_196028_20161002_20200901_02_T1_ST,Landsat Collection 2 Level-2 Surface Temperature Product Product,2016-10-02T10:25:50.611689Z,LANDSAT_7,82.0,82.0,160.76111585,38.40003089,18
LC08_L2SP_197028_20161001_20200906_02_T2_ST,Landsat Collection 2 Level-2 Surface Temperature Product,2016-10-01T10:29:30.532310Z,LANDSAT_8,99.91,99.91,159.83635395,38.62019799,18
LC08_L2SP_196029_20160924_20200906_02_T1_ST,Landsat Collection 2 Level-2 Surface Temperature Product Product,2016-09-24T10:23:43.153287Z,LANDSAT_8,25.95,25.95,157.19149722,42.31569952,18
LC08_L2SP_196028_20160924_20200906_02_T1_ST,Landsat Collection 2 Level-2 Surface Temperature Product Product,2016-09-24T10:23:19.270722Z,LANDSAT_8,6.19,6.19,158.21113451,41.11204496,18
LE07_L2SP_197028_20160923_20200902_02_T1_ST,Landsat Collection 2 Level-2 Surface Temperature Product Product,2016-09-23T10:32:00.366132Z,LANDSAT_7,18.0,18.0,158.71989411,41.61489169,18
LE07_L2SP_196029_20160916_20200902_02_T1_ST,Landsat Collection 2 Level-2 Surface Temperature Product Product,2016-09-16T10:26:11.908927Z,LANDSAT_7,82.0,82.0,155.80535645,45.26103053,18
LE07_L2SP_196028_20160916_20200902_02_T1_ST,Landsat Collection 2 Level-2 Surface Temperature Product Product,2016-09-16T10:25:48.026999Z,LANDSAT_7,87.0,87.0,156.93049079,44.07540082,18
LC08_L2SP_197028_20160915_20200906_02_T1_ST,Landsat Collection 2 Level-2 Surface Temperature Product Product,2016-09-15T10:29:29.957549Z,LANDSAT_8,85.4,85.4,155.87537523,44.25387873,18
LC08_L2SP_196029_20160908_20200906_02_T1_ST,Landsat Collection 2 Level-2 Surface Temperature Product Product,2016-09-08T10:23:42.053088Z,LANDSAT_8,0.71,0.71,152.63112422,47.75943875,18
LC08_L2SP_196028_20160908_20200906_02_T1_ST,Landsat Collection 2 Level-2 Surface Temperature Product Product,2016-09-08T10:23:18.166287Z,LANDSAT_8,2.19,2.19,153.9015259,46.62191223,18
LE07_L2SP_197028_20160907_20200902_02_T1_ST,Landsat Collection 2 Level-2 Surface Temperature Product Product,2016-09-07T10:31:58.270799Z,LANDSAT_7,0.0,0.0,154.44378281,47.1378581,18
LE07_L2SP_196029_20160831_20200902_02_T1_ST,Landsat Collection 2 Level-2 Surface Temperature Product Product,2016-08-31T10:26:10.342386Z,LANDSAT_7,37.0,37.0,151.01210794,50.52460375,18
LE07_L2SP_196028_20160831_20200902_02_T1_ST,Landsat Collection 2 Level-2 Surface Temperature Product Product,2016-08-31T10:25:46.460503Z,LANDSAT_7,28.0,28.0,152.41325845,49.41421725,18
LC08_L2SP_197028_20160830_20200906_02_T1_ST,Landsat Collection 2 Level-2 Surface Temperature Product Product,2016-08-30T10:29:26.578117Z,LANDSAT_8,21.37,21.37,151.25371771,49.52470049,18
LC08_L2SP_196029_20160823_20200906_02_T1_ST,Landsat Collection 2 Level-2 Surface Temperature Product Product,2016-08-23T10:23:36.911563Z,LANDSAT_8,0.18,0.18,147.57461454,52.70400698,18
LC08_L2SP_196028_20160823_20200906_02_T1_ST,Landsat Collection 2 Level-2 Surface Temperature Product Product,2016-08-23T10:23:13.024761Z,LANDSAT_8,0.44,0.44,149.15414741,51.64766328,18
LE07_L2SP_197028_20160822_20200902_02_T1_ST,Landsat Collection 2 Level-2 Surface Temperature Product Product,2016-08-22T10:31:55.068824Z,LANDSAT_7,0.0,0.0,149.76723488,52.16028516,18
LE07_L2SP_196029_20160815_20200902_02_T1_ST,Landsat Collection 2 Level-2 Surface Temperature Product Product,2016-08-15T10:26:06.395461Z,LANDSAT_7,3.0,3.0,146.00713925,55.1675985,18
LE07_L2SP_196028_20160815_20200902_02_T1_ST,Landsat Collection 2 Level-2 Surface Temperature Product Product,2016-08-15T10:25:42.512405Z,LANDSAT_7,14.0,14.0,147.7392279,54.13919272,18
LC08_L2SP_197028_20160814_20200906_02_T1_ST,Landsat Collection 2 Level-2 Surface Temperature Product Product,2016-08-14T10:29:19.424815Z,LANDSAT_8,1.03,1.03,146.51536407,54.16876783,18
LC08_L2SP_196029_20160807_20200906_02_T1_ST,Landsat Collection 2 Level-2 Surface Temperature Product Product,2016-08-07T10:23:30.814508Z,LANDSAT_8,4.38,4.38,142.66661503,56.92454726,18
LC08_L2SP_196028_20160807_20200906_02_T1_ST,Landsat Collection 2 Level-2 Surface Temperature Product Product,2016-08-07T10:23:06.931942Z,LANDSAT_8,3.06,3.06,144.59068679,55.95417731,18
LE07_L2SP_197028_20160806_20200902_02_T1_ST,Landsat Collection 2 Level-2 Surface Temperature Product Product,2016-08-06T10:31:53.270717Z,LANDSAT_7,26.0,26.0,145.31544636,56.45089953,18
LE07_L2SP_196029_20160730_20200902_02_T1_ST,Landsat Collection 2 Level-2 Surface Temperature Product Product,2016-07-30T10:26:05.662461Z,LANDSAT_7,89.0,89.0,141.55739867,59.00706076,18
LE07_L2SP_196028_20160730_20200902_02_T1_ST,Landsat Collection 2 Level-2 Surface Temperature Product Product,2016-07-30T10:25:41.777782Z,LANDSAT_7,84.0,84.0,143.64621703,58.05522923,18
LC08_L2SP_197028_20160729_20200906_02_T1_ST,Landsat Collection 2 Level-2 Surface Temperature Product Product,2016-07-29T10:29:16.693717Z,LANDSAT_8,14.73,14.73,142.41601334,57.99708634,18
LC08_L2SP_196029_20160722_20200906_02_T1_ST,Landsat Collection 2 Level-2 Surface Temperature Product Product,2016-07-22T10:23:28.371908Z,LANDSAT_8,93.43,93.43,138.77462479,60.27017063,18
LC08_L2SP_196028_20160722_20200906_02_T1_ST,Landsat Collection 2 Level-2 Surface Temperature Product Product,2016-07-22T10:23:04.489342Z,LANDSAT_8,90.25,90.25,141.03251141,59.37198529,18
LE07_L2SP_197028_20160721_20200902_02_T1_ST,Landsat Collection 2 Level-2 Surface Temperature Product Product,2016-07-21T10:31:51.167988Z,LANDSAT_7,43.0,43.0,141.91665194,59.83597297,18
LE07_L2SP_196029_20160714_20200902_02_T1_ST,Landsat Collection 2 Level-2 Surface Temperature Product Product,2016-07-14T10:26:02.479170Z,LANDSAT_7,51.0,51.0,138.57171895,61.87829906,18
LE07_L2SP_196028_20160714_20200902_02_T1_ST,Landsat Collection 2 Level-2 Surface Temperature Product Product,2016-07-14T10:25:38.594052Z,LANDSAT_7,85.0,85.0,140.95884614,60.98463457,18
LC08_L2SP_197028_20160713_20200906_02_T1_ST,Landsat Collection 2 Level-2 Surface Temperature Product Product,2016-07-13T10:29:12.506652Z,LANDSAT_8,66.69,66.69,139.77343436,60.83518013,18
LC08_L2SP_196029_20160706_20200906_02_T1_ST,Landsat Collection 2 Level-2 Surface Temperature Product Product,2016-07-06T10:23:22.580459Z,LANDSAT_8,7.41,7.41,136.75539712,62.57956853,18
LC08_L2SP_196028_20160706_20200906_02_T1_ST,Landsat Collection 2 Level-2 Surface Temperature Product Product,2016-07-06T10:22:58.693657Z,LANDSAT_8,23.22,23.22,139.26610232,61.71941535,18
LE07_L2SP_197028_20160705_20200902_02_T1_ST,Landsat Collection 2 Level-2 Surface Temperature Product Product,2016-07-05T10:31:49.671389Z,LANDSAT_7,56.0,56.0,140.35053459,62.12565407,18
LE07_L2SP_196029_20160628_20200902_02_T1_ST,Landsat Collection 2 Level-2 Surface Temperature Product Product,2016-06-28T10:26:02.963352Z,LANDSAT_7,3.0,3.0,137.78731257,63.61326729,18
LE07_L2SP_196028_20160628_20200902_02_T1_ST,Landsat Collection 2 Level-2 Surface Temperature Product Product,2016-06-28T10:25:39.078931Z,LANDSAT_7,21.0,21.0,140.37099726,62.73215165,18
LC08_L2SP_197028_20160627_20200906_02_T1_ST,Landsat Collection 2 Level-2 Surface Temperature Product Product,2016-06-27T10:29:04.741632Z,LANDSAT_8,30.84,30.84,139.25714339,62.49067582,18
LC08_L2SP_196029_20160620_20200906_02_T1_ST,Landsat Collection 2 Level-2 Surface Temperature Product Product,2016-06-20T10:23:13.494415Z,LANDSAT_8,10.85,10.85,137.12816258,63.64771544,18
LC08_L2SP_196028_20160620_20200906_02_T1_ST,Landsat Collection 2 Level-2 Surface Temperature Product Product,2016-06-20T10:22:49.607613Z,LANDSAT_8,25.13,25.13,139.72958661,62.77902504,18
LE07_L2SP_197028_20160619_20200902_02_T2_ST,Landsat Collection 2 Level-2 Surface Temperature Product,2016-06-19T10:31:49.593321Z,LANDSAT_7,86.0,86.0,141.00285382,63.10194388,18
LC08_L2SP_197028_20160611_20200906_02_T1_ST,Landsat Collection 2 Level-2 Surface Temperature Product Product,2016-06-11T10:28:57.524169Z,LANDSAT_8,65.11,65.11,140.86958362,62.71270459,18
LC08_L2SP_196029_20160604_20200906_02_T1_ST,Landsat Collection 2 Level-2 Surface Temperature Product Product,2016-06-04T10:23:09.573454Z,LANDSAT_8,55.4,55.4,139.58971542,63.22061077,18
LC08_L2SP_196028_20160604_20200906_02_T2_ST,Landsat Collection 2 Level-2 Surface Temperature Product,2016-06-04T10:22:45.686652Z,LANDSAT_8,94.96,94.96,142.07412548,62.30395818,18
LE07_L2SP_196029_20160527_20200902_02_T1_ST,Landsat Collection 2 Level-2 Surface Temperature Product Product,2016-05-27T10:25:57.416399Z,LANDSAT_7,10.0,10.0,142.49673476,62.70195428,18
LE07_L2SP_196028_20160527_20200902_02_T1_ST,Landsat Collection 2 Level-2 Surface Temperature Product Product,2016-05-27T10:25:33.534483Z,LANDSAT_7,7.0,7.0,144.8410081,61.7295778,18
LC08_L2SP_197028_20160526_20200906_02_T1_ST,Landsat Collection 2 Level-2 Surface Temperature Product Product,2016-05-26T10:28:54.019358Z,LANDSAT_8,82.59,82.59,143.82760568,61.30175799,18
LC08_L2SP_196029_20160519_20200907_02_T1_ST,Landsat Collection 2 Level-2 Surface Temperature Product Product,2016-05-19T10:23:04.243341Z,LANDSAT_8,57.78,57.78,143.02643991,61.13329937,18
LC08_L2SP_196028_20160519_20200907_02_T1_ST,Landsat Collection 2 Level-2 Surface Temperature Product Product,2016-05-19T10:22:40.356539Z,LANDSAT_8,85.86,85.86,145.22838678,60.15345596,18
LE07_L2SP_197028_20160518_20200902_02_T1_ST,Landsat Collection 2 Level-2 Surface Temperature Product Product,2016-05-18T10:31:40.384189Z,LANDSAT_7,60.0,60.0,146.62415228,60.2485497,18
LE07_L2SP_196029_20160511_20200902_02_T2_ST,Landsat Collection 2 Level-2 Surface Temperature Product,2016-05-11T10:25:53.066343Z,LANDSAT_7,99.0,99.0,145.92280545,59.77160897,18
LE07_L2SP_196028_20160511_20200902_02_T2_ST,Landsat Collection 2 Level-2 Surface Temperature Product,2016-05-11T10:25:29.185054Z,LANDSAT_7,98.0,98.0,147.93773465,58.73928272,18
LC08_L2SP_197028_20160510_20200907_02_T1_ST,Landsat Collection 2 Level-2 Surface Temperature Product Product,2016-05-10T10:28:49.190025Z,LANDSAT_8,56.76,56.76,146.92979764,58.22706723,18
LC08_L2SP_196029_20160503_20200907_02_T1_ST,Landsat Collection 2 Level-2 Surface Temperature Product Product,2016-05-03T10:23:06.878031Z,LANDSAT_8,36.94,36.94,146.25952445,57.44158995,18
LC08_L2SP_196028_20160503_20200907_02_T1_ST,Landsat Collection 2 Level-2 Surface Temperature Product Product,2016-05-03T10:22:42.991230Z,LANDSAT_8,85.9,85.9,148.11907714,56.40586305,18
LE07_L2SP_197028_20160502_20200902_02_T1_ST,Landsat Collection 2 Level-2 Surface Temperature Product Product,2016-05-02T10:31:38.658222Z,LANDSAT_7,20.0,20.0,149.42418693,56.39373458,18
LE07_L2SP_196029_20160425_20200902_02_T1_ST,Landsat Collection 2 Level-2 Surface Temperature Product Product,2016-04-25T10:25:49.577588Z,LANDSAT_7,17.0,17.0,148.72200793,55.3601159,18
LE07_L2SP_196028_20160425_20200902_02_T1_ST,Landsat Collection 2 Level-2 Surface Temperature Product Product,2016-04-25T10:25:25.695140Z,LANDSAT_7,61.0,61.0,150.39948622,54.28216757,18
LC08_L2SP_197028_20160424_20200907_02_T1_ST,Landsat Collection 2 Level-2 Surface Temperature Product Product,2016-04-24T10:28:46.580977Z,LANDSAT_8,56.18,56.18,149.40958238,53.70081843,18
LC08_L2SP_196029_20160417_20200907_02_T1_ST,Landsat Collection 2 Level-2 Surface Temperature Product Product,2016-04-17T10:23:03.367837Z,LANDSAT_8,92.45,92.45,148.75566698,52.44285528,18
LC08_L2SP_196028_20160417_20200907_02_T2_ST,Landsat Collection 2 Level-2 Surface Temperature Product,2016-04-17T10:22:39.481036Z,LANDSAT_8,73.85,73.85,150.29338225,51.3657082,18
LE07_L2SP_197028_20160416_20200902_02_T1_ST,Landsat Collection 2 Level-2 Surface Temperature Product Product,2016-04-16T10:31:32.686368Z,LANDSAT_7,70.0,70.0,151.43120257,51.26684832,18
LE07_L2SP_196029_20160409_20200902_02_T1_ST,Landsat Collection 2 Level-2 Surface Temperature Product Product,2016-04-09T10:25:41.840401Z,LANDSAT_7,44.0,44.0,150.7040831,49.83419338,18
LE07_L2SP_196028_20160409_20200902_02_T1_ST,Landsat Collection 2 Level-2 Surface Temperature Product Product,2016-04-09T10:25:17.956137Z,LANDSAT_7,88.0,88.0,152.09063735,48.72565515,18
LC08_L2SP_197028_20160408_20200907_02_T1_ST,Landsat Collection 2 Level-2 Surface Temperature Product Product,2016-04-08T10:28:53.656576Z,LANDSAT_8,75.37,75.37,151.24084057,48.12242514,18
LC08_L2SP_196029_20160401_20200907_02_T2_ST,Landsat Collection 2 Level-2 Surface Temperature Product,2016-04-01T10:23:08.177018Z,LANDSAT_8,99.98,99.98,150.59770937,46.56239792,18
LC08_L2SP_196028_20160401_20200907_02_T2_ST,Landsat Collection 2 Level-2 Surface Temperature Product,2016-04-01T10:22:44.294453Z,LANDSAT_8,99.98,99.98,151.86823125,45.45700319,18
LE07_L2SP_197028_20160331_20200902_02_T1_ST,Landsat Collection 2 Level-2 Surface Temperature Product Product,2016-03-31T10:31:25.835000Z,LANDSAT_7,96.0,96.0,152.8067517,45.28792298,18
LE07_L2SP_196029_20160324_20200903_02_T1_ST,Landsat Collection 2 Level-2 Surface Temperature Product Product,2016-03-24T10:25:37.611878Z,LANDSAT_7,4.0,4.0,152.14446489,43.65440411,18
LE07_L2SP_196028_20160324_20200903_02_T1_ST,Landsat Collection 2 Level-2 Surface Temperature Product Product,2016-03-24T10:25:13.726691Z,LANDSAT_7,5.0,5.0,153.29483429,42.52460288,18
LC08_L2SP_197028_20160323_20200907_02_T1_ST,Landsat Collection 2 Level-2 Surface Temperature Product Product,2016-03-23T10:29:01.253293Z,LANDSAT_8,48.1,48.1,152.58020004,41.92456817,18
LC08_L2SP_196029_20160316_20200907_02_T2_ST,Landsat Collection 2 Level-2 Surface Temperature Product,2016-03-16T10:23:18.416472Z,LANDSAT_8,99.94,99.94,152.04875789,40.26785693,18
LC08_L2SP_196028_20160316_20200907_02_T2_ST,Landsat Collection 2 Level-2 Surface Temperature Product,2016-03-16T10:22:54.533907Z,LANDSAT_8,94.74,94.74,153.10432808,39.14080247,18
LE07_L2SP_197028_20160315_20200903_02_T1_ST,Landsat Collection 2 Level-2 Surface Temperature Product Product,2016-03-15T10:31:21.689614Z,LANDSAT_7,11.0,11.0,153.8913838,38.93713821,18
LE07_L2SP_196029_20160308_20200903_02_T1_ST,Landsat Collection 2 Level-2 Surface Temperature Product Product,2016-03-08T10:25:31.310294Z,LANDSAT_7,50.0,50.0,153.41382285,37.31616226,18
LE07_L2SP_196028_20160308_20200903_02_T1_ST,Landsat Collection 2 Level-2 Surface Temperature Product Product,2016-03-08T10:25:07.425279Z,LANDSAT_7,77.0,77.0,154.37433211,36.16791029,18
LC08_L2SP_197028_20160307_20200907_02_T1_ST,Landsat Collection 2 Level-2 Surface Temperature Product Product,2016-03-07T10:29:08.765579Z,LANDSAT_8,66.7,66.7,153.7965828,35.59868715,18
LC08_L2SP_196029_20160229_20200907_02_T1_ST,Landsat Collection 2 Level-2 Surface Temperature Product Product,2016-02-29T10:23:22.796040Z,LANDSAT_8,75.73,75.73,153.48573274,34.06749839,18
LC08_L2SP_196028_20160229_20200907_02_T2_ST,Landsat Collection 2 Level-2 Surface Temperature Product,2016-02-29T10:22:58.909238Z,LANDSAT_8,97.8,97.8,154.36956668,32.91905409,18
LE07_L2SP_197028_20160228_20200903_02_T1_ST,Landsat Collection 2 Level-2 Surface Temperature Product Product,2016-02-28T10:31:11.929826Z,LANDSAT_7,87.0,87.0,155.04496259,32.71319593,18
LE07_L2SP_196029_20160221_20200903_02_T1_ST,Landsat Collection 2 Level-2 Surface Temperature Product Product,2016-02-21T10:25:21.433039Z,LANDSAT_7,2.0,2.0,154.82541557,31.32874621,18
LE07_L2SP_196028_20160221_20200903_02_T1_ST,Landsat Collection 2 Level-2 Surface Temperature Product Product,2016-02-21T10:24:57.549573Z,LANDSAT_7,28.0,28.0,155.63530291,30.15997889,18
LC08_L2SP_197028_20160220_20200907_02_T1_ST,Landsat Collection 2 Level-2 Surface Temperature Product Product,2016-02-20T10:29:09.456916Z,LANDSAT_8,83.48,83.48,155.18486636,29.65525339,18
LC08_L2SP_196029_20160213_20200907_02_T1_ST,Landsat Collection 2 Level-2 Surface Temperature Product Product,2016-02-13T10:23:26.432272Z,LANDSAT_8,83.5,83.5,155.14309074,28.47581298,18
LC08_L2SP_196028_20160213_20200907_02_T1_ST,Landsat Collection 2 Level-2 Surface Temperature Product Product,2016-02-13T10:23:02.549707Z,LANDSAT_8,80.0,80.0,155.8922807,27.30345573,18
LE07_L2SP_197028_20160212_20200903_02_T2_ST,Landsat Collection 2 Level-2 Surface Temperature Product,2016-02-12T10:31:08.168583Z,LANDSAT_7,100.0,100.0,156.49262385,27.12962367,18
LE07_L2SP_196029_20160205_20200903_02_T1_ST,Landsat Collection 2 Level-2 Surface Temperature Product Product,2016-02-05T10:25:19.329325Z,LANDSAT_7,15.0,15.0,156.5557341,26.20245003,18
LE07_L2SP_196028_20160205_20200903_02_T1_ST,Landsat Collection 2 Level-2 Surface Temperature Product Product,2016-02-05T10:24:55.446738Z,LANDSAT_7,26.0,26.0,157.24694344,25.01267481,18
LC08_L2SP_197028_20160204_20200907_02_T1_ST,Landsat Collection 2 Level-2 Surface Temperature Product Product,2016-02-04T10:29:18.076721Z,LANDSAT_8,67.93,67.93,156.91236562,24.60039209,18
LC08_L2SP_196029_20160128_20200907_02_T1_ST,Landsat Collection 2 Level-2 Surface Temperature Product Product,2016-01-28T10:23:33.256618Z,LANDSAT_8,65.76,65.76,157.12575825,23.98885649,18
LC08_L2SP_196028_20160128_20200907_02_T1_ST,Landsat Collection 2 Level-2 Surface Temperature Product Product,2016-01-28T10:23:09.374053Z,LANDSAT_8,79.44,79.44,157.77499983,22.78834896,18
LE07_L2SP_197028_20160127_20200903_02_T1_ST,Landsat Collection 2 Level-2 Surface Temperature Product Product,2016-01-27T10:31:02.119295Z,LANDSAT_7,97.0,97.0,158.31488472,22.67036567,18
LE07_L2SP_196029_20160120_20200903_02_T1_ST,Landsat Collection 2 Level-2 Surface Temperature Product Product,2016-01-20T10:25:10.936236Z,LANDSAT_7,47.0,47.0,158.5893833,22.40760594,18
LE07_L2SP_196028_20160120_20200903_02_T2_ST,Landsat Collection 2 Level-2 Surface Temperature Product,2016-01-20T10:24:47.053954Z,LANDSAT_7,50.0,50.0,159.20126888,21.1864661,18
LC08_L2SP_197028_20160119_20200907_02_T2_ST,Landsat Collection 2 Level-2 Surface Temperature Product,2016-01-19T10:29:21.270668Z,LANDSAT_8,97.11,97.11,158.95805201,20.89800949,18
LC08_L2SP_196029_20160112_20200907_02_T1_ST,Landsat Collection 2 Level-2 Surface Temperature Product Product,2016-01-12T10:23:33.739466Z,LANDSAT_8,71.03,71.03,159.33094015,21.03091677,18
LC08_L2SP_196028_20160112_20200907_02_T1_ST,Landsat Collection 2 Level-2 Surface Temperature Product Product,2016-01-12T10:23:09.852664Z,LANDSAT_8,91.94,91.94,159.91412751,19.80029026,18
LE07_L2SP_197028_20160111_20200903_02_T1_ST,Landsat Collection 2 Level-2 Surface Temperature Product Product,2016-01-11T10:30:50.760890Z,LANDSAT_7,49.0,49.0,160.39291773,19.76523659,18
LE07_L2SP_196029_20160104_20200903_02_T1_ST,Landsat Collection 2 Level-2 Surface Temperature Product Product,2016-01-04T10:24:56.978513Z,LANDSAT_7,88.0,88.0,160.76280818,20.30774423,18
LE07_L2SP_196028_20160104_20200903_02_T1_ST,Landsat Collection 2 Level-2 Surface Temperature Product Product,2016-01-04T10:24:33.095434Z,LANDSAT_7,91.0,91.0,161.32877524,19.0592316,18
LC08_L2SP_197028_20160103_20200907_02_T1_ST,Landsat Collection 2 Level-2 Surface Temperature Product Product,2016-01-03T10:29:21.529698Z,LANDSAT_8,100.0,100.0,161.1439939,18.90752173,18
LC08_L2SP_196029_20151227_20200908_02_T1_ST,Landsat Collection 2 Level-2 Surface Temperature Product Product,2015-12-27T10:23:36.884014Z,LANDSAT_8,18.54,18.54,161.50959651,19.88745306,18
LC08_L2SP_196028_20151227_20200908_02_T1_ST,Landsat Collection 2 Level-2 Surface Temperature Product Product,2015-12-27T10:23:13.001448Z,LANDSAT_8,15.08,15.08,162.05880095,18.62894251,18
LE07_L2SP_197028_20151226_20200903_02_T1_ST,Landsat Collection 2 Level-2 Surface Temperature Product Product,2015-12-26T10:30:35.167334Z,LANDSAT_7,10.0,10.0,162.47083464,18.69293,18
LE07_L2SP_196029_20151219_20200903_02_T1_ST,Landsat Collection 2 Level-2 Surface Temperature Product Product,2015-12-19T10:24:43.495402Z,LANDSAT_7,43.0,43.0,162.73324035,20.0981948,18
LE07_L2SP_196028_20151219_20200903_02_T1_ST,Landsat Collection 2 Level-2 Surface Temperature Product Product,2015-12-19T10:24:19.610991Z,LANDSAT_7,23.0,23.0,163.27655376,18.82391245,18
LC08_L2SP_197028_20151218_20200908_02_T1_ST,Landsat Collection 2 Level-2 Surface Temperature Product Product,2015-12-18T10:29:24.424595Z,LANDSAT_8,88.83,88.83,163.12344482,18.80993915,18
LC08_L2SP_196029_20151211_20200908_02_T1_ST,Landsat Collection 2 Level-2 Surface Temperature Product Product,2015-12-11T10:23:35.768115Z,LANDSAT_8,12.33,12.33,163.28597707,20.64352646,18
LC08_L2SP_196028_20151211_20200908_02_T1_ST,Landsat Collection 2 Level-2 Surface Temperature Product Product,2015-12-11T10:23:11.881313Z,LANDSAT_8,26.22,26.22,163.83166073,19.36312235,18
LE07_L2SP_197028_20151210_20200903_02_T1_ST,Landsat Collection 2 Level-2 Surface Temperature Product Product,2015-12-10T10:30:21.709656Z,LANDSAT_7,41.0,41.0,164.15634391,19.52642825,18
LE07_L2SP_196029_20151203_20200903_02_T1_ST,Landsat Collection 2 Level-2 Surface Temperature Product Product,2015-12-03T10:24:26.298984Z,LANDSAT_7,32.0,32.0,164.11918332,21.7508171,18
LE07_L2SP_196028_20151203_20200903_02_T1_ST,Landsat Collection 2 Level-2 Surface Temperature Product Product,2015-12-03T10:24:02.413413Z,LANDSAT_7,18.0,18.0,164.67321271,20.46037643,18
LC08_L2SP_197028_20151202_20200908_02_T1_ST,Landsat Collection 2 Level-2 Surface Temperature Product Product,2015-12-02T10:29:24.792719Z,LANDSAT_8,4.37,4.37,164.51890258,20.57212414,18
LC08_L2SP_196029_20151125_20200908_02_T1_ST,Landsat Collection 2 Level-2 Surface Temperature Product Product,2015-11-25T10:23:38.275882Z,LANDSAT_8,68.59,68.59,164.27834657,23.16283884,18
LC08_L2SP_196028_20151125_20200908_02_T2_ST,Landsat Collection 2 Level-2 Surface Temperature Product,2015-11-25T10:23:14.389081Z,LANDSAT_8,57.34,57.34,164.84933988,21.87072167,18
LE07_L2SP_197028_20151124_20200903_02_T1_ST,Landsat Collection 2 Level-2 Surface Temperature Product Product,2015-11-24T10:30:06.635764Z,LANDSAT_7,96.0,96.0,165.06936433,22.12178464,18
LE07_L2SP_196029_20151117_20200903_02_T1_ST,Landsat Collection 2 Level-2 Surface Temperature Product Product,2015-11-17T10:24:14.009975Z,LANDSAT_7,2.0,2.0,164.54449169,25.02662538,18
LE07_L2SP_196028_20151117_20200903_02_T1_ST,Landsat Collection 2 Level-2 Surface Temperature Product Product,2015-11-17T10:23:50.124335Z,LANDSAT_7,36.0,36.0,165.14314519,23.7318356,18
LC08_L2SP_197028_20151116_20200908_02_T1_ST,Landsat Collection 2 Level-2 Surface Temperature Product Product,2015-11-16T10:29:23.398881Z,LANDSAT_8,35.52,35.52,164.96777181,23.94549031,18
LC08_L2SP_196029_20151109_20200908_02_T1_ST,Landsat Collection 2 Level-2 Surface Temperature Product Product,2015-11-09T10:23:35.678819Z,LANDSAT_8,29.21,29.21,164.18304889,27.12663972,18
LC08_L2SP_196028_20151109_20200908_02_T1_ST,Landsat Collection 2 Level-2 Surface Temperature Product Product,2015-11-09T10:23:11.792018Z,LANDSAT_8,19.63,19.63,164.81014243,25.83527772,18
LE07_L2SP_197028_20151108_20200903_02_T1_ST,Landsat Collection 2 Level-2 Surface Temperature Product Product,2015-11-08T10:29:50.995859Z,LANDSAT_7,3.0,3.0,164.9078004,26.15318425,18
LE07_L2SP_196029_20151101_20200903_02_T1_ST,Landsat Collection 2 Level-2 Surface Temperature Product Product,2015-11-01T10:23:56.392595Z,LANDSAT_7,5.0,5.0,163.7858122,29.54702519,18
LE07_L2SP_196028_20151101_20200903_02_T1_ST,Landsat Collection 2 Level-2 Surface Temperature Product Product,2015-11-01T10:23:32.507996Z,LANDSAT_7,26.0,26.0,164.45354043,28.25982819,18
LC08_L2SP_197028_20151031_20200908_02_T1_ST,Landsat Collection 2 Level-2 Surface Temperature Product Product,2015-10-31T10:29:22.662310Z,LANDSAT_8,11.77,11.77,164.25386544,28.54409891,18
LC08_L2SP_196029_20151024_20200908_02_T1_ST,Landsat Collection 2 Level-2 Surface Temperature Product Product,2015-10-24T10:23:33.917917Z,LANDSAT_8,87.3,87.3,162.82406213,32.10044734,18
LC08_L2SP_196028_20151024_20200908_02_T1_ST,Landsat Collection 2 Level-2 Surface Temperature Product Product,2015-10-24T10:23:10.026880Z,LANDSAT_8,95.71,95.71,163.54476193,30.82449023,18
LE07_L2SP_197028_20151023_20200903_02_T2_ST,Landsat Collection 2 Level-2 Surface Temperature Product,2015-10-23T10:29:36.652497Z,LANDSAT_7,94.0,94.0,163.51206651,31.18195143,18
LE07_L2SP_196029_20151016_20200903_02_T1_ST,Landsat Collection 2 Level-2 Surface Temperature Product Product,2015-10-16T10:23:42.605057Z,LANDSAT_7,44.0,44.0,161.72093223,34.84027757,18
LE07_L2SP_196028_20151016_20200903_02_T2_ST,Landsat Collection 2 Level-2 Surface Temperature Product,2015-10-16T10:23:18.721973Z,LANDSAT_7,82.0,82.0,162.50315173,33.58105983,18
LC08_L2SP_197028_20151015_20200908_02_T2_ST,Landsat Collection 2 Level-2 Surface Temperature Product,2015-10-15T10:29:16.089533Z,LANDSAT_8,98.95,98.95,162.28495502,33.90719047,18
LC08_L2SP_196029_20151008_20200908_02_T1_ST,Landsat Collection 2 Level-2 Surface Temperature Product Product,2015-10-08T10:23:30.162192Z,LANDSAT_8,15.01,15.01,160.18233982,37.62372114,18
LC08_L2SP_196028_20151008_20200908_02_T1_ST,Landsat Collection 2 Level-2 Surface Temperature Product Product,2015-10-08T10:23:06.275391Z,LANDSAT_8,34.38,34.38,161.04371216,36.38033326,18
LE07_L2SP_197028_20151007_20200903_02_T1_ST,Landsat Collection 2 Level-2 Surface Temperature Product Product,2015-10-07T10:29:18.444033Z,LANDSAT_7,79.0,79.0,160.87571144,36.74885278,18
LC08_L2SP_197028_20150929_20200908_02_T1_ST,Landsat Collection 2 Level-2 Surface Temperature Product Product,2015-09-29T10:29:16.673186Z,LANDSAT_8,4.03,4.03,159.13357822,39.58484631,18
LC08_L2SP_196029_20150922_20200908_02_T1_ST,Landsat Collection 2 Level-2 Surface Temperature Product Product,2015-09-22T10:23:27.946738Z,LANDSAT_8,90.61,90.61,156.36576355,43.25405367,18
LC08_L2SP_196028_20150922_20200908_02_T1_ST,Landsat Collection 2 Level-2 Surface Temperature Product Product,2015-09-22T10:23:04.059937Z,LANDSAT_8,89.31,89.31,157.42573894,42.06184122,18
LE07_L2SP_197028_20150921_20200903_02_T1_ST,Landsat Collection 2 Level-2 Surface Temperature Product Product,2015-09-21T10:29:13.476755Z,LANDSAT_7,14.0,14.0,157.12316052,42.40618018,18
LE07_L2SP_196029_20150914_20200903_02_T1_ST,Landsat Collection 2 Level-2 Surface Temperature Product Product,2015-09-14T10:23:24.687133Z,LANDSAT_7,55.0,55.0,154.0650876,45.98946127,18
LE07_L2SP_196028_20150914_20200903_02_T2_ST,Landsat Collection 2 Level-2 Surface Temperature Product,2015-09-14T10:23:00.803908Z,LANDSAT_7,91.0,91.0,155.24772964,44.82920441,18
LC08_L2SP_197028_20150913_20200908_02_T1_ST,Landsat Collection 2 Level-2 Surface Temperature Product Product,2015-09-13T10:29:11.019029Z,LANDSAT_8,52.49,52.49,155.0102401,45.17271197,18
LC08_L2SP_196029_20150906_20200908_02_T1_ST,Landsat Collection 2 Level-2 Surface Temperature Product Product,2015-09-06T10:23:19.896181Z,LANDSAT_8,7.15,7.15,151.67108299,48.62747517,18
LC08_L2SP_196028_20150906_20200908_02_T1_ST,Landsat Collection 2 Level-2 Surface Temperature Product Product,2015-09-06T10:22:56.009380Z,LANDSAT_8,27.51,27.51,152.99267014,47.50490279,18
LE07_L2SP_197028_20150905_20200903_02_T1_ST,Landsat Collection 2 Level-2 Surface Temperature Product Product,2015-09-05T10:29:07.908055Z,LANDSAT_7,95.0,95.0,152.66625562,47.8277656,18
LE07_L2SP_196029_20150829_20200904_02_T1_ST,Landsat Collection 2 Level-2 Surface Temperature Product Product,2015-08-29T10:23:19.614147Z,LANDSAT_7,0.0,0.0,149.11032424,51.1220176,18
LE07_L2SP_196028_20150829_20200904_02_T1_ST,Landsat Collection 2 Level-2 Surface Temperature Product Product,2015-08-29T10:22:55.730979Z,LANDSAT_7,1.0,1.0,150.58374514,50.03901437,18
LC08_L2SP_197028_20150828_20200908_02_T1_ST,Landsat Collection 2 Level-2 Surface Temperature Product Product,2015-08-28T10:29:03.875448Z,LANDSAT_8,8.04,8.04,150.30371566,50.34451305,18
LC08_L2SP_196029_20150821_20200908_02_T1_ST,Landsat Collection 2 Level-2 Surface Temperature Product Product,2015-08-21T10:23:14.604730Z,LANDSAT_8,2.27,2.27,146.5593714,53.44981489,18
LC08_L2SP_196028_20150821_20200908_02_T1_ST,Landsat Collection 2 Level-2 Surface Temperature Product Product,2015-08-21T10:22:50.713693Z,LANDSAT_8,2.48,2.48,148.19884895,52.41068477,18
LE07_L2SP_197028_20150820_20200904_02_T1_ST,Landsat Collection 2 Level-2 Surface Temperature Product Product,2015-08-20T10:29:06.978280Z,LANDSAT_7,10.0,10.0,147.89129135,52.69817057,18
LE07_L2SP_196029_20150813_20200904_02_T1_ST,Landsat Collection 2 Level-2 Surface Temperature Product Product,2015-08-13T10:23:19.391259Z,LANDSAT_7,41.0,41.0,144.06867982,55.60147887,18
LE07_L2SP_196028_20150813_20200904_02_T1_ST,Landsat Collection 2 Level-2 Surface Temperature Product Product,2015-08-13T10:22:55.507497Z,LANDSAT_7,38.0,38.0,145.88025771,54.60512352,18
LC08_L2SP_197028_20150812_20200908_02_T1_ST,Landsat Collection 2 Level-2 Surface Temperature Product Product,2015-08-12T10:28:57.059894Z,LANDSAT_8,0.52,0.52,145.60182056,54.85487759,18
LC08_L2SP_196029_20150805_20200909_02_T1_ST,Landsat Collection 2 Level-2 Surface Temperature Product Product,2015-08-05T10:23:06.395415Z,LANDSAT_8,1.77,1.77,141.74950368,57.5257247,18
LC08_L2SP_196028_20150805_20200908_02_T1_ST,Landsat Collection 2 Level-2 Surface Temperature Product Product,2015-08-05T10:22:42.517086Z,LANDSAT_8,0.76,0.76,143.73472774,56.57240523,18
LE07_L2SP_196029_20150728_20200904_02_T1_ST,Landsat Collection 2 Level-2 Surface Temperature Product Product,2015-07-28T10:23:14.279199Z,LANDSAT_7,5.0,5.0,139.74943678,59.24726154,18
LE07_L2SP_196028_20150728_20200904_02_T1_ST,Landsat Collection 2 Level-2 Surface Temperature Product Product,2015-07-28T10:22:50.395310Z,LANDSAT_7,46.0,46.0,141.89721402,58.33247416,18
LC08_L2SP_197028_20150727_20200908_02_T1_ST,Landsat Collection 2 Level-2 Surface Temperature Product Product,2015-07-27T10:28:52.502308Z,LANDSAT_8,60.64,60.64,141.66762055,58.51622239,18
LC08_L2SP_196029_20150720_20200908_02_T1_ST,Landsat Collection 2 Level-2 Surface Temperature Product Product,2015-07-20T10:23:03.821475Z,LANDSAT_8,3.63,3.63,138.09567763,60.69517182,18
LC08_L2SP_196028_20150720_20200908_02_T1_ST,Landsat Collection 2 Level-2 Surface Temperature Product Product,2015-07-20T10:22:39.930438Z,LANDSAT_8,6.58,6.58,140.40690657,59.8098305,18
LE07_L2SP_197028_20150719_20200904_02_T1_ST,Landsat Collection 2 Level-2 Surface Temperature Product Product,2015-07-19T10:29:00.906466Z,LANDSAT_7,45.0,45.0,140.29702391,59.99527539,18
LE07_L2SP_196029_20150712_20200904_02_T1_ST,Landsat Collection 2 Level-2 Surface Temperature Product Product,2015-07-12T10:23:12.751567Z,LANDSAT_7,0.0,0.0,137.04093763,61.9197647,18
LE07_L2SP_196028_20150712_20200904_02_T1_ST,Landsat Collection 2 Level-2 Surface Temperature Product Product,2015-07-12T10:22:48.867622Z,LANDSAT_7,15.0,15.0,139.47501113,61.0561338,18
LC08_L2SP_197028_20150711_20200908_02_T1_ST,Landsat Collection 2 Level-2 Surface Temperature Product Product,2015-07-11T10:28:46.965062Z,LANDSAT_8,1.2,1.2,139.34612376,61.16349893,18
LC08_L2SP_196029_20150704_20200909_02_T1_ST,Landsat Collection 2 Level-2 Surface Temperature Product Product,2015-07-04T10:22:55.197397Z,LANDSAT_8,1.41,1.41,136.45617844,62.80482107,18
LC08_L2SP_196028_20150704_20200909_02_T1_ST,Landsat Collection 2 Level-2 Surface Temperature Product Product,2015-07-04T10:22:31.314832Z,LANDSAT_8,1.77,1.77,138.99637644,61.95074471,18
LE07_L2SP_197028_20150703_20200904_02_T1_ST,Landsat Collection 2 Level-2 Surface Temperature Product Product,2015-07-03T10:28:55.834083Z,LANDSAT_7,63.0,63.0,139.04657194,62.07009907,18
LE07_L2SP_196029_20150626_20200904_02_T1_ST,Landsat Collection 2 Level-2 Surface Temperature Product Product,2015-06-26T10:23:05.459686Z,LANDSAT_7,1.0,1.0,136.62918459,63.42638452,18
LE07_L2SP_196028_20150626_20200904_02_T1_ST,Landsat Collection 2 Level-2 Surface Temperature Product Product,2015-06-26T10:22:41.576104Z,LANDSAT_7,3.0,3.0,139.21611948,62.5697698,18
LC08_L2SP_197028_20150625_20200909_02_T1_ST,Landsat Collection 2 Level-2 Surface Temperature Product Product,2015-06-25T10:28:35.373513Z,LANDSAT_8,16.87,16.87,139.18790058,62.58415948,18
LC08_L2SP_196029_20150618_20200909_02_T1_ST,Landsat Collection 2 Level-2 Surface Temperature Product Product,2015-06-18T10:22:47.325229Z,LANDSAT_8,10.19,10.19,137.21461798,63.628952,18
LC08_L2SP_196028_20150618_20200909_02_T1_ST,Landsat Collection 2 Level-2 Surface Temperature Product Product,2015-06-18T10:22:23.442664Z,LANDSAT_8,51.14,51.14,139.81152526,62.75885856,18
LE07_L2SP_197028_20150617_20200904_02_T1_ST,Landsat Collection 2 Level-2 Surface Temperature Product Product,2015-06-17T10:28:52.858562Z,LANDSAT_7,14.0,14.0,140.03452835,62.79590931,18
LE07_L2SP_196029_20150610_20200904_02_T1_ST,Landsat Collection 2 Level-2 Surface Temperature Product Product,2015-06-10T10:23:04.787669Z,LANDSAT_7,85.0,85.0,138.5069929,63.52476767,18
LE07_L2SP_196028_20150610_20200904_02_T1_ST,Landsat Collection 2 Level-2 Surface Temperature Product Product,2015-06-10T10:22:40.904937Z,LANDSAT_7,79.0,79.0,141.05334598,62.62760406,18
LC08_L2SP_197028_20150609_20200909_02_T1_ST,Landsat Collection 2 Level-2 Surface Temperature Product Product,2015-06-09T10:28:30.025170Z,LANDSAT_8,64.78,64.78,141.10438906,62.53802101,18
LC08_L2SP_196029_20150602_20200909_02_T1_ST,Landsat Collection 2 Level-2 Surface Temperature Product Product,2015-06-02T10:22:37.309261Z,LANDSAT_8,15.24,15.24,139.92340979,62.92361165,18
LC08_L2SP_196028_20150602_20200909_02_T1_ST,Landsat Collection 2 Level-2 Surface Temperature Product Product,2015-06-02T10:22:13.418224Z,LANDSAT_8,16.32,16.32,142.37104619,62.00069131,18
LE07_L2SP_197028_20150601_20200904_02_T1_ST,Landsat Collection 2 Level-2 Surface Temperature Product Product,2015-06-01T10:28:47.304393Z,LANDSAT_7,84.0,84.0,142.69968656,61.94174302,18
LE07_L2SP_196029_20150525_20200904_02_T1_ST,Landsat Collection 2 Level-2 Surface Temperature Product Product,2015-05-25T10:22:56.607033Z,LANDSAT_7,40.0,40.0,141.79054553,61.99171752,18
LE07_L2SP_196028_20150525_20200904_02_T1_ST,Landsat Collection 2 Level-2 Surface Temperature Product Product,2015-05-25T10:22:32.724469Z,LANDSAT_7,60.0,60.0,144.09796338,61.03289894,18
LC08_L2SP_197028_20150524_20200909_02_T1_ST,Landsat Collection 2 Level-2 Surface Temperature Product Product,2015-05-24T10:28:19.713875Z,LANDSAT_8,31.82,31.82,144.15101727,60.8337651,18
LC08_L2SP_196029_20150517_20200909_02_T1_ST,Landsat Collection 2 Level-2 Surface Temperature Product Product,2015-05-17T10:22:30.544559Z,LANDSAT_8,23.44,23.44,143.3959284,60.54936129,18
LC08_L2SP_196028_20150517_20200909_02_T1_ST,Landsat Collection 2 Level-2 Surface Temperature Product Product,2015-05-17T10:22:06.661994Z,LANDSAT_8,48.91,48.91,145.54283155,59.56340282,18
LE07_L2SP_197028_20150516_20200904_02_T1_ST,Landsat Collection 2 Level-2 Surface Temperature Product Product,2015-05-16T10:28:42.857443Z,LANDSAT_7,71.0,71.0,145.88995305,59.40641354,18
LC08_L2SP_197028_20150508_20200909_02_T2_ST,Landsat Collection 2 Level-2 Surface Temperature Product,2015-05-08T10:28:21.553835Z,LANDSAT_8,100.0,100.0,147.16654325,57.48495448,18
LC08_L2SP_196029_20150501_20200909_02_T2_ST,Landsat Collection 2 Level-2 Surface Temperature Product,2015-05-01T10:22:42.700234Z,LANDSAT_8,99.99,99.99,146.55449802,56.61630318,18
LC08_L2SP_196028_20150501_20200909_02_T2_ST,Landsat Collection 2 Level-2 Surface Temperature Product,2015-05-01T10:22:18.817669Z,LANDSAT_8,100.0,100.0,148.35516295,55.57502073,18
LE07_L2SP_197028_20150430_20200904_02_T1_ST,Landsat Collection 2 Level-2 Surface Temperature Product Product,2015-04-30T10:28:34.361318Z,LANDSAT_7,63.0,63.0,148.63860825,55.32507678,18
LE07_L2SP_196029_20150423_20200905_02_T1_ST,Landsat Collection 2 Level-2 Surface Temperature Product Product,2015-04-23T10:22:43.730592Z,LANDSAT_7,33.0,33.0,147.95234046,54.19396785,18
LE07_L2SP_196028_20150423_20200905_02_T1_ST,Landsat Collection 2 Level-2 Surface Temperature Product Product,2015-04-23T10:22:19.846768Z,LANDSAT_7,8.0,8.0,149.59224452,53.129626,18
LC08_L2SP_197028_20150422_20200909_02_T1_ST,Landsat Collection 2 Level-2 Surface Temperature Product Product,2015-04-22T10:28:37.340270Z,LANDSAT_8,32.1,32.1,149.65004027,52.77534463,18
LC08_L2SP_196029_20150415_20200909_02_T1_ST,Landsat Collection 2 Level-2 Surface Temperature Product Product,2015-04-15T10:22:52.301289Z,LANDSAT_8,7.56,7.56,149.00968872,51.45236828,18
LC08_L2SP_196028_20150415_20200909_02_T1_ST,Landsat Collection 2 Level-2 Surface Temperature Product Product,2015-04-15T10:22:28.422960Z,LANDSAT_8,20.17,20.17,150.49788147,50.37160847,18
LE07_L2SP_197028_20150414_20200904_02_T1_ST,Landsat Collection 2 Level-2 Surface Temperature Product Product,2015-04-14T10:28:28.808658Z,LANDSAT_7,1.0,1.0,150.61889975,50.02856287,18
LE07_L2SP_196029_20150407_20200904_02_T1_ST,Landsat Collection 2 Level-2 Surface Temperature Product Product,2015-04-07T10:22:38.297101Z,LANDSAT_7,3.0,3.0,149.91977943,48.53630774,18
LE07_L2SP_196028_20150407_20200905_02_T1_ST,Landsat Collection 2 Level-2 Surface Temperature Product Product,2015-04-07T10:22:14.412520Z,LANDSAT_7,2.0,2.0,151.27496825,47.44098063,18
LC08_L2SP_197028_20150406_20200909_02_T1_ST,Landsat Collection 2 Level-2 Surface Temperature Product Product,2015-04-06T10:28:38.732792Z,LANDSAT_8,0.12,0.12,151.40063569,47.06138352,18
LC08_L2SP_196029_20150330_20200909_02_T1_ST,Landsat Collection 2 Level-2 Surface Temperature Product Product,2015-03-30T10:22:55.825118Z,LANDSAT_8,72.02,72.02,150.77396769,45.46984918,18
LC08_L2SP_196028_20150330_20200909_02_T2_ST,Landsat Collection 2 Level-2 Surface Temperature Product,2015-03-30T10:22:31.946789Z,LANDSAT_8,94.41,94.41,152.00442952,44.36195514,18
LE07_L2SP_197028_20150329_20200905_02_T2_ST,Landsat Collection 2 Level-2 Surface Temperature Product,2015-03-29T10:28:19.544054Z,LANDSAT_7,83.0,83.0,151.99950134,43.9622779,18
LE07_L2SP_196029_20150322_20200905_02_T1_ST,Landsat Collection 2 Level-2 Surface Temperature Product Product,2015-03-22T10:22:30.928787Z,LANDSAT_7,97.0,97.0,151.38392757,42.30082318,18
LE07_L2SP_196028_20150322_20200905_02_T2_ST,Landsat Collection 2 Level-2 Surface Temperature Product,2015-03-22T10:22:07.044391Z,LANDSAT_7,94.0,94.0,152.5137982,41.18484017,18
LC08_L2SP_197028_20150321_20200909_02_T2_ST,Landsat Collection 2 Level-2 Surface Temperature Product,2015-03-21T10:28:49.781556Z,LANDSAT_8,100.0,100.0,152.71273453,40.80902647,18
LC08_L2SP_196029_20150314_20200909_02_T1_ST,Landsat Collection 2 Level-2 Surface Temperature Product Product,2015-03-14T10:23:04.956097Z,LANDSAT_8,91.81,91.81,152.22574102,39.15934905,18
LC08_L2SP_196028_20150314_20200910_02_T1_ST,Landsat Collection 2 Level-2 Surface Temperature Product Product,2015-03-14T10:22:41.069295Z,LANDSAT_8,65.57,65.57,153.24922639,38.02944552,18
LE07_L2SP_197028_20150313_20200905_02_T1_ST,Landsat Collection 2 Level-2 Surface Temperature Product Product,2015-03-13T10:28:11.739752Z,LANDSAT_7,79.0,79.0,153.15664077,37.60376896,18
LE07_L2SP_196029_20150306_20200905_02_T1_ST,Landsat Collection 2 Level-2 Surface Temperature Product Product,2015-03-06T10:22:22.224157Z,LANDSAT_7,3.0,3.0,152.74020613,35.99545971,18
LE07_L2SP_196028_20150306_20200905_02_T1_ST,Landsat Collection 2 Level-2 Surface Temperature Product Product,2015-03-06T10:21:58.340250Z,LANDSAT_7,1.0,1.0,153.67933167,34.85799602,18
LC08_L2SP_197028_20150305_20200909_02_T1_ST,Landsat Collection 2 Level-2 Surface Temperature Product Product,2015-03-05T10:28:59.514578Z,LANDSAT_8,36.7,36.7,153.95828342,34.51662649,18
LC08_L2SP_196029_20150226_20200910_02_T1_ST,Landsat Collection 2 Level-2 Surface Temperature Product Product,2015-02-26T10:23:16.577695Z,LANDSAT_8,56.11,56.11,153.69725077,33.0309666,18
LC08_L2SP_196028_20150226_20200910_02_T1_ST,Landsat Collection 2 Level-2 Surface Temperature Product Product,2015-02-26T10:22:52.690894Z,LANDSAT_8,64.82,64.82,154.55549956,31.87933516,18
LE07_L2SP_197028_20150225_20200905_02_T1_ST,Landsat Collection 2 Level-2 Surface Temperature Product Product,2015-02-25T10:28:05.902106Z,LANDSAT_7,68.0,68.0,154.40890998,31.4595861,18
LE07_L2SP_196029_20150218_20200905_02_T1_ST,Landsat Collection 2 Level-2 Surface Temperature Product Product,2015-02-18T10:22:13.686162Z,LANDSAT_7,37.0,37.0,154.25935459,30.12960289,18
LE07_L2SP_196028_20150218_20200905_02_T1_ST,Landsat Collection 2 Level-2 Surface Temperature Product Product,2015-02-18T10:21:49.802369Z,LANDSAT_7,69.0,69.0,155.0514986,28.96995492,18
LC08_L2SP_197028_20150217_20200910_02_T2_ST,Landsat Collection 2 Level-2 Surface Temperature Product,2015-02-17T10:29:04.787051Z,LANDSAT_8,96.21,96.21,155.41583611,28.69433494,18
LC08_L2SP_196029_20150210_20200910_02_T1_ST,Landsat Collection 2 Level-2 Surface Temperature Product Product,2015-02-10T10:23:20.864422Z,LANDSAT_8,7.84,7.84,155.4292833,27.59923239,18
LC08_L2SP_196028_20150210_20200909_02_T1_ST,Landsat Collection 2 Level-2 Surface Temperature Product Product,2015-02-10T10:22:56.986092Z,LANDSAT_8,25.47,25.47,156.15855872,26.4228709,18
LE07_L2SP_197028_20150209_20200905_02_T1_ST,Landsat Collection 2 Level-2 Surface Temperature Product Product,2015-02-09T10:27:57.586318Z,LANDSAT_7,5.0,5.0,155.95563123,26.03734661,18
LE07_L2SP_196029_20150202_20200905_02_T1_ST,Landsat Collection 2 Level-2 Surface Temperature Product Product,2015-02-02T10:22:10.228752Z,LANDSAT_7,33.0,33.0,156.09058459,25.21645394,18
LE07_L2SP_196028_20150202_20200905_02_T2_ST,Landsat Collection 2 Level-2 Surface Temperature Product,2015-02-02T10:21:46.345857Z,LANDSAT_7,70.0,70.0,156.77134566,24.02970875,18
LC08_L2SP_197028_20150201_20200910_02_T2_ST,Landsat Collection 2 Level-2 Surface Temperature Product,2015-02-01T10:29:13.043665Z,LANDSAT_8,92.21,92.21,157.21354213,23.84479699,18
LC08_L2SP_196029_20150125_20200910_02_T1_ST,Landsat Collection 2 Level-2 Surface Temperature Product Product,2015-01-25T10:23:26.105879Z,LANDSAT_8,32.08,32.08,157.46695212,23.35203584,18
LC08_L2SP_196028_20150125_20200909_02_T1_ST,Landsat Collection 2 Level-2 Surface Temperature Product Product,2015-01-25T10:23:02.223314Z,LANDSAT_8,64.92,64.92,158.10228484,22.14673048,18
LE07_L2SP_197028_20150124_20200905_02_T2_ST,Landsat Collection 2 Level-2 Surface Temperature Product,2015-01-24T10:27:51.745709Z,LANDSAT_7,72.0,72.0,157.90380846,21.84688127,18
LE07_L2SP_196029_20150117_20200905_02_T1_ST,Landsat Collection 2 Level-2 Surface Temperature Product Product,2015-01-17T10:22:02.714140Z,LANDSAT_7,63.0,63.0,158.23789196,21.71978104,18
LE07_L2SP_196028_20150117_20200905_02_T1_ST,Landsat Collection 2 Level-2 Surface Temperature Product Product,2015-01-17T10:21:38.832044Z,LANDSAT_7,92.0,92.0,158.84089386,20.50310534,18
LC08_L2SP_197028_20150116_20200910_02_T2_ST,Landsat Collection 2 Level-2 Surface Temperature Product,2015-01-16T10:29:17.210401Z,LANDSAT_8,100.0,100.0,159.31673973,20.41988258,18
LC08_L2SP_196029_20150109_20200910_02_T1_ST,Landsat Collection 2 Level-2 Surface Temperature Product Product,2015-01-09T10:23:32.277158Z,LANDSAT_8,59.96,59.96,159.70478189,20.69481149,18
LC08_L2SP_196028_20150109_20200910_02_T1_ST,Landsat Collection 2 Level-2 Surface Temperature Product Product,2015-01-09T10:23:08.390357Z,LANDSAT_8,94.47,94.47,160.27963006,19.4591417,18
LE07_L2SP_197028_20150108_20200905_02_T1_ST,Landsat Collection 2 Level-2 Surface Temperature Product Product,2015-01-08T10:27:49.925017Z,LANDSAT_7,27.0,27.0,160.06518779,19.26938428,18
LE07_L2SP_196029_20150101_20200905_02_T1_ST,Landsat Collection 2 Level-2 Surface Temperature Product Product,2015-01-01T10:21:59.689204Z,LANDSAT_7,5.0,5.0,160.44597118,19.9634365,18
LE07_L2SP_196028_20150101_20200905_02_T1_ST,Landsat Collection 2 Level-2 Surface Temperature Product Product,2015-01-01T10:21:35.805823Z,LANDSAT_7,22.0,22.0,161.00467659,18.71743163,18
LC08_L2SP_197028_20141231_20200910_02_T1_ST,Landsat Collection 2 Level-2 Surface Temperature Product Product,2014-12-31T10:29:17.125842Z,LANDSAT_8,55.97,55.97,161.49793297,18.75086467,18
LC08_L2SP_196029_20141224_20200910_02_T1_ST,Landsat Collection 2 Level-2 Surface Temperature Product Product,2014-12-24T10:23:35.657355Z,LANDSAT_8,28.4,28.4,161.84715161,19.88113878,18
LC08_L2SP_196028_20141224_20200910_02_T1_ST,Landsat Collection 2 Level-2 Surface Temperature Product Product,2014-12-24T10:23:11.774790Z,LANDSAT_8,23.48,23.48,162.39339871,18.6183711,18
LE07_L2SP_197028_20141223_20200905_02_T1_ST,Landsat Collection 2 Level-2 Surface Temperature Product Product,2014-12-23T10:27:48.209698Z,LANDSAT_7,8.0,8.0,162.13830635,18.55284837,18
LE07_L2SP_196029_20141216_20200905_02_T1_ST,Landsat Collection 2 Level-2 Surface Temperature Product Product,2014-12-16T10:21:58.950997Z,LANDSAT_7,67.0,67.0,162.37457474,20.10582174,18
LE07_L2SP_196028_20141216_20200905_02_T1_ST,Landsat Collection 2 Level-2 Surface Temperature Product Product,2014-12-16T10:21:35.066621Z,LANDSAT_7,74.0,74.0,162.92020301,18.83596769,18
LC08_L2SP_197028_20141215_20200910_02_T1_ST,Landsat Collection 2 Level-2 Surface Temperature Product Product,2014-12-15T10:29:22.455507Z,LANDSAT_8,74.76,74.76,163.41862709,18.98588221,18
LC08_L2SP_196029_20141208_20200910_02_T1_ST,Landsat Collection 2 Level-2 Surface Temperature Product Product,2014-12-08T10:23:36.654335Z,LANDSAT_8,77.02,77.02,163.52496432,20.95903013,18
LC08_L2SP_196028_20141208_20200910_02_T1_ST,Landsat Collection 2 Level-2 Surface Temperature Product Product,2014-12-08T10:23:12.771769Z,LANDSAT_8,76.96,76.96,164.07254749,19.67589502,18
LE07_L2SP_197028_20141207_20200905_02_T2_ST,Landsat Collection 2 Level-2 Surface Temperature Product,2014-12-07T10:27:39.545436Z,LANDSAT_7,99.0,99.0,163.73883946,19.72345739,18
LE07_L2SP_196029_20141130_20200905_02_T2_ST,Landsat Collection 2 Level-2 Surface Temperature Product,2014-11-30T10:21:50.704338Z,LANDSAT_7,100.0,100.0,163.62357341,22.07840491,18
LE07_L2SP_196028_20141130_20200905_02_T1_ST,Landsat Collection 2 Level-2 Surface Temperature Product Product,2014-11-30T10:21:26.819250Z,LANDSAT_7,78.0,78.0,164.18599333,20.79329737,18
LC08_L2SP_197028_20141129_20200910_02_T1_ST,Landsat Collection 2 Level-2 Surface Temperature Product Product,2014-11-29T10:29:27.836483Z,LANDSAT_8,90.37,90.37,164.67496171,21.04778103,18
LC08_L2SP_196029_20141122_20200910_02_T1_ST,Landsat Collection 2 Level-2 Surface Temperature Product Product,2014-11-22T10:23:38.947476Z,LANDSAT_8,34.79,34.79,164.35660944,23.75603368,18
LC08_L2SP_196028_20141122_20200910_02_T1_ST,Landsat Collection 2 Level-2 Surface Temperature Product Product,2014-11-22T10:23:15.064911Z,LANDSAT_8,9.93,9.93,164.93451748,22.46314518,18
LE07_L2SP_197028_20141121_20200905_02_T1_ST,Landsat Collection 2 Level-2 Surface Temperature Product Product,2014-11-21T10:27:31.923967Z,LANDSAT_7,27.0,27.0,164.48901118,22.60654052,18
LE07_L2SP_196029_20141114_20200905_02_T2_ST,Landsat Collection 2 Level-2 Surface Temperature Product,2014-11-14T10:21:44.300814Z,LANDSAT_7,90.0,90.0,163.86810117,25.61131938,18
LE07_L2SP_196028_20141114_20200905_02_T1_ST,Landsat Collection 2 Level-2 Surface Temperature Product Product,2014-11-14T10:21:20.416352Z,LANDSAT_7,93.0,93.0,164.47673042,24.32302692,18
LC08_L2SP_197028_20141113_20200910_02_T1_ST,Landsat Collection 2 Level-2 Surface Temperature Product Product,2014-11-13T10:29:29.668099Z,LANDSAT_8,28.57,28.57,164.95019873,24.66653989,18
LC08_L2SP_196029_20141106_20200910_02_T1_ST,Landsat Collection 2 Level-2 Surface Temperature Product Product,2014-11-06T10:23:42.625751Z,LANDSAT_8,23.83,23.83,164.0608884,27.92725031,18
LC08_L2SP_196028_20141106_20200910_02_T1_ST,Landsat Collection 2 Level-2 Surface Temperature Product Product,2014-11-06T10:23:18.738950Z,LANDSAT_8,58.7,58.7,164.70078034,26.63720684,18
LE07_L2SP_197028_20141105_20200905_02_T2_ST,Landsat Collection 2 Level-2 Surface Temperature Product,2014-11-05T10:27:29.161689Z,LANDSAT_7,88.0,88.0,164.11973309,26.84884189,18
LE07_L2SP_196029_20141029_20200905_02_T1_ST,Landsat Collection 2 Level-2 Surface Temperature Product Product,2014-10-29T10:21:36.378879Z,LANDSAT_7,3.0,3.0,162.87138867,30.29272374,18
LE07_L2SP_196028_20141029_20200905_02_T1_ST,Landsat Collection 2 Level-2 Surface Temperature Product Product,2014-10-29T10:21:12.494004Z,LANDSAT_7,4.0,4.0,163.56182564,29.01584895,18
LC08_L2SP_197028_20141028_20200910_02_T1_ST,Landsat Collection 2 Level-2 Surface Temperature Product Product,2014-10-28T10:29:26.573382Z,LANDSAT_8,45.0,45.0,164.02663602,29.42934041,18
LC08_L2SP_196029_20141021_20200910_02_T1_ST,Landsat Collection 2 Level-2 Surface Temperature Product Product,2014-10-21T10:23:43.153837Z,LANDSAT_8,49.56,49.56,162.49243529,33.03188628,18
LC08_L2SP_196028_20141021_20200910_02_T1_ST,Landsat Collection 2 Level-2 Surface Temperature Product Product,2014-10-21T10:23:19.267036Z,LANDSAT_8,62.21,62.21,163.23295605,31.75992881,18
LE07_L2SP_197028_20141020_20200905_02_T1_ST,Landsat Collection 2 Level-2 Surface Temperature Product Product,2014-10-20T10:27:19.208173Z,LANDSAT_7,33.0,33.0,162.50087951,31.99819678,18
LE07_L2SP_196029_20141013_20200905_02_T1_ST,Landsat Collection 2 Level-2 Surface Temperature Product Product,2014-10-13T10:21:26.807020Z,LANDSAT_7,65.0,65.0,160.57501973,35.66760726,18
LE07_L2SP_196028_20141013_20200905_02_T1_ST,Landsat Collection 2 Level-2 Surface Temperature Product Product,2014-10-13T10:21:02.923639Z,LANDSAT_7,95.0,95.0,161.3916072,34.41849753,18
LC08_L2SP_197028_20141012_20200910_02_T2_ST,Landsat Collection 2 Level-2 Surface Temperature Product,2014-10-12T10:29:29.012565Z,LANDSAT_8,99.49,99.49,161.86112722,34.88191705,18
LC08_L2SP_196029_20141005_20200911_02_T1_ST,Landsat Collection 2 Level-2 Surface Temperature Product Product,2014-10-05T10:23:40.467993Z,LANDSAT_8,78.52,78.52,159.64541012,38.60419109,18
LC08_L2SP_196028_20141005_20200910_02_T1_ST,Landsat Collection 2 Level-2 Surface Temperature Product Product,2014-10-05T10:23:16.581192Z,LANDSAT_8,69.6,69.6,160.53580803,37.36762146,18
LE07_L2SP_197028_20141004_20200905_02_T1_ST,Landsat Collection 2 Level-2 Surface Temperature Product Product,2014-10-04T10:27:10.314954Z,LANDSAT_7,8.0,8.0,159.6414985,37.59867381,18
LE07_L2SP_196029_20140927_20200905_02_T1_ST,Landsat Collection 2 Level-2 Surface Temperature Product Product,2014-09-27T10:21:16.770345Z,LANDSAT_7,0.0,0.0,157.0408194,41.28074979,18
LE07_L2SP_196028_20140927_20200905_02_T1_ST,Landsat Collection 2 Level-2 Surface Temperature Product Product,2014-09-27T10:20:52.886543Z,LANDSAT_7,0.0,0.0,158.03805228,40.07872036,18
LC08_L2SP_197028_20140926_20200910_02_T1_ST,Landsat Collection 2 Level-2 Surface Temperature Product Product,2014-09-26T10:29:21.827893Z,LANDSAT_8,0.79,0.79,158.53460008,40.57260688,18
LC08_L2SP_196029_20140919_20200911_02_T1_ST,Landsat Collection 2 Level-2 Surface Temperature Product Product,2014-09-19T10:23:36.307554Z,LANDSAT_8,80.52,80.52,155.67364243,44.22099131,18
LC08_L2SP_196028_20140919_20200910_02_T1_ST,Landsat Collection 2 Level-2 Surface Temperature Product Product,2014-09-19T10:23:12.424989Z,LANDSAT_8,94.49,94.49,156.77287893,43.03866185,18
LE07_L2SP_197028_20140918_20200905_02_T1_ST,Landsat Collection 2 Level-2 Surface Temperature Product Product,2014-09-18T10:26:58.041505Z,LANDSAT_7,49.0,49.0,155.72446538,43.22824829,18
LE07_L2SP_196029_20140911_20200906_02_T1_ST,Landsat Collection 2 Level-2 Surface Temperature Product Product,2014-09-11T10:21:06.193724Z,LANDSAT_7,11.0,11.0,152.51082907,46.73981984,18
LE07_L2SP_196028_20140911_20200906_02_T1_ST,Landsat Collection 2 Level-2 Surface Temperature Product Product,2014-09-11T10:20:42.311465Z,LANDSAT_7,38.0,38.0,153.74717908,45.60755979,18
LC08_L2SP_197028_20140910_20200910_02_T1_ST,Landsat Collection 2 Level-2 Surface Temperature Product Product,2014-09-10T10:29:24.750809Z,LANDSAT_8,46.66,46.66,154.29615063,46.11546847,18
LC08_L2SP_196029_20140903_20200911_02_T1_ST,Landsat Collection 2 Level-2 Surface Temperature Product Product,2014-09-03T10:23:36.032864Z,LANDSAT_8,3.75,3.75,150.87737812,49.51993703,18
LC08_L2SP_196028_20140903_20200911_02_T1_ST,Landsat Collection 2 Level-2 Surface Temperature Product Product,2014-09-03T10:23:12.141827Z,LANDSAT_8,16.87,16.87,152.24905709,48.40953084,18
LE07_L2SP_197028_20140902_20200906_02_T1_ST,Landsat Collection 2 Level-2 Surface Temperature Product Product,2014-09-02T10:26:54.446003Z,LANDSAT_7,1.0,1.0,151.06086578,48.52365892,18
LE07_L2SP_196029_20140826_20200906_02_T2_ST,Landsat Collection 2 Level-2 Surface Temperature Product,2014-08-26T10:21:05.468727Z,LANDSAT_7,100.0,100.0,147.40480915,51.73562262,18
LE07_L2SP_196028_20140826_20200906_02_T2_ST,Landsat Collection 2 Level-2 Surface Temperature Product,2014-08-26T10:20:41.585474Z,LANDSAT_7,95.0,95.0,148.94370399,50.68132842,18
LC08_L2SP_197028_20140825_20200911_02_T1_ST,Landsat Collection 2 Level-2 Surface Temperature Product Product,2014-08-25T10:29:20.744176Z,LANDSAT_8,78.77,78.77,149.56161021,51.19459906,18
LC08_L2SP_196029_20140818_20200911_02_T1_ST,Landsat Collection 2 Level-2 Surface Temperature Product Product,2014-08-18T10:23:33.436872Z,LANDSAT_8,0.42,0.42,145.78849391,54.23680369,18
LC08_L2SP_196028_20140818_20200911_02_T1_ST,Landsat Collection 2 Level-2 Surface Temperature Product Product,2014-08-18T10:23:09.550072Z,LANDSAT_8,14.68,14.68,147.48502668,53.21099682,18
LE07_L2SP_197028_20140817_20200906_02_T1_ST,Landsat Collection 2 Level-2 Surface Temperature Product Product,2014-08-17T10:26:54.701728Z,LANDSAT_7,15.0,15.0,146.25525334,53.25542099,18
LE07_L2SP_196029_20140810_20200905_02_T1_ST,Landsat Collection 2 Level-2 Surface Temperature Product Product,2014-08-10T10:21:08.481170Z,LANDSAT_7,44.0,44.0,142.38671623,56.05367996,18
LE07_L2SP_196028_20140810_20200906_02_T1_ST,Landsat Collection 2 Level-2 Surface Temperature Product Product,2014-08-10T10:20:44.596518Z,LANDSAT_7,37.0,37.0,144.26524067,55.08782198,18
LC08_L2SP_197028_20140809_20200911_02_T1_ST,Landsat Collection 2 Level-2 Surface Temperature Product Product,2014-08-09T10:29:18.271420Z,LANDSAT_8,51.56,51.56,144.95137653,55.57713297,18
LC08_L2SP_196029_20140802_20200911_02_T1_ST,Landsat Collection 2 Level-2 Surface Temperature Product Product,2014-08-02T10:23:28.075149Z,LANDSAT_8,74.0,74.0,141.12536107,58.17063323,18
LC08_L2SP_196028_20140802_20200911_02_T1_ST,Landsat Collection 2 Level-2 Surface Temperature Product Product,2014-08-02T10:23:04.192584Z,LANDSAT_8,78.05,78.05,143.16882894,57.22849774,18
LE07_L2SP_197028_20140801_20200906_02_T1_ST,Landsat Collection 2 Level-2 Surface Temperature Product Product,2014-08-01T10:26:54.380155Z,LANDSAT_7,36.0,36.0,141.96077103,57.19771454,18
LE07_L2SP_196029_20140725_20200906_02_T1_ST,Landsat Collection 2 Level-2 Surface Temperature Product Product,2014-07-25T10:21:04.680016Z,LANDSAT_7,78.0,78.0,138.24657491,59.52412822,18
LE07_L2SP_196028_20140725_20200906_02_T1_ST,Landsat Collection 2 Level-2 Surface Temperature Product Product,2014-07-25T10:20:40.794707Z,LANDSAT_7,28.0,28.0,140.46183876,58.63593535,18
LC08_L2SP_197028_20140724_20200911_02_T1_ST,Landsat Collection 2 Level-2 Surface Temperature Product Product,2014-07-24T10:29:08.533780Z,LANDSAT_8,16.71,16.71,141.26438148,59.08480441,18
LC08_L2SP_196029_20140717_20200911_02_T1_ST,Landsat Collection 2 Level-2 Surface Temperature Product Product,2014-07-17T10:23:21.485772Z,LANDSAT_8,1.14,1.14,137.79366296,61.18116303,18
LC08_L2SP_196028_20140717_20200911_02_T1_ST,Landsat Collection 2 Level-2 Surface Temperature Product Product,2014-07-17T10:22:57.607443Z,LANDSAT_8,1.53,1.53,140.15141643,60.30179565,18
LE07_L2SP_197028_20140716_20200906_02_T1_ST,Landsat Collection 2 Level-2 Surface Temperature Product Product,2014-07-16T10:26:46.976907Z,LANDSAT_7,1.0,1.0,139.02017946,60.1916672,18
LE07_L2SP_196029_20140709_20200906_02_T1_ST,Landsat Collection 2 Level-2 Surface Temperature Product Product,2014-07-09T10:21:00.650532Z,LANDSAT_7,76.0,76.0,135.87061337,61.99744562,18
LE07_L2SP_196028_20140709_20200906_02_T2_ST,Landsat Collection 2 Level-2 Surface Temperature Product,2014-07-09T10:20:36.766496Z,LANDSAT_7,96.0,96.0,138.3452444,61.15729109,18
LC08_L2SP_197028_20140708_20200911_02_T1_ST,Landsat Collection 2 Level-2 Surface Temperature Product Product,2014-07-08T10:29:06.499445Z,LANDSAT_8,78.55,78.55,139.30204127,61.54156986,18
LC08_L2SP_196029_20140701_20200911_02_T1_ST,Landsat Collection 2 Level-2 Surface Temperature Product Product,2014-07-01T10:23:15.295883Z,LANDSAT_8,35.53,35.53,136.57322324,63.09025161,18
LC08_L2SP_196028_20140701_20200911_02_T1_ST,Landsat Collection 2 Level-2 Surface Temperature Product Product,2014-07-01T10:22:51.409082Z,LANDSAT_8,11.82,11.82,139.1371605,62.23326502,18
LE07_L2SP_197028_20140630_20200906_02_T1_ST,Landsat Collection 2 Level-2 Surface Temperature Product Product,2014-06-30T10:26:45.787296Z,LANDSAT_7,58.0,58.0,138.12715817,62.04568401,18
LE07_L2SP_196029_20140623_20200906_02_T1_ST,Landsat Collection 2 Level-2 Surface Temperature Product Product,2014-06-23T10:20:55.698760Z,LANDSAT_7,37.0,37.0,135.85586184,63.28272913,18
LE07_L2SP_196028_20140623_20200906_02_T1_ST,Landsat Collection 2 Level-2 Surface Temperature Product Product,2014-06-23T10:20:31.815956Z,LANDSAT_7,76.0,76.0,138.45840858,62.43892318,18
LC08_L2SP_197028_20140622_20200911_02_T1_ST,Landsat Collection 2 Level-2 Surface Temperature Product Product,2014-06-22T10:28:58.865776Z,LANDSAT_8,43.85,43.85,139.56644455,62.73434354,18
LC08_L2SP_196029_20140615_20200911_02_T1_ST,Landsat Collection 2 Level-2 Surface Temperature Product Product,2014-06-15T10:23:11.602430Z,LANDSAT_8,83.79,83.79,137.75376074,63.67374969,18
LC08_L2SP_196028_20140615_20200911_02_T1_ST,Landsat Collection 2 Level-2 Surface Temperature Product Product,2014-06-15T10:22:47.711393Z,LANDSAT_8,39.15,39.15,140.33903144,62.79241098,18
LE07_L2SP_197028_20140614_20200906_02_T1_ST,Landsat Collection 2 Level-2 Surface Temperature Product Product,2014-06-14T10:26:40.237443Z,LANDSAT_7,48.0,48.0,139.44849196,62.52325353,18
LE07_L2SP_196029_20140607_20200906_02_T1_ST,Landsat Collection 2 Level-2 Surface Temperature Product Product,2014-06-07T10:20:53.602246Z,LANDSAT_7,23.0,23.0,138.04593242,63.12016778,18
LE07_L2SP_196028_20140607_20200906_02_T1_ST,Landsat Collection 2 Level-2 Surface Temperature Product Product,2014-06-07T10:20:29.720602Z,LANDSAT_7,19.0,19.0,140.56876015,62.23260222,18
LC08_L2SP_197028_20140606_20200911_02_T1_ST,Landsat Collection 2 Level-2 Surface Temperature Product Product,2014-06-06T10:28:55.380135Z,LANDSAT_8,56.59,56.59,141.76850847,62.41124788,18
LC08_L2SP_196029_20140530_20200911_02_T1_ST,Landsat Collection 2 Level-2 Surface Temperature Product Product,2014-05-30T10:23:04.113630Z,LANDSAT_8,25.74,25.74,140.70367341,62.68518485,18
LC08_L2SP_196028_20140530_20200911_02_T1_ST,Landsat Collection 2 Level-2 Surface Temperature Product Product,2014-05-30T10:22:40.222593Z,LANDSAT_8,33.8,33.8,143.10522771,61.74738779,18
LE07_L2SP_197028_20140529_20200906_02_T1_ST,Landsat Collection 2 Level-2 Surface Temperature Product Product,2014-05-29T10:26:38.719229Z,LANDSAT_7,56.0,56.0,142.29685383,61.39335052,18
LE07_L2SP_196029_20140522_20200906_02_T1_ST,Landsat Collection 2 Level-2 Surface Temperature Product Product,2014-05-22T10:20:50.754600Z,LANDSAT_7,97.0,97.0,141.46799612,61.31878552,18
LE07_L2SP_196028_20140522_20200906_02_T1_ST,Landsat Collection 2 Level-2 Surface Temperature Product Product,2014-05-22T10:20:26.872552Z,LANDSAT_7,93.0,93.0,143.72442647,60.36942615,18
LC08_L2SP_197028_20140521_20200911_02_T1_ST,Landsat Collection 2 Level-2 Surface Temperature Product Product,2014-05-21T10:28:46.277455Z,LANDSAT_8,100.0,100.0,144.913944,60.41978528,18
LC08_L2SP_196029_20140514_20200911_02_T1_ST,Landsat Collection 2 Level-2 Surface Temperature Product Product,2014-05-14T10:23:02.775566Z,LANDSAT_8,36.44,36.44,144.12103814,60.01051369,18
LC08_L2SP_196028_20140514_20200911_02_T1_ST,Landsat Collection 2 Level-2 Surface Temperature Product Product,2014-05-14T10:22:38.897236Z,LANDSAT_8,76.74,76.74,146.20255497,59.01044408,18
LE07_L2SP_197028_20140513_20200906_02_T1_ST,Landsat Collection 2 Level-2 Surface Temperature Product Product,2014-05-13T10:26:34.356868Z,LANDSAT_7,66.0,66.0,145.51628773,58.59279472,18
LE07_L2SP_196029_20140506_20200906_02_T1_ST,Landsat Collection 2 Level-2 Surface Temperature Product Product,2014-05-06T10:20:42.136000Z,LANDSAT_7,78.0,78.0,144.85491416,57.88901704,18
LE07_L2SP_196028_20140506_20200906_02_T1_ST,Landsat Collection 2 Level-2 Surface Temperature Product Product,2014-05-06T10:20:18.252956Z,LANDSAT_7,100.0,100.0,146.77876925,56.87680752,18
LC08_L2SP_197028_20140505_20200911_02_T1_ST,Landsat Collection 2 Level-2 Surface Temperature Product Product,2014-05-05T10:28:54.626804Z,LANDSAT_8,0.44,0.44,147.87880701,56.81644662,18
LC08_L2SP_196029_20140428_20200911_02_T1_ST,Landsat Collection 2 Level-2 Surface Temperature Product Product,2014-04-28T10:23:16.551949Z,LANDSAT_8,65.53,65.53,147.27989114,55.86398208,18
LC08_L2SP_196028_20140428_20200911_02_T2_ST,Landsat Collection 2 Level-2 Surface Temperature Product,2014-04-28T10:22:52.669384Z,LANDSAT_8,97.36,97.36,149.01903263,54.81034665,18
LE07_L2SP_196029_20140420_20200906_02_T2_ST,Landsat Collection 2 Level-2 Surface Temperature Product,2014-04-20T10:20:38.289749Z,LANDSAT_7,98.0,98.0,147.53474371,53.0779954,18
LE07_L2SP_196028_20140420_20200906_02_T1_ST,Landsat Collection 2 Level-2 Surface Temperature Product Product,2014-04-20T10:20:14.404983Z,LANDSAT_7,66.0,66.0,149.13180316,52.02110084,18
LC08_L2SP_197028_20140419_20200911_02_T1_ST,Landsat Collection 2 Level-2 Surface Temperature Product Product,2014-04-19T10:29:10.719509Z,LANDSAT_8,44.95,44.95,150.24423694,51.90661557,18
LC08_L2SP_196029_20140412_20200911_02_T1_ST,Landsat Collection 2 Level-2 Surface Temperature Product Product,2014-04-12T10:23:31.588253Z,LANDSAT_8,8.71,8.71,149.59910711,50.52911122,18
LC08_L2SP_196028_20140412_20200911_02_T1_ST,Landsat Collection 2 Level-2 Surface Temperature Product Product,2014-04-12T10:23:07.701452Z,LANDSAT_8,19.02,19.02,151.03565916,49.4382731,18
LE07_L2SP_197028_20140411_20200906_02_T1_ST,Landsat Collection 2 Level-2 Surface Temperature Product Product,2014-04-11T10:26:17.237786Z,LANDSAT_7,19.0,19.0,150.127291,48.8433065,18
LE07_L2SP_196029_20140404_20200906_02_T1_ST,Landsat Collection 2 Level-2 Surface Temperature Product Product,2014-04-04T10:20:28.139722Z,LANDSAT_7,84.0,84.0,149.461707,47.2941991,18
LE07_L2SP_196028_20140404_20200906_02_T1_ST,Landsat Collection 2 Level-2 Surface Temperature Product Product,2014-04-04T10:20:04.255057Z,LANDSAT_7,66.0,66.0,150.78269382,46.20712434,18
LC08_L2SP_196029_20140327_20200911_02_T1_ST,Landsat Collection 2 Level-2 Surface Temperature Product Product,2014-03-27T10:23:44.218448Z,LANDSAT_8,19.31,19.31,151.29186926,44.45839722,18
LC08_L2SP_196028_20140327_20200911_02_T1_ST,Landsat Collection 2 Level-2 Surface Temperature Product Product,2014-03-27T10:23:20.335883Z,LANDSAT_8,30.16,30.16,152.4801769,43.34196096,18
LE07_L2SP_197028_20140326_20200906_02_T1_ST,Landsat Collection 2 Level-2 Surface Temperature Product Product,2014-03-26T10:26:11.475808Z,LANDSAT_7,70.0,70.0,151.52258223,42.69511129,18
LE07_L2SP_196029_20140319_20200906_02_T1_ST,Landsat Collection 2 Level-2 Surface Temperature Product Product,2014-03-19T10:20:23.111724Z,LANDSAT_7,13.0,13.0,150.95767493,41.02121382,18
LE07_L2SP_196028_20140319_20200906_02_T1_ST,Landsat Collection 2 Level-2 Surface Temperature Product Product,2014-03-19T10:19:59.227122Z,LANDSAT_7,9.0,9.0,152.05243945,39.91107905,18
LC08_L2SP_197028_20140318_20200911_02_T1_ST,Landsat Collection 2 Level-2 Surface Temperature Product Product,2014-03-18T10:29:43.740408Z,LANDSAT_8,8.92,8.92,153.1735322,39.77776307,18
LC08_L2SP_196029_20140311_20200912_02_T1_ST,Landsat Collection 2 Level-2 Surface Temperature Product Product,2014-03-11T10:24:01.996299Z,LANDSAT_8,55.42,55.42,152.72008786,38.14597843,18
LC08_L2SP_196028_20140311_20200911_02_T1_ST,Landsat Collection 2 Level-2 Surface Temperature Product Product,2014-03-11T10:23:38.113735Z,LANDSAT_8,39.94,39.94,153.70952653,37.00838185,18
LE07_L2SP_197028_20140310_20200906_02_T1_ST,Landsat Collection 2 Level-2 Surface Temperature Product Product,2014-03-10T10:26:04.751311Z,LANDSAT_7,1.0,1.0,152.72883066,36.34615204,18
LE07_L2SP_196029_20140303_20200906_02_T1_ST,Landsat Collection 2 Level-2 Surface Temperature Product Product,2014-03-03T10:20:15.044526Z,LANDSAT_7,100.0,100.0,152.37445731,34.76400728,18
LE07_L2SP_196028_20140303_20200906_02_T2_ST,Landsat Collection 2 Level-2 Surface Temperature Product,2014-03-03T10:19:51.160731Z,LANDSAT_7,99.0,99.0,153.29013549,33.63253914,18
LC08_L2SP_197028_20140302_20200911_02_T1_ST,Landsat Collection 2 Level-2 Surface Temperature Product Product,2014-03-02T10:29:52.025727Z,LANDSAT_8,28.98,28.98,154.43971792,33.53305542,18
LC08_L2SP_196029_20140223_20200911_02_T1_ST,Landsat Collection 2 Level-2 Surface Temperature Product Product,2014-02-23T10:24:14.449818Z,LANDSAT_8,3.52,3.52,154.23307665,32.10371703,18
LC08_L2SP_196028_20140223_20200911_02_T1_ST,Landsat Collection 2 Level-2 Surface Temperature Product Product,2014-02-23T10:23:50.575725Z,LANDSAT_8,15.89,15.89,155.06393781,30.94435206,18
LE07_L2SP_197028_20140222_20200906_02_T1_ST,Landsat Collection 2 Level-2 Surface Temperature Product Product,2014-02-22T10:25:58.558887Z,LANDSAT_7,60.0,60.0,154.07976399,30.30178857,18
LE07_L2SP_196029_20140215_20200906_02_T1_ST,Landsat Collection 2 Level-2 Surface Temperature Product Product,2014-02-15T10:20:14.549650Z,LANDSAT_7,95.0,95.0,153.98971561,29.0364679,18
LE07_L2SP_196028_20140215_20200906_02_T2_ST,Landsat Collection 2 Level-2 Surface Temperature Product,2014-02-15T10:19:50.667436Z,LANDSAT_7,100.0,100.0,154.76094172,27.88444191,18
LE07_L2SP_197028_20140206_20200907_02_T1_ST,Landsat Collection 2 Level-2 Surface Temperature Product Product,2014-02-06T10:26:09.523286Z,LANDSAT_7,91.0,91.0,155.73764438,25.07242085,18
LE07_L2SP_196029_20140130_20200907_02_T2_ST,Landsat Collection 2 Level-2 Surface Temperature Product,2014-01-30T10:20:20.162724Z,LANDSAT_7,100.0,100.0,155.90198601,24.34584202,18
LE07_L2SP_196028_20140130_20200906_02_T2_ST,Landsat Collection 2 Level-2 Surface Temperature Product,2014-01-30T10:19:56.280854Z,LANDSAT_7,100.0,100.0,156.56898696,23.16203447,18
LC08_L2SP_196029_20140122_20200912_02_T1_ST,Landsat Collection 2 Level-2 Surface Temperature Product Product,2014-01-22T10:24:37.368171Z,LANDSAT_8,22.35,22.35,158.11345396,22.84428954,18
LC08_L2SP_196028_20140122_20200912_02_T1_ST,Landsat Collection 2 Level-2 Surface Temperature Product Product,2014-01-22T10:24:13.481370Z,LANDSAT_8,35.34,35.34,158.7343594,21.62971271,18
LE07_L2SP_197028_20140121_20200906_02_T1_ST,Landsat Collection 2 Level-2 Surface Temperature Product Product,2014-01-21T10:25:58.327297Z,LANDSAT_7,87.0,87.0,157.74591099,21.1374799,18
LE07_L2SP_196029_20140114_20200906_02_T2_ST,Landsat Collection 2 Level-2 Surface Temperature Product,2014-01-14T10:20:02.343355Z,LANDSAT_7,67.0,67.0,158.10345669,21.14342347,18
LE07_L2SP_196028_20140114_20200907_02_T1_ST,Landsat Collection 2 Level-2 Surface Temperature Product Product,2014-01-14T10:19:38.460677Z,LANDSAT_7,81.0,81.0,158.69776716,19.92909221,18
LC08_L2SP_197028_20140113_20200912_02_T2_ST,Landsat Collection 2 Level-2 Surface Temperature Product,2014-01-13T10:30:27.637780Z,LANDSAT_8,97.56,97.56,159.96311361,20.0678403,18
LC08_L2SP_196029_20140106_20200912_02_T1_ST,Landsat Collection 2 Level-2 Surface Temperature Product Product,2014-01-06T10:24:48.653684Z,LANDSAT_8,77.68,77.68,160.36416659,20.48894346,18
LC08_L2SP_196028_20140106_20200912_02_T1_ST,Landsat Collection 2 Level-2 Surface Temperature Product Product,2014-01-06T10:24:24.766883Z,LANDSAT_8,91.91,91.91,160.93017694,19.24461448,18
LE07_L2SP_197028_20140105_20200907_02_T1_ST,Landsat Collection 2 Level-2 Surface Temperature Product Product,2014-01-05T10:25:42.728275Z,LANDSAT_7,33.0,33.0,159.9264982,18.88257015,18
LE07_L2SP_196029_20131229_20200907_02_T1_ST,Landsat Collection 2 Level-2 Surface Temperature Product Product,2013-12-29T10:19:54.673948Z,LANDSAT_7,20.0,20.0,160.30333415,19.72610157,18
LE07_L2SP_196028_20131229_20200906_02_T1_ST,Landsat Collection 2 Level-2 Surface Temperature Product Product,2013-12-29T10:19:30.789931Z,LANDSAT_7,48.0,48.0,160.85955225,18.48213857,18
LC08_L2SP_197028_20131228_20200912_02_T2_ST,Landsat Collection 2 Level-2 Surface Temperature Product,2013-12-28T10:30:41.587952Z,LANDSAT_8,97.13,97.13,162.14643819,18.7196101,18
LC08_L2SP_196029_20131221_20200912_02_T1_ST,Landsat Collection 2 Level-2 Surface Temperature Product Product,2013-12-21T10:24:56.647987Z,LANDSAT_8,76.32,76.32,162.47808383,20.00144974,18
LC08_L2SP_196028_20131221_20200912_02_T1_ST,Landsat Collection 2 Level-2 Surface Temperature Product Product,2013-12-21T10:24:32.761187Z,LANDSAT_8,38.83,38.83,163.0206234,18.73059105,18
LE07_L2SP_197028_20131220_20200906_02_T2_ST,Landsat Collection 2 Level-2 Surface Temperature Product,2013-12-20T10:25:36.969846Z,LANDSAT_7,98.0,98.0,161.95355444,18.50593921,18
LE07_L2SP_196029_20131213_20200907_02_T1_ST,Landsat Collection 2 Level-2 Surface Temperature Product Product,2013-12-13T10:19:49.734947Z,LANDSAT_7,19.0,19.0,162.13867536,20.20433302,18
LE07_L2SP_196028_20131213_20200907_02_T1_ST,Landsat Collection 2 Level-2 Surface Temperature Product Product,2013-12-13T10:19:25.849578Z,LANDSAT_7,27.0,27.0,162.68765101,18.93715445,18
LC08_L2SP_197028_20131212_20200912_02_T1_ST,Landsat Collection 2 Level-2 Surface Temperature Product Product,2013-12-12T10:30:50.496973Z,LANDSAT_8,39.21,39.21,163.99796881,19.27726266,18
LC08_L2SP_196029_20131205_20200912_02_T1_ST,Landsat Collection 2 Level-2 Surface Temperature Product Product,2013-12-05T10:25:06.349221Z,LANDSAT_8,29.58,29.58,164.0582513,21.39053704,18
LC08_L2SP_196028_20131205_20200912_02_T1_ST,Landsat Collection 2 Level-2 Surface Temperature Product Product,2013-12-05T10:24:42.466656Z,LANDSAT_8,42.8,42.8,164.60661528,20.10098989,18
LE07_L2SP_197028_20131204_20200907_02_T1_ST,Landsat Collection 2 Level-2 Surface Temperature Product Product,2013-12-04T10:25:36.108182Z,LANDSAT_7,5.0,5.0,163.42471398,20.00434708,18
LE07_L2SP_196029_20131127_20200907_02_T1_ST,Landsat Collection 2 Level-2 Surface Temperature Product Product,2013-11-27T10:19:45.458868Z,LANDSAT_7,26.0,26.0,163.22744154,22.47812542,18
LE07_L2SP_196028_20131127_20200907_02_T1_ST,Landsat Collection 2 Level-2 Surface Temperature Product Product,2013-11-27T10:19:21.572321Z,LANDSAT_7,5.0,5.0,163.79858561,21.19782646,18
LC08_L2SP_197028_20131126_20200912_02_T1_ST,Landsat Collection 2 Level-2 Surface Temperature Product Product,2013-11-26T10:30:52.462347Z,LANDSAT_8,46.24,46.24,165.14293118,21.63251548,18
LE07_L2SP_196029_20131111_20200907_02_T1_ST,Landsat Collection 2 Level-2 Surface Temperature Product Product,2013-11-11T10:19:39.427085Z,LANDSAT_7,17.0,17.0,163.23828199,26.23865087,18
LE07_L2SP_196028_20131111_20200907_02_T1_ST,Landsat Collection 2 Level-2 Surface Temperature Product Product,2013-11-11T10:19:15.541590Z,LANDSAT_7,17.0,17.0,163.86279444,24.95769898,18
LC08_L2SP_197028_20131110_20200912_02_T1_ST,Landsat Collection 2 Level-2 Surface Temperature Product Product,2013-11-10T10:31:00.375025Z,LANDSAT_8,87.21,87.21,165.25643415,25.48126185,18
LC08_L2SP_196029_20131103_20200912_02_T1_ST,Landsat Collection 2 Level-2 Surface Temperature Product Product,2013-11-03T10:25:13.757048Z,LANDSAT_8,90.22,90.22,164.28853545,28.82579008,18
LC08_L2SP_196028_20131103_20200912_02_T1_ST,Landsat Collection 2 Level-2 Surface Temperature Product Product,2013-11-03T10:24:49.882955Z,LANDSAT_8,80.42,80.42,164.93807087,27.53341831,18
LE07_L2SP_196029_20131026_20200907_02_T1_ST,Landsat Collection 2 Level-2 Surface Temperature Product Product,2013-10-26T10:19:33.123721Z,LANDSAT_7,22.0,22.0,161.99167761,31.07211641,18
LE07_L2SP_196028_20131026_20200907_02_T1_ST,Landsat Collection 2 Level-2 Surface Temperature Product Product,2013-10-26T10:19:09.240432Z,LANDSAT_7,23.0,23.0,162.70651842,29.80588848,18
LC08_L2SP_197028_20131025_20200912_02_T1_ST,Landsat Collection 2 Level-2 Surface Temperature Product Product,2013-10-25T10:31:01.505593Z,LANDSAT_8,89.52,89.52,164.1742289,30.40798703,18
LC08_L2SP_196029_20131018_20200912_02_T1_ST,Landsat Collection 2 Level-2 Surface Temperature Product Product,2013-10-18T10:25:19.526098Z,LANDSAT_8,53.73,53.73,162.55072162,34.05610326,18
LC08_L2SP_196028_20131018_20200912_02_T1_ST,Landsat Collection 2 Level-2 Surface Temperature Product Product,2013-10-18T10:24:55.643533Z,LANDSAT_8,32.85,32.85,163.3073151,32.7832993,18
LE07_L2SP_196029_20131010_20200907_02_T1_ST,Landsat Collection 2 Level-2 Surface Temperature Product Product,2013-10-10T10:19:26.223400Z,LANDSAT_7,94.0,94.0,159.4270942,36.50295897,18
LE07_L2SP_196028_20131010_20200907_02_T2_ST,Landsat Collection 2 Level-2 Surface Temperature Product,2013-10-10T10:19:02.341286Z,LANDSAT_7,100.0,100.0,160.27795913,35.26890114,18
LC08_L2SP_197028_20131009_20200912_02_T2_ST,Landsat Collection 2 Level-2 Surface Temperature Product,2013-10-09T10:31:09.282053Z,LANDSAT_8,99.94,99.94,161.85134591,35.94537563,18
LE07_L2SP_196029_20130924_20200907_02_T1_ST,Landsat Collection 2 Level-2 Surface Temperature Product Product,2013-09-24T10:19:12.366014Z,LANDSAT_7,1.0,1.0,155.66102869,42.09594296,18
LE07_L2SP_196028_20130924_20200907_02_T1_ST,Landsat Collection 2 Level-2 Surface Temperature Product Product,2013-09-24T10:18:48.484448Z,LANDSAT_7,2.0,2.0,156.70422993,40.91358786,18
LC08_L2SP_197028_20130923_20200912_02_T1_ST,Landsat Collection 2 Level-2 Surface Temperature Product Product,2013-09-23T10:31:10.135623Z,LANDSAT_8,11.15,11.15,158.41623558,41.66047462,18
LC08_L2SP_196029_20130916_20200912_02_T1_ST,Landsat Collection 2 Level-2 Surface Temperature Product Product,2013-09-16T10:25:27.141604Z,LANDSAT_8,94.37,94.37,155.48704689,45.29605437,18
LC08_L2SP_196028_20130916_20200913_02_T2_ST,Landsat Collection 2 Level-2 Surface Temperature Product,2013-09-16T10:25:03.259040Z,LANDSAT_8,99.94,99.94,156.61963834,44.11614393,18
LE07_L2SP_196029_20130908_20200907_02_T1_ST,Landsat Collection 2 Level-2 Surface Temperature Product Product,2013-09-08T10:19:03.698717Z,LANDSAT_7,77.0,77.0,150.94185235,47.46535567,18
LE07_L2SP_196028_20130908_20200907_02_T2_ST,Landsat Collection 2 Level-2 Surface Temperature Product,2013-09-08T10:18:39.815932Z,LANDSAT_7,96.0,96.0,152.23373418,46.35711774,18
LC08_L2SP_197028_20130907_20200913_02_T1_ST,Landsat Collection 2 Level-2 Surface Temperature Product Product,2013-09-07T10:31:17.453023Z,LANDSAT_8,97.6,97.6,154.126148,47.16927705,18
LC08_L2SP_196029_20130831_20200912_02_T1_ST,Landsat Collection 2 Level-2 Surface Temperature Product Product,2013-08-31T10:25:31.779883Z,LANDSAT_8,5.03,5.03,150.67677052,50.54568706,18
LC08_L2SP_196028_20130831_20200913_02_T1_ST,Landsat Collection 2 Level-2 Surface Temperature Product Product,2013-08-31T10:25:07.888846Z,LANDSAT_8,8.76,8.76,152.09141685,49.43811203,18
LE07_L2SP_197028_20130830_20200907_02_T1_ST,Landsat Collection 2 Level-2 Surface Temperature Product Product,2013-08-30T10:24:43.365563Z,LANDSAT_7,9.0,9.0,149.50142242,49.21753227,18
LE07_L2SP_196029_20130823_20200907_02_T1_ST,Landsat Collection 2 Level-2 Surface Temperature Product Product,2013-08-23T10:18:51.767713Z,LANDSAT_7,6.0,6.0,145.73099105,52.32736278,18
LE07_L2SP_196028_20130823_20200907_02_T1_ST,Landsat Collection 2 Level-2 Surface Temperature Product Product,2013-08-23T10:18:27.882984Z,LANDSAT_7,6.0,6.0,147.33683788,51.30270282,18
LC08_L2SP_197028_20130822_20200912_02_T1_ST,Landsat Collection 2 Level-2 Surface Temperature Product Product,2013-08-22T10:31:18.300615Z,LANDSAT_8,0.0,0.0,149.43867252,52.17471393,18
LC08_L2SP_196029_20130815_20200912_02_T1_ST,Landsat Collection 2 Level-2 Surface Temperature Product Product,2013-08-15T10:25:29.031465Z,LANDSAT_8,3.05,3.05,145.66872923,55.16932894,18
LC08_L2SP_196028_20130815_20200912_02_T1_ST,Landsat Collection 2 Level-2 Surface Temperature Product Product,2013-08-15T10:25:05.140428Z,LANDSAT_8,1.01,1.01,147.41597043,54.14479306,18
LE07_L2SP_197028_20130814_20200907_02_T1_ST,Landsat Collection 2 Level-2 Surface Temperature Product Product,2013-08-14T10:24:32.111715Z,LANDSAT_7,11.0,11.0,144.62893108,53.77806032,18
LC08_L2SP_197028_20130806_20200912_02_T1_ST,Landsat Collection 2 Level-2 Surface Temperature Product Product,2013-08-06T10:31:16.720920Z,LANDSAT_8,61.51,61.51,145.00156109,56.44810589,18
LC08_L2SP_196029_20130730_20200912_02_T1_ST,Landsat Collection 2 Level-2 Surface Temperature Product Product,2013-07-30T10:25:28.946831Z,LANDSAT_8,12.74,12.74,141.24780731,58.9893136,18
LC08_L2SP_196028_20130730_20200912_02_T1_ST,Landsat Collection 2 Level-2 Surface Temperature Product Product,2013-07-30T10:25:05.060030Z,LANDSAT_8,35.16,35.16,143.34361792,58.04381394,18
LE07_L2SP_196029_20130722_20200907_02_T1_ST,Landsat Collection 2 Level-2 Surface Temperature Product Product,2013-07-22T10:18:49.086393Z,LANDSAT_7,8.0,8.0,136.77926218,59.74943628,18
LE07_L2SP_196028_20130722_20200907_02_T1_ST,Landsat Collection 2 Level-2 Surface Temperature Product Product,2013-07-22T10:18:25.200679Z,LANDSAT_7,9.0,9.0,139.04769694,58.88964834,18
LC08_L2SP_197028_20130721_20200912_02_T1_ST,Landsat Collection 2 Level-2 Surface Temperature Product Product,2013-07-21T10:31:13.179556Z,LANDSAT_8,1.96,1.96,141.6266439,59.81275042,18
LC08_L2SP_196029_20130714_20200912_02_T1_ST,Landsat Collection 2 Level-2 Surface Temperature Product Product,2013-07-14T10:25:28.234422Z,LANDSAT_8,14.3,14.3,138.29209818,61.84337547,18
LC08_L2SP_196028_20130714_20200912_02_T1_ST,Landsat Collection 2 Level-2 Surface Temperature Product Product,2013-07-14T10:25:04.360329Z,LANDSAT_8,3.25,3.25,140.69090724,60.95327658,18
LE07_L2SP_197028_20130713_20200907_02_T1_ST,Landsat Collection 2 Level-2 Surface Temperature Product Product,2013-07-13T10:24:39.573955Z,LANDSAT_7,1.0,1.0,137.81559307,60.34342295,18
LE07_L2SP_196028_20130706_20200907_02_T1_ST,Landsat Collection 2 Level-2 Surface Temperature Product Product,2013-07-06T10:18:32.574979Z,LANDSAT_7,6.0,6.0,137.33392596,61.2275082,18
LC08_L2SP_197028_20130705_20200912_02_T1_ST,Landsat Collection 2 Level-2 Surface Temperature Product Product,2013-07-05T10:31:15.197288Z,LANDSAT_8,58.05,58.05,140.10635913,62.08655625,18
LC08_L2SP_196029_20130628_20200912_02_T1_ST,Landsat Collection 2 Level-2 Surface Temperature Product Product,2013-06-28T10:25:26.576188Z,LANDSAT_8,85.42,85.42,137.56471377,63.55916786,18
LC08_L2SP_196028_20130628_20200912_02_T1_ST,Landsat Collection 2 Level-2 Surface Temperature Product Product,2013-06-28T10:25:02.693623Z,LANDSAT_8,95.75,95.75,140.14300456,62.68158485,18
LC08_L2SP_197028_20130619_20200912_02_T1_ST,Landsat Collection 2 Level-2 Surface Temperature Product Product,2013-06-19T10:31:12.008530Z,LANDSAT_8,83.26,83.26,140.80341493,63.03863835,18
LC08_L2SP_196029_20130612_20200912_02_T1_ST,Landsat Collection 2 Level-2 Surface Temperature Product Product,2013-06-12T10:25:29.012480Z,LANDSAT_8,6.25,6.25,139.17173629,63.88574128,18
LC08_L2SP_196028_20130612_20200912_02_T1_ST,Landsat Collection 2 Level-2 Surface Temperature Product Product,2013-06-12T10:25:05.129915Z,LANDSAT_8,31.38,31.38,141.73097847,62.97632396,18
LE07_L2SP_197028_20130611_20200907_02_T1_ST,Landsat Collection 2 Level-2 Surface Temperature Product Product,2013-06-11T10:24:56.650603Z,LANDSAT_7,83.0,83.0,139.07534847,62.23668849,18
LE07_L2SP_196029_20130604_20200907_02_T1_ST,Landsat Collection 2 Level-2 Surface Temperature Product Product,2013-06-04T10:19:10.707295Z,LANDSAT_7,18.0,18.0,137.83672211,62.72312348,18
LE07_L2SP_196028_20130604_20200907_02_T1_ST,Landsat Collection 2 Level-2 Surface Temperature Product Product,2013-06-04T10:18:46.827230Z,LANDSAT_7,27.0,27.0,140.32822312,61.83948138,18
LC08_L2SP_197028_20130603_20200912_02_T1_ST,Landsat Collection 2 Level-2 Surface Temperature Product Product,2013-06-03T10:31:18.943342Z,LANDSAT_8,27.45,27.45,143.30609639,62.43232585,18
LC08_L2SP_196029_20130527_20200913_02_T1_ST,Landsat Collection 2 Level-2 Surface Temperature Product Product,2013-05-27T10:25:32.315408Z,LANDSAT_8,5.38,5.38,142.34313798,62.60356575,18
LC08_L2SP_196028_20130527_20200912_02_T1_ST,Landsat Collection 2 Level-2 Surface Temperature Product Product,2013-05-27T10:25:08.424371Z,LANDSAT_8,7.87,7.87,144.68425796,61.63479668,18
LE07_L2SP_197028_20130526_20200907_02_T1_ST,Landsat Collection 2 Level-2 Surface Temperature Product Product,2013-05-26T10:25:04.818875Z,LANDSAT_7,68.0,68.0,142.15731482,60.85126269,18
LE07_L2SP_196029_20130519_20200907_02_T1_ST,Landsat Collection 2 Level-2 Surface Temperature Product Product,2013-05-19T10:19:21.035691Z,LANDSAT_7,87.0,87.0,141.41618037,60.66576253,18
LE07_L2SP_196028_20130519_20200907_02_T1_ST,Landsat Collection 2 Level-2 Surface Temperature Product Product,2013-05-19T10:18:57.154067Z,LANDSAT_7,91.0,91.0,143.62912254,59.71461289,18
LC08_L2SP_196029_20130511_20200912_02_T1_ST,Landsat Collection 2 Level-2 Surface Temperature Product Product,2013-05-11T10:25:23.919953Z,LANDSAT_8,47.28,47.28,145.78326846,59.65219721,18
LC08_L2SP_196028_20130511_20200913_02_T2_ST,Landsat Collection 2 Level-2 Surface Temperature Product,2013-05-11T10:25:00.033152Z,LANDSAT_8,90.66,90.66,147.7941033,58.62350751,18
LE07_L2SP_197028_20130510_20200907_02_T1_ST,Landsat Collection 2 Level-2 Surface Temperature Product Product,2013-05-10T10:25:08.255859Z,LANDSAT_7,67.0,67.0,145.43702153,57.80326742,18
LE07_L2SP_196029_20130503_20200907_02_T1_ST,Landsat Collection 2 Level-2 Surface Temperature Product Product,2013-05-03T10:19:23.506721Z,LANDSAT_7,67.0,67.0,144.83196073,57.00153828,18
LE07_L2SP_196028_20130503_20200907_02_T1_ST,Landsat Collection 2 Level-2 Surface Temperature Product Product,2013-05-03T10:18:59.622580Z,LANDSAT_7,95.0,95.0,146.69587956,55.9927991,18
LC08_L2SP_197028_20130502_20200913_02_T1_ST,Landsat Collection 2 Level-2 Surface Temperature Product Product,2013-05-02T10:31:03.703848Z,LANDSAT_8,69.99,69.99,149.28941649,56.26652575,18
LC08_L2SP_196029_20130425_20200912_02_T1_ST,Landsat Collection 2 Level-2 Surface Temperature Product Product,2013-04-25T10:25:14.390677Z,LANDSAT_8,51.71,51.71,148.59552754,55.22277972,18
LC08_L2SP_196028_20130425_20200913_02_T1_ST,Landsat Collection 2 Level-2 Surface Temperature Product Product,2013-04-25T10:24:50.508112Z,LANDSAT_8,2.96,2.96,150.26961942,54.14813085,18
LE07_L2SP_197028_20130424_20200907_02_T1_ST,Landsat Collection 2 Level-2 Surface Temperature Product Product,2013-04-24T10:25:10.252756Z,LANDSAT_7,0.0,0.0,148.09904486,53.3015414,18
LE07_L2SP_196029_20130417_20200907_02_T1_ST,Landsat Collection 2 Level-2 Surface Temperature Product Product,2013-04-17T10:19:27.384609Z,LANDSAT_7,3.0,3.0,147.4671904,52.01753627,18
LE07_L2SP_196028_20130417_20200907_02_T1_ST,Landsat Collection 2 Level-2 Surface Temperature Product Product,2013-04-17T10:19:03.499140Z,LANDSAT_7,3.0,3.0,149.01624004,50.96177378,18
LC08_L2SP_197028_20130416_20200913_02_T1_ST,Landsat Collection 2 Level-2 Surface Temperature Product Product,2013-04-16T10:31:04.974145Z,LANDSAT_8,19.45,19.45,151.30661921,51.12402327,18
LC08_L2SP_197028_20130409_20200912_02_T1_ST,Landsat Collection 2 Level-2 Surface Temperature Product Product,2013-04-09T10:30:29.465446Z,LANDSAT_8,83.97,83.97,151.97460043,48.58176341,18
LC08_L2SP_197028_20130404_20200912_02_T1_ST,Landsat Collection 2 Level-2 Surface Temperature Product Product,2013-04-04T10:30:49.476632Z,LANDSAT_8,70.89,70.89,152.33428151,46.67550989,18
LE07_L2SP_196029_20130401_20200907_02_T1_ST,Landsat Collection 2 Level-2 Surface Temperature Product Product,2013-04-01T10:19:31.846030Z,LANDSAT_7,86.0,86.0,149.39214667,46.1382789,18
LE07_L2SP_196028_20130401_20200907_02_T1_ST,Landsat Collection 2 Level-2 Surface Temperature Product Product,2013-04-01T10:19:07.960066Z,LANDSAT_7,25.0,25.0,150.67290314,45.05216399,18
LE07_L2SP_196029_20130316_20200908_02_T1_ST,Landsat Collection 2 Level-2 Surface Temperature Product Product,2013-03-16T10:19:36.335223Z,LANDSAT_7,20.0,20.0,150.93423792,39.84947647,18
LE07_L2SP_196028_20130316_20200908_02_T1_ST,Landsat Collection 2 Level-2 Surface Temperature Product Product,2013-03-16T10:19:12.451259Z,LANDSAT_7,19.0,19.0,151.99649601,38.73968663,18
LE07_L2SP_197028_20130307_20200908_02_T1_ST,Landsat Collection 2 Level-2 Surface Temperature Product Product,2013-03-07T10:25:24.755873Z,LANDSAT_7,63.0,63.0,152.73106263,35.20433928,18
LE07_L2SP_196029_20130228_20200908_02_T1_ST,Landsat Collection 2 Level-2 Surface Temperature Product Product,2013-02-28T10:19:37.443187Z,LANDSAT_7,13.0,13.0,152.44479733,33.66589947,18
LE07_L2SP_196028_20130228_20200908_02_T1_ST,Landsat Collection 2 Level-2 Surface Temperature Product Product,2013-02-28T10:19:13.561059Z,LANDSAT_7,22.0,22.0,153.33326749,32.53305419,18
LE07_L2SP_197028_20130219_20200908_02_T1_ST,Landsat Collection 2 Level-2 Surface Temperature Product Product,2013-02-19T10:25:26.923854Z,LANDSAT_7,28.0,28.0,154.18289724,29.28022904,18
